[1,["10HIGlYbVCYYMmBdFccQDa"],0,[["sp.SkeletonData",["_name","_atlasText","textureNames","_skeletonJson","textures"],-1,3]],[[0,0,1,2,3,4,5]],[[0,"Phantom_intro","\nPhantom_intro.png\nsize: 680,680\nformat: RGBA8888\nfilter: Linear,Linear\nrepeat: none\nArm_1\n  rotate: false\n  xy: 491, 263\n  size: 63, 93\n  orig: 63, 94\n  offset: 0, 0\n  index: -1\nArm_2\n  rotate: true\n  xy: 118, 5\n  size: 63, 93\n  orig: 63, 94\n  offset: 0, 0\n  index: -1\nBack Coat copy\n  rotate: false\n  xy: 367, 32\n  size: 122, 324\n  orig: 137, 324\n  offset: 0, 0\n  index: -1\nBody copy\n  rotate: true\n  xy: 491, 115\n  size: 146, 180\n  orig: 146, 180\n  offset: 0, 0\n  index: -1\nForearm_1\n  rotate: false\n  xy: 97, 70\n  size: 89, 91\n  orig: 89, 91\n  offset: 0, 0\n  index: -1\nForearm_1_1\n  rotate: false\n  xy: 491, 2\n  size: 82, 39\n  orig: 82, 48\n  offset: 0, 9\n  index: -1\nForearm_2\n  rotate: false\n  xy: 188, 70\n  size: 89, 91\n  orig: 89, 91\n  offset: 0, 0\n  index: -1\nForearm_2_1\n  rotate: false\n  xy: 575, 2\n  size: 82, 39\n  orig: 82, 48\n  offset: 0, 9\n  index: -1\nGlow\n  rotate: true\n  xy: 659, 588\n  size: 89, 16\n  orig: 93, 18\n  offset: 2, 1\n  index: -1\nHand_1\n  rotate: true\n  xy: 2, 10\n  size: 45, 114\n  orig: 45, 159\n  offset: 0, 5\n  index: -1\nHand_2\n  rotate: true\n  xy: 213, 23\n  size: 45, 114\n  orig: 45, 159\n  offset: 0, 5\n  index: -1\nL_Coat copy\n  rotate: true\n  xy: 2, 163\n  size: 193, 363\n  orig: 193, 363\n  offset: 0, 0\n  index: -1\nR_Coat copy\n  rotate: false\n  xy: 561, 337\n  size: 96, 340\n  orig: 96, 340\n  offset: 0, 0\n  index: -1\nRectangle 1\n  rotate: false\n  xy: 2, 358\n  size: 557, 319\n  orig: 557, 319\n  offset: 0, 0\n  index: -1\neyes_1\n  rotate: false\n  xy: 659, 552\n  size: 15, 15\n  orig: 17, 16\n  offset: 1, 0\n  index: -1\neyes_2\n  rotate: false\n  xy: 659, 569\n  size: 18, 17\n  orig: 20, 19\n  offset: 1, 1\n  index: -1\nface\n  rotate: false\n  xy: 556, 263\n  size: 82, 72\n  orig: 82, 72\n  offset: 0, 0\n  index: -1\nhat\n  rotate: true\n  xy: 2, 57\n  size: 104, 93\n  orig: 104, 93\n  offset: 0, 0\n  index: -1\nscarf\n  rotate: false\n  xy: 491, 43\n  size: 170, 70\n  orig: 175, 70\n  offset: 0, 0\n  index: -1\n",["Phantom_intro.png"],{"skeleton":{"hash":"7HqTvzxAeJ1G5i6zlS5fM3R+KEA","spine":"3.8.99","x":-407.35,"y":-141.96,"width":834.51,"height":1409.66,"images":"./images/","audio":"F:/GAMEE/Mystery Manor/Characters/Phantom_intro"},"bones":[{"name":"root","scaleX":0.4091,"scaleY":0.4091},{"name":"All","parent":"root"},{"name":"Body","parent":"All","length":218.15,"rotation":92.23,"x":-0.75,"y":1825.37},{"name":"Body1","parent":"Body","length":220.84,"rotation":-1.5,"x":218.15},{"name":"Body2","parent":"Body1","length":246.36,"rotation":-2.05,"x":220.84},{"name":"Head","parent":"Body2","length":513.74,"rotation":2.08,"x":243.65,"y":4.71},{"name":"R_UpperArm","parent":"Body2","length":554.16,"rotation":-154.82,"x":187.37,"y":-340.25,"scaleX":1.0198,"scaleY":1.0198},{"name":"R_LowerArm","parent":"R_UpperArm","length":499.98,"rotation":6.53,"x":552.32,"y":-0.05,"scaleX":0.8057,"scaleY":0.8057},{"name":"R_Hand","parent":"R_LowerArm","length":503.77,"rotation":-30.18,"x":498.23,"scaleX":1.2171,"scaleY":1.2171},{"name":"L_UpperArm","parent":"Body2","length":518.48,"rotation":159.18,"x":179.33,"y":289.71,"scaleX":1.0743,"scaleY":1.0743},{"name":"L_LowerArm","parent":"L_UpperArm","length":522.87,"rotation":-8.15,"x":517.39,"y":-0.35,"scaleX":0.7599,"scaleY":0.7599},{"name":"L_Hand","parent":"L_LowerArm","length":522.83,"rotation":29.79,"x":521.43,"y":0.71,"scaleX":1.2249,"scaleY":1.2249},{"name":"R_Dress","parent":"Body","length":227.77,"rotation":-162.42,"x":135.63,"y":-234.45},{"name":"bone13","parent":"R_Dress","length":184.31,"rotation":0.45,"x":218.62,"y":-3.21},{"name":"bone14","parent":"bone13","length":227.97,"rotation":-1.2,"x":184.31},{"name":"bone15","parent":"bone14","length":228.82,"rotation":-1.48,"x":227.97},{"name":"bone16","parent":"bone15","length":216.18,"rotation":1.07,"x":228.82},{"name":"bone17","parent":"bone16","length":238.59,"rotation":3.62,"x":216.18},{"name":"bone18","parent":"bone17","length":264.09,"rotation":4.03,"x":238.59},{"name":"bone19","parent":"bone18","length":267.33,"rotation":4.85,"x":264.09},{"name":"L_Dress","parent":"Body","length":224.45,"rotation":173.17,"x":116.46,"y":211.61},{"name":"bone21","parent":"L_Dress","length":228.51,"rotation":-6.65,"x":224.45},{"name":"bone22","parent":"bone21","length":238.23,"rotation":-4.11,"x":228.51},{"name":"bone23","parent":"bone22","length":235.68,"rotation":-0.18,"x":238.23},{"name":"bone24","parent":"bone23","length":262.47,"rotation":-1.31,"x":235.68},{"name":"bone25","parent":"bone24","length":239.77,"rotation":0.27,"x":262.47},{"name":"bone26","parent":"bone25","length":218.72,"rotation":1.66,"x":239.77},{"name":"bone27","parent":"bone26","length":227.27,"rotation":-2.99,"x":218.72},{"name":"Mid_Dress","parent":"Body","length":239.46,"rotation":176.5,"x":98.2,"y":84.54},{"name":"bone29","parent":"Mid_Dress","length":234.1,"rotation":1.92,"x":239.46},{"name":"bone30","parent":"bone29","length":234.22,"rotation":1.3,"x":234.1},{"name":"bone31","parent":"bone30","length":244.95,"rotation":0.54,"x":234.22},{"name":"bone32","parent":"bone31","length":235.05,"rotation":2.7,"x":244.95},{"name":"bone33","parent":"bone32","length":283.76,"rotation":1.26,"x":228.77,"y":0.57},{"name":"bone34","parent":"bone33","length":233.61,"rotation":1.39,"x":283.76},{"name":"bone35","parent":"bone34","length":231.68,"rotation":4.75,"x":233.61},{"name":"bone36","parent":"bone35","length":218.86,"rotation":3.63,"x":231.68},{"name":"R_Scarf","parent":"R_UpperArm","length":106.18,"rotation":-2.47,"x":3.97,"y":80.34,"scaleX":0.9806,"scaleY":0.9806},{"name":"bone38","parent":"R_Scarf","length":93.33,"rotation":2.23,"x":106.18},{"name":"bone39","parent":"bone38","length":96.79,"rotation":2.58,"x":93.33},{"name":"L_Scarf","parent":"L_UpperArm","length":123.85,"rotation":1.94,"x":16.38,"y":-67.38,"scaleX":0.9309,"scaleY":0.9309},{"name":"bone41","parent":"L_Scarf","length":87.24,"rotation":-7.16,"x":123.85},{"name":"bone42","parent":"bone41","length":103.8,"rotation":-4.5,"x":87.24},{"name":"L_Hat","parent":"Head","x":139.05,"y":-322.83},{"name":"R_Hat","parent":"Head","x":121.95,"y":315.74},{"name":"All2","parent":"Head","rotation":-90.76,"x":230.8,"y":-18.81}],"slots":[{"name":"Forearm_2_1","bone":"R_LowerArm","attachment":"Forearm_2_1"},{"name":"Hand_2","bone":"R_Hand","attachment":"Hand_2"},{"name":"Arm_2","bone":"R_UpperArm","attachment":"Arm_2"},{"name":"Forearm_2","bone":"R_LowerArm","attachment":"Forearm_2"},{"name":"Back Coat copy","bone":"bone27","attachment":"Back Coat copy"},{"name":"R_Coat copy","bone":"bone27","attachment":"R_Coat copy"},{"name":"L_Coat copy","bone":"bone36","attachment":"L_Coat copy"},{"name":"Body copy","bone":"Body2","attachment":"Body copy"},{"name":"Forearm_1_1","bone":"L_LowerArm","attachment":"Forearm_1_1"},{"name":"Hand_1","bone":"L_Hand","attachment":"Hand_1"},{"name":"Arm_1","bone":"L_UpperArm","attachment":"Arm_1"},{"name":"Forearm_1","bone":"L_LowerArm","attachment":"Forearm_1"},{"name":"scarf","bone":"Body2","attachment":"scarf"},{"name":"face","bone":"Head","attachment":"face"},{"name":"eyes_1","bone":"Head","attachment":"eyes_1"},{"name":"eyes_2","bone":"Head","attachment":"eyes_2"},{"name":"hat","bone":"Head","attachment":"hat"},{"name":"Glow","bone":"All2","blend":"additive"},{"name":"Rectangle 1","bone":"root","blend":"additive"}],"skins":[{"name":"default","attachments":{"Arm_1":{"Arm_1":{"x":293.31,"y":24.16,"scaleX":0.9309,"scaleY":0.9309,"rotation":112.14,"width":421,"height":625}},"Arm_2":{"Arm_2":{"x":307.69,"y":-20,"scaleX":0.9806,"scaleY":0.9806,"rotation":66.13,"width":421,"height":625}},"Back Coat copy":{"Back Coat copy":{"type":"mesh","hull":28,"width":915,"height":2163,"uvs":[0.82306,0.05835,0.88257,0.13683,0.87557,0.2437,0.85807,0.32367,0.85807,0.40215,0.84756,0.49396,0.81956,0.56652,0.73555,0.62131,0.65503,0.6835,0.61303,0.75458,0.61653,0.81678,0.66904,0.89082,0.37149,1,0.22447,1,0.15796,0.95746,0.07044,0.8923,0,0.81382,0,0.73533,0,0.6446,0,0.56464,0.08445,0.46838,0.12645,0.39138,0.18246,0.29661,0.25597,0.22257,0.26997,0.14853,0.28397,0.07153,0.37149,0,0.71454,0],"triangles":[1,25,0,0,25,27,3,23,2,7,20,6,7,8,19,9,17,18,16,9,10,10,11,12,1,2,25,25,26,27,2,24,25,2,23,24,3,22,23,4,22,3,21,22,4,5,21,4,20,21,5,6,20,5,19,20,7,8,18,19,8,9,18,16,17,9,15,16,10,12,13,14,10,12,14,14,15,10],"vertices":[4,20,46.92,399.08,0.00003,30,-398.65,282.77,0.00299,29,-170.87,273.64,0.20596,28,59.5,267.75,0.79101,4,20,211.77,466.96,0.00008,30,-227.13,331.4,0.0605,29,-0.5,326.16,0.47025,28,228.01,325.96,0.46917,5,20,442.7,479.09,0.00006,31,-227.55,319.27,0.02394,30,3.68,317.13,0.38897,29,230.57,317.13,0.47803,28,459.25,324.69,0.109,6,20,616.39,476.98,0.00002,32,-286.11,309.61,0.00715,31,-55.45,295.76,0.21399,30,176,295.23,0.58411,29,403.34,299.15,0.18154,28,632.53,312.52,0.01318,7,20,785.61,490.57,0,33,-339.25,301.23,0.00354,32,-117.05,294.24,0.11144,31,114.15,288.39,0.53428,30,345.66,289.44,0.32167,29,573.09,297.22,0.02902,28,802.25,316.29,0.00004,6,20,984.32,496.9,0,33,-143.01,269.34,0.12613,32,79.85,266.69,0.45919,31,312.13,270.16,0.35813,30,543.8,273.07,0.0564,29,771.55,285.36,0.00014,4,33,10.06,226.22,0.53486,32,233.84,226.96,0.37423,31,467.82,237.74,0.08671,30,699.78,242.12,0.00419,3,33,129.05,223.8,0.96738,32,352.86,227.16,0.02617,31,586.7,243.56,0.00645,2,34,1.68,217.74,0.00868,33,280.14,217.72,0.99132,4,26,26.53,804.92,0.03828,25,242.98,805.35,0.00032,20,1578.3,565.82,0,34,174.78,218.92,0.9614,2,35,73.96,215.13,0.74,34,289.51,220.51,0.26,2,36,-6.6,110.36,0.6,35,218.1,109.72,0.4,2,27,379.46,512.08,0.51,36,91.98,-337.61,0.49,2,27,420.83,384.07,0.49,36,54.37,-466.78,0.51,1,27,351.99,297.86,1,1,27,242.52,178.32,1,2,27,100.82,64.77,0.86,26,322.78,59.43,0.14,4,26,158.74,15.71,0.91915,20,1566.85,-234.31,0,34,-8.86,-559.94,0.08006,33,288.53,-559.99,0.00079,1,25,209.9,-35.71,1,2,25,44.13,-85.08,0.80594,24,307,-84.87,0.19406,1,24,85.34,-71.29,1,1,23,148.6,-80.82,1,3,23,-62.63,-86.38,0.07412,22,175.33,-86.18,0.92588,20,607.57,-143.9,0,3,22,3.08,-63.75,0.58697,21,227.02,-63.81,0.41303,20,442.54,-89.69,0,3,21,67.44,-82.48,0.92223,20,281.88,-89.74,0.07773,30,-220.95,-229.66,0.00004,3,21,-98.41,-102.41,0.03878,20,114.84,-90.31,0.96122,30,-386.96,-211.18,0,2,20,-45.79,-22.89,0.99374,28,-57.5,-148.14,0.00626,3,20,-70.93,290,0,29,-298.2,175.79,0.04616,28,-64.47,165.68,0.95384],"edges":[52,50,50,48,48,46,46,44,44,42,42,40,40,38,36,38,34,36,32,34,32,30,30,28,28,26,24,26,24,22,22,20,20,18,18,16,16,14,14,12,12,10,10,8,8,6,6,4,4,2,2,0,52,54,0,54]}},"Body copy":{"Body copy":{"type":"mesh","hull":28,"width":971,"height":1199,"uvs":[0.8309,0.08626,0.82909,0.18573,0.81949,0.28028,0.8067,0.38261,0.75552,0.47716,0.78431,0.56006,0.82909,0.64166,0.87867,0.72067,0.93145,0.79579,1,0.86573,1,0.94337,0.68689,0.89441,0.47403,1,0,1,0,0.91752,0.02563,0.85431,0.05164,0.78491,0.07001,0.71427,0.0899,0.64362,0.11133,0.56802,0.15418,0.49986,0.12357,0.42921,0.07626,0.36987,0.03465,0.30007,0.02672,0.22016,0.02209,0.14356,0.31056,0,0.50759,0,0.51818,0.11537,0.52944,0.18833,0.54295,0.25764,0.54971,0.3306,0.54971,0.41268,0.54746,0.48017,0.54746,0.55496,0.55647,0.62792,0.57899,0.71,0.60602,0.79938,0.28394,0.13908,0.29295,0.23028,0.29745,0.31054,0.30871,0.39627,0.31772,0.46923,0.33124,0.53489,0.33574,0.60056,0.34025,0.67899,0.33799,0.75742,0.347,0.85775,0.38304,0.93071],"triangles":[37,47,46,48,47,37,12,48,37,11,12,37,47,16,46,48,14,47,13,48,12,43,42,33,44,43,34,45,44,35,45,18,44,46,45,36,19,43,44,46,17,45,14,48,13,16,17,46,15,16,47,47,14,15,20,42,43,19,20,43,18,19,44,45,17,18,8,9,10,11,8,10,37,46,36,11,37,7,11,7,8,34,33,4,34,4,5,35,34,5,6,36,35,6,35,5,37,36,6,37,6,7,38,25,26,24,25,38,24,38,39,28,38,26,23,24,39,43,33,34,44,34,35,45,35,36,33,32,4,39,30,40,23,39,40,40,30,31,22,23,40,3,31,2,41,40,31,21,22,40,32,31,3,41,31,32,41,21,40,42,41,32,21,41,42,33,42,32,4,32,3,20,21,42,28,27,0,1,28,0,29,28,1,38,29,39,26,27,28,30,29,1,2,30,1,28,29,38,30,39,29,31,30,2],"vertices":[2,4,239.05,-374.69,0.90351,3,446.32,-383.01,0.09649,2,4,119.78,-375.68,0.83083,3,327.09,-379.73,0.16917,2,4,6.22,-368.97,0.67251,3,213.85,-368.95,0.32749,2,4,-116.72,-359.37,0.47707,3,91.33,-354.96,0.52293,3,4,-231.2,-312.29,0.04376,3,-21.39,-303.81,0.08754,12,-29.97,81.56,0.8687,2,4,-329.92,-342.52,0.00028,12,73.02,74.18,0.99972,1,12,179.8,81.93,1,3,12,285.25,95.11,0.60652,13,67.41,97.79,0.37926,14,-118.92,95.33,0.01421,3,12,387.36,112.8,0.07504,13,169.66,114.67,0.46184,14,-17.04,114.34,0.46313,3,12,488.82,147,0.00168,13,271.38,148.07,0.04854,14,83.96,149.85,0.94977,1,14,171.94,119.44,1,4,2,-308.48,-217.09,0.05406,13,198.34,-149.05,0.50714,14,17.14,-148.73,0.1932,29,158.88,320.77,0.24559,4,2,-426.94,-5.63,0.01472,13,245.5,-386.8,0.08801,14,69.26,-385.44,0.00699,29,283.12,112.65,0.89028,2,21,344.63,-139.53,0.09599,22,125.83,-130.84,0.90401,2,21,247.64,-158.82,0.36465,22,30.47,-157.04,0.63535,3,20,374.48,-167.72,0.00909,21,168.46,-149.2,0.73879,22,-49.2,-153.13,0.25213,3,20,289.51,-149.2,0.13877,21,81.91,-140.66,0.83208,22,-136.13,-150.81,0.02915,2,20,203.65,-138.21,0.5411,21,-4.64,-139.69,0.4589,2,20,117.68,-125.74,0.90701,21,-91.49,-137.27,0.09299,4,3,-122.31,323.04,0.00233,5,-586.66,327.32,0.00088,20,25.65,-112.26,0.99498,21,-184.45,-134.55,0.00181,5,4,-271.82,270.83,0.00317,3,-41.12,280.39,0.12695,5,-505.49,284.63,0.02893,20,-59.15,-77.34,0.8366,28,-73.99,-201.72,0.00434,4,4,-187.83,302.49,0.05014,3,43.96,309.02,0.69425,5,-420.4,313.22,0.24972,28,-158.01,-233.32,0.00589,3,4,-117.75,350.05,0.07798,3,115.69,354.04,0.56857,5,-348.65,358.22,0.35345,3,4,-35.01,392.37,0.09118,3,199.89,393.37,0.44316,5,-264.43,397.51,0.46567,3,4,60.6,402.26,0.08973,3,295.79,399.84,0.32732,5,-168.53,403.93,0.58295,3,4,152.31,408.87,0.07961,3,387.69,403.16,0.25631,5,-76.63,407.21,0.66408,2,3,556.21,120.87,0.009,5,91.77,124.84,0.991,3,4,335.23,-58.47,0.52988,3,553.76,-70.43,0.00002,5,89.23,-66.46,0.4701,2,4,197.18,-71.93,0.99381,3,415.31,-78.94,0.00619,2,4,109.97,-84.87,0.93936,3,327.7,-88.75,0.06064,2,4,27.19,-99.9,0.65322,3,244.43,-100.81,0.34678,3,4,-60.12,-108.47,0.18115,3,156.88,-106.25,0.81516,2,372.2,-110.31,0.00369,3,4,-158.5,-110.73,0.02837,3,58.47,-104.98,0.82446,2,273.86,-106.47,0.14717,4,4,-239.45,-110.4,0.00181,3,-22.41,-101.76,0.25841,2,193.09,-101.14,0.44093,12,-95.04,-109.73,0.29884,5,3,-112.07,-100.61,0.01801,2,103.49,-97.65,0.66088,12,-10.68,-140.12,0.31461,13,-230.37,-135.08,0.00646,29,-249.64,190.01,0.00004,4,2,15.73,-102.98,0.64229,12,74.59,-161.54,0.2685,13,-145.28,-157.18,0.07333,29,-162.06,197.77,0.01589,6,2,-83.46,-121.01,0.41876,12,174.59,-174.32,0.13569,13,-45.38,-170.75,0.30895,14,-226.07,-175.51,0.0003,28,168.75,216.26,0.01133,29,-63.41,218.52,0.12498,6,2,-191.56,-143.06,0.17271,12,284.31,-185.95,0.00776,13,64.24,-183.25,0.49923,14,-116.22,-185.72,0.02313,28,275.3,244.88,0.00672,29,44.05,243.54,0.29046,3,4,163.53,154.81,0.21513,3,389.8,148.86,0.08324,5,-74.63,152.91,0.70162,4,4,54.41,143.55,0.40059,3,280.35,141.51,0.27565,5,-184.09,145.61,0.3237,28,-400.12,-74.19,0.00007,4,4,-41.69,136.97,0.18514,3,184.07,138.37,0.65517,5,-280.37,142.51,0.15285,28,-304.01,-67.68,0.00684,5,4,-144.21,123.67,0.02144,3,81.15,128.75,0.83396,2,302.64,126.59,0.01163,5,-383.29,132.94,0.06245,28,-201.49,-54.47,0.07052,6,4,-231.46,112.91,0.00041,3,-6.43,121.13,0.34752,2,214.88,121.25,0.10983,5,-470.88,125.36,0.01417,20,-108.47,78.01,0.29869,28,-114.23,-43.78,0.22938,5,3,-85.33,109.02,0.0481,2,135.7,111.21,0.0643,5,-549.78,113.28,0.00129,20,-31.04,97.4,0.20423,28,-35.81,-28.91,0.68209,2,20,47.09,108.06,0.10642,28,42.81,-22.79,0.89358,2,20,140.48,119.96,0.06619,28,136.73,-16.33,0.93381,4,20,234.39,125.31,0.02363,21,-4.65,125.62,0.03481,28,230.8,-16.42,0.70516,29,-9.21,-16.12,0.2364,3,21,111.62,157.66,0.02594,22,-127.9,148.87,0.00007,29,111.17,-8.74,0.97399,4,2,-340.48,79.42,0.00277,13,136.96,-440.9,0.01277,14,-38.13,-441.79,0.00075,29,199.04,25.25,0.98371],"edges":[50,52,52,54,54,0,0,2,2,4,4,6,6,8,8,10,10,12,12,14,14,16,16,18,18,20,20,22,24,26,22,24,26,28,28,30,30,32,32,34,34,36,36,38,38,40,40,42,42,44,44,46,46,48,48,50]}},"Forearm_1":{"Forearm_1":{"x":350.02,"y":-69.91,"scaleX":1.2249,"scaleY":1.2249,"rotation":120.29,"width":590,"height":607}},"Forearm_1_1":{"Forearm_1_1":{"x":659.5,"y":83.91,"scaleX":1.2249,"scaleY":1.2249,"rotation":120.29,"width":548,"height":320}},"Forearm_2":{"Forearm_2":{"x":337.96,"y":68.38,"scaleX":1.2171,"scaleY":1.2171,"rotation":59.61,"width":590,"height":607}},"Forearm_2_1":{"Forearm_2_1":{"x":645.18,"y":-85.01,"scaleX":1.2171,"scaleY":1.2171,"rotation":59.61,"width":548,"height":320}},"Glow":{"Glow":{"x":0.37,"y":1.58,"width":620,"height":122}},"Hand_1":{"Hand_1":{"x":103.53,"y":7.71,"rotation":90.5,"width":300,"height":1062}},"Hand_2":{"Hand_2":{"x":111.47,"y":-4.58,"rotation":89.78,"width":300,"height":1062}},"L_Coat copy":{"L_Coat copy":{"type":"mesh","hull":36,"width":1286,"height":2417,"uvs":[0.34406,0.0456,0.43392,0.09341,0.52877,0.15318,0.56372,0.2063,0.59367,0.26208,0.62113,0.31255,0.64858,0.36036,0.68852,0.41215,0.72525,0.46093,0.76276,0.51142,0.80911,0.56073,0.85104,0.60652,0.904,0.65232,0.95034,0.69694,1,0.74508,1,0.81788,0.79807,0.96465,0.49794,1,0.16912,1,0.12277,0.95526,0.08085,0.90946,0.05216,0.86367,0.0345,0.81788,0.01333,0.76733,0,0.70633,0,0.64645,0,0.58656,0,0.52462,0,0.46591,0,0.4072,0,0.34262,0,0.2663,0,0.19702,0,0.1113,0,0,0.22924,0,0.18315,0.07896,0.21657,0.13232,0.24721,0.18715,0.26671,0.24495,0.29177,0.30275,0.31127,0.3561,0.33634,0.4139,0.35862,0.47614,0.38091,0.54283,0.40876,0.61397,0.4394,0.69399,0.47282,0.77402,0.51461,0.86442],"triangles":[12,47,46,13,14,15,47,15,48,13,47,12,15,47,13,16,48,15,46,45,10,46,10,11,12,46,11,8,44,43,44,8,9,45,44,9,45,9,10,7,43,42,7,42,6,8,43,7,5,41,40,5,40,4,6,42,41,6,41,5,40,39,3,40,3,4,38,1,2,39,38,2,39,2,3,37,0,1,38,37,1,36,34,35,36,35,0,33,34,36,37,36,0,37,32,33,37,33,36,32,37,38,39,31,32,39,32,38,40,30,31,40,31,39,30,40,41,29,30,41,29,41,42,28,29,42,28,42,43,27,28,43,27,43,44,26,27,44,26,44,45,25,26,45,46,25,45,46,24,25,23,24,46,23,46,47,22,23,47,21,22,47,21,47,48,20,21,48,19,20,48,18,19,48,17,18,48,17,48,16],"vertices":[3,28,-45.59,270.77,0.36356,12,-5.79,-46.35,0.56823,13,-224.74,-41.36,0.0682,1,12,142.1,23.2,1,3,12,319.34,89.01,0.02026,13,101.45,91.42,0.95104,14,-84.75,89.67,0.02869,2,13,237.47,89.1,0.10963,14,51.29,90.19,0.89037,3,14,191.29,82.55,0.83971,15,-38.79,81.58,0.16029,16,-266.05,86.54,0,2,14,318.12,76.07,0.01402,15,88.16,78.37,0.98598,2,15,208.98,77.1,0.71159,16,-18.4,77.46,0.28841,1,16,116.64,86.07,1,2,16,243.44,93.1,0.29263,17,33.08,91.2,0.70737,2,17,164.29,89.58,0.94,18,-67.81,94.58,0.06,2,17,297.19,99.55,0.0721,18,65.45,95.18,0.9279,2,18,188.56,94.47,0.90774,19,-67.27,100.52,0.09226,2,18,317.97,106.47,0.07888,19,62.7,101.54,0.92112,1,19,185.83,96.73,1,2,36,11.61,1000.27,0.00133,19,318.43,91.17,0.99867,3,36,180.55,951.09,0.05481,35,351.61,960.61,0.00066,19,469,0.13,0.94453,3,36,448.57,602.59,0.41198,35,641.17,629.8,0.00679,19,638.21,-405.64,0.58123,3,36,422.71,208.13,0.81401,35,640.36,234.49,0.00044,19,511.62,-780.13,0.18555,2,36,304.51,-197.88,0.99816,35,548.11,-178.19,0.00184,2,36,184.02,-224.88,0.93034,35,429.58,-212.77,0.06966,3,36,62.67,-245.7,0.6736,35,309.79,-241.24,0.32476,34,562.3,-214.77,0.00164,3,36,-53.91,-250.18,0.31911,35,193.73,-253.1,0.63626,34,447.62,-236.2,0.04463,4,36,-166.53,-241.04,0.08468,35,80.76,-251.11,0.70808,34,334.87,-243.57,0.20689,33,624.46,-235.34,0.00035,4,36,-291.87,-204.55,0.00319,35,-46.65,-222.63,0.35368,34,205.55,-225.73,0.60169,33,494.74,-220.66,0.04145,4,35,-192.04,-235.6,0.0423,34,61.73,-250.68,0.67138,33,351.57,-249.11,0.2738,32,585.75,-240.72,0.01253,3,34,-81.65,-230.91,0.2858,33,207.75,-232.83,0.59612,32,441.61,-227.61,0.11808,3,34,-225.03,-211.13,0.03482,33,63.93,-216.54,0.4413,32,297.47,-214.51,0.52388,3,33,-84.84,-199.7,0.02984,32,148.36,-200.96,0.92422,31,402.63,-193.73,0.04594,3,32,7.04,-188.11,0.57501,31,260.86,-187.57,0.42367,30,496.82,-185.11,0.00132,3,32,-134.28,-175.26,0.09236,31,119.09,-181.4,0.80262,30,355,-180.28,0.10503,3,31,-36.85,-174.62,0.34148,30,199,-174.96,0.65403,29,437.02,-170.39,0.00449,3,31,-221.15,-166.61,0.00457,30,14.64,-168.67,0.57848,29,252.56,-168.3,0.41695,3,30,-152.7,-162.97,0.03078,29,85.13,-166.4,0.84488,28,330.13,-163.44,0.12434,2,29,-122.03,-164.04,0.04816,28,123.01,-168.05,0.95184,1,28,-145.95,-174.02,1,3,28,-152.5,120.7,0.81358,12,-159.53,-147.92,0.18213,13,-379.28,-141.7,0.00429,3,28,39.63,65.68,0.8843,12,-0.06,-268.37,0.07263,13,-220.77,-263.41,0.04307,5,29,-68.08,113.87,0.10017,28,167.59,111.52,0.64173,12,135.83,-271.63,0.04041,13,-84.91,-267.75,0.21494,14,-263.57,-273.32,0.00275,7,30,-165.71,155.57,0.01764,29,64.89,151.76,0.48142,28,299.22,153.86,0.1383,12,273.87,-279.48,0.0007,13,53.07,-276.7,0.31263,14,-125.44,-279.38,0.04898,15,-346.09,-288.39,0.00032,8,31,-257.8,178.29,0.00618,30,-25.24,175.87,0.2191,29,204.86,175.25,0.40545,28,438.32,182.03,0.00619,13,192.8,-301.56,0.18101,14,14.79,-301.32,0.16077,15,-205.35,-306.71,0.02106,16,-439.8,-298.59,0.00025,9,33,-575.49,233.46,0.00192,32,-351.73,221.28,0.00033,31,-116.83,204.43,0.08933,30,115.47,203.33,0.43203,29,344.92,205.9,0.101,13,335.02,-319.71,0.05548,14,157.35,-316.49,0.19856,15,-62.44,-318.21,0.10906,16,-297.13,-312.74,0.01229,10,33,-444.54,243.87,0.01838,32,-221.04,234.57,0.01525,31,13.09,223.88,0.30671,30,245.2,223.99,0.26151,29,474.15,229.51,0.01448,13,464.67,-340.85,0.00824,14,287.42,-334.92,0.10666,15,68.06,-333.28,0.20016,16,-166.93,-330.23,0.06517,17,-403.19,-305.4,0.00345,10,33,-302.1,260.19,0.08609,32,-79,254.03,0.09773,31,154.05,250.02,0.35217,30,385.92,251.45,0.06094,29,614.2,260.15,0.00019,14,429.98,-350.1,0.02629,15,210.97,-344.77,0.17204,16,-24.26,-344.38,0.17038,17,-261.69,-328.52,0.03399,18,-522.14,-292.54,0.00018,10,34,-426.41,282.2,0.00082,33,-149.39,271.74,0.27186,32,73.42,268.95,0.17569,31,305.6,272.11,0.15005,30,537.25,274.97,0.00531,14,581.53,-372.16,0.00152,15,363.04,-362.93,0.06358,16,127.45,-365.36,0.19825,17,-111.62,-359.03,0.12214,18,-374.57,-333.53,0.01078,10,35,-471.29,334.38,0.00083,34,-263.74,294.23,0.02155,33,12.94,287.73,0.50468,32,235.36,288.51,0.06411,31,466.44,299.3,0.02522,15,525.4,-378.59,0.00938,16,289.49,-384.04,0.10359,17,48.93,-387.9,0.20669,18,-216.46,-373.61,0.06345,19,-510.43,-331.62,0.00051,11,36,-505.27,363.47,0.00089,35,-295.6,330.73,0.01815,34,-88.34,305.13,0.13371,33,188.02,302.89,0.477,32,410.06,307.54,0.00194,31,640.04,326.55,0.00076,15,700.11,-397.52,0.00003,16,463.82,-406.21,0.02406,17,221.51,-421.03,0.16007,18,-46.63,-418.79,0.16409,19,-345.03,-391,0.01929,8,36,-308.52,346.25,0.02833,35,-98.16,326.01,0.12121,34,108.81,316.77,0.30092,33,384.83,319.32,0.19317,16,659.66,-431.74,0.00093,17,415.35,-458.86,0.05588,18,144.07,-470.16,0.1959,19,-159.36,-458.32,0.10366,7,36,-110.77,332.47,0.18051,35,100.07,324.78,0.27141,34,306.46,331.95,0.17337,33,582.05,339.31,0.03602,17,610.55,-493.39,0.0086,18,336.36,-518.32,0.11038,19,28.16,-522.57,0.21972,6,36,114.06,321.87,0.53703,35,325.12,328.44,0.12308,34,530.43,354.22,0.03093,33,805.42,367.03,0.00121,18,555.86,-568.09,0.02644,19,242.67,-590.73,0.2813],"edges":[68,70,70,0,0,2,2,4,4,6,6,8,8,10,10,12,12,14,14,16,16,18,18,20,20,22,22,24,24,26,26,28,28,30,30,32,32,34,34,36,36,38,38,40,40,42,42,44,44,46,46,48,48,50,50,52,52,54,54,56,56,58,58,60,60,62,62,64,64,66,66,68]}},"R_Coat copy":{"R_Coat copy":{"type":"mesh","hull":38,"width":639,"height":2264,"uvs":[1,0.07779,1,0.13876,1,0.19547,0.96075,0.25726,0.91554,0.31173,0.86029,0.37554,0.81005,0.43367,0.76986,0.49889,0.75982,0.56269,0.74977,0.62224,0.74977,0.68179,0.75479,0.73992,0.76484,0.80656,0.76484,0.86327,0.73972,0.91715,0.69953,0.96394,0.61916,1,0.4986,1,0.3077,0.9129,0,0.86044,0,0.8028,0.07095,0.76904,0.10568,0.72438,0.10954,0.68081,0.10954,0.63397,0.14428,0.58931,0.18287,0.54248,0.23689,0.49673,0.31022,0.44383,0.39512,0.38065,0.4723,0.32292,0.54563,0.26411,0.60351,0.20638,0.64211,0.16716,0.70771,0.09636,0.75402,0.04844,0.83506,0,1,0,0.37443,0.84401,0.4096,0.78872,0.42467,0.73626,0.43974,0.67813,0.46988,0.61858,0.51509,0.55619,0.5603,0.50231,0.60551,0.44702,0.66579,0.38605,0.72608,0.32225,0.78636,0.26128,0.83157,0.20049,0.85669,0.14519],"triangles":[50,34,0,34,35,0,35,36,0,36,37,0,48,32,49,3,49,2,32,33,49,49,50,2,49,33,50,50,1,2,33,34,50,1,50,0,5,47,4,30,31,47,47,48,4,47,31,48,4,48,3,31,32,48,48,49,3,45,46,6,45,29,46,6,46,5,29,30,46,46,47,5,46,30,47,43,44,8,8,44,7,43,27,44,27,28,44,44,45,7,44,28,45,7,45,6,28,29,45,10,42,9,24,25,42,42,43,9,9,43,8,42,25,43,43,25,26,26,27,43,40,10,11,40,41,10,10,41,42,40,22,41,41,22,23,23,24,41,41,24,42,16,17,15,17,18,15,15,18,14,18,38,14,14,38,13,12,38,39,38,12,13,39,11,12,39,40,11,18,19,38,19,20,38,20,21,38,38,21,39,39,21,40,40,21,22],"vertices":[2,21,-130.99,89.08,0.00488,20,104.67,103.66,0.99512,2,21,4.39,116,0.62476,20,242.26,114.71,0.37524,3,22,-108.06,133.64,0.08717,21,130.32,141.05,0.91058,20,370.24,125,0.00225,3,23,-207.54,171.26,0.00131,22,31.23,171.91,0.70368,21,272,169.23,0.29501,3,23,-78.65,151.09,0.16311,22,160.06,151.34,0.82539,21,399.02,139.47,0.01151,3,24,-169.22,151.95,0.00967,23,69.98,155.78,0.84689,22,308.7,155.56,0.14343,2,24,-33.95,159.39,0.36512,23,205.38,160.12,0.63488,3,25,-146.81,178.32,0.06392,24,114.81,177.62,0.88429,23,354.52,174.95,0.05179,3,26,-240.03,220.44,0.02439,25,-6.54,213.39,0.49764,24,254.92,213.36,0.47796,4,27,-339.36,231.57,0.01111,26,-108.1,248.96,0.21239,25,124.5,245.72,0.68441,24,385.81,246.31,0.09209,4,27,-211.08,273.04,0.11832,26,22.17,283.68,0.50978,25,253.71,284.2,0.36824,24,514.84,285.4,0.00366,3,27,-86.83,316.58,0.39338,26,148.52,320.67,0.4983,25,378.93,324.84,0.10832,3,27,54.75,369.09,0.74166,26,292.64,365.73,0.24592,25,521.7,374.05,0.01243,3,27,176.92,408.58,0.90516,26,416.71,398.8,0.09464,25,644.76,410.7,0.0002,2,27,297.93,430.83,0.97356,26,538.71,414.7,0.02644,2,27,406.62,438.98,0.99554,26,647.68,417.17,0.00446,2,27,500.1,415.22,0.99989,26,739.79,388.57,0.00011,1,27,523.79,341.91,1,2,27,373.67,165.19,0.99947,26,600.5,145.48,0.00053,1,27,321.14,-58.43,1,1,27,196.98,-98.57,1,2,27,110.29,-78.94,0.99956,26,324.74,-84.59,0.00044,2,27,7.26,-88.92,0.50412,26,221.33,-89.18,0.49588,3,27,-87.36,-116.92,0.00916,26,125.38,-112.2,0.96509,25,368.35,-108.52,0.02575,2,26,22.92,-139.51,0.58875,25,266.72,-138.79,0.41125,3,26,-80.49,-144.1,0.10833,25,163.49,-146.37,0.88316,24,426.64,-145.6,0.0085,3,26,-189.3,-147.58,0.00037,25,54.82,-153,0.77292,24,318.01,-152.74,0.22672,2,25,-54.3,-149.48,0.22752,24,208.88,-149.73,0.77248,3,25,-182.46,-138.76,0.00163,24,80.66,-139.62,0.89941,23,313.13,-141.42,0.09895,2,24,-71.95,-129.16,0.12772,23,160.79,-127.48,0.87228,2,23,21.66,-114.99,0.70816,22,259.52,-115.06,0.29184,3,23,-119.19,-105.53,0.01277,22,118.71,-105.16,0.97252,21,339.37,-113.4,0.01471,2,22,-17.12,-104.12,0.33538,21,203.96,-102.62,0.66462,3,22,-109.26,-103.86,0.0085,21,112.08,-95.75,0.98581,20,324.68,-108.09,0.0057,2,21,-53.3,-85.9,0.06995,20,161.55,-79.14,0.93005,1,20,51.03,-58.34,1,1,20,-62.44,-15.5,1,1,20,-70.88,89.55,1,2,27,212.17,157.8,0.97148,26,438.83,146.51,0.02852,3,27,86.13,140.67,0.84463,26,312.07,135.99,0.15362,25,547.77,144.97,0.00176,3,27,-29.84,113.3,0.3913,26,194.83,114.7,0.58946,25,431.19,120.3,0.01925,3,27,-158.03,81.98,0.03526,26,65.18,90.11,0.81632,25,302.31,91.96,0.14842,4,27,-292.24,58.84,0.0006,26,-70.05,74,0.11262,25,167.6,71.94,0.88136,24,429.73,72.73,0.00543,3,26,-213.97,65.55,0.00205,25,23.99,59.32,0.70254,24,286.18,59.43,0.29542,2,25,-101.16,52.19,0.01934,24,161.06,51.71,0.98066,2,24,32.87,43.07,0.85131,23,269.52,42.3,0.14869,3,24,-110.4,39.91,0.00619,23,126.22,42.43,0.99318,22,364.58,42.03,0.00063,2,23,-23.27,40.83,0.28046,22,215.09,40.9,0.71954,3,23,-167.9,55.47,0.00161,22,70.5,56,0.9552,21,302.85,50.79,0.04319,2,22,-68.59,32.97,0.00784,21,162.47,37.8,0.99216,2,21,36.55,29.03,0.95051,20,264.12,24.6,0.04949],"edges":[0,74,0,2,2,4,4,6,6,8,8,10,10,12,12,14,14,16,16,18,18,20,20,22,22,24,24,26,26,28,28,30,30,32,32,34,34,36,36,38,38,40,40,42,42,44,44,46,46,48,48,50,50,52,52,54,54,56,56,58,58,60,60,62,62,64,64,66,66,68,68,70,72,74,70,72]}},"Rectangle 1":{"Rectangle 1":{"x":-63.59,"y":2472.63,"scaleX":3,"scaleY":3,"width":3711,"height":2126}},"eyes_1":{"eyes_1":{"x":227.54,"y":31.59,"rotation":-90.76,"width":114,"height":108}},"eyes_2":{"eyes_2":{"x":226.06,"y":-80.4,"rotation":-90.76,"width":134,"height":128}},"face":{"face":{"x":219.75,"y":-27.81,"rotation":-90.76,"width":547,"height":482}},"hat":{"hat":{"type":"mesh","hull":12,"width":694,"height":622,"uvs":[0.76949,0.18035,0.89848,0.43165,1,0.63269,1,0.83831,0.78177,1,0.20027,1,0,0.87029,0,0.66221,0.10047,0.46117,0.20285,0.21672,0.33594,0,0.64254,0,0.49921,0.20776,0.5033,0.46592,0.50126,0.74464],"triangles":[14,1,2,3,4,2,12,10,11,12,11,0,9,10,12,13,12,0,13,0,1,9,12,13,8,9,13,14,8,13,7,8,14,1,14,13,14,5,7,4,14,2,5,14,4,5,6,7],"vertices":[2,5,476.29,-201.76,0.87709,43,337.24,121.08,0.12291,2,5,318.81,-289.2,0.45086,43,179.75,33.63,0.54914,2,5,192.83,-357.99,0.03752,43,53.78,-35.15,0.96248,2,5,64.95,-356.29,0.02766,43,-74.1,-33.46,0.97234,2,5,-33.6,-203.52,0.49652,43,-172.66,119.32,0.50348,2,44,-150.2,-115.73,0.55502,5,-28.24,200.01,0.44498,2,44,-67.68,22.18,0.9812,5,54.27,337.91,0.0188,2,44,61.73,20.46,0.93034,5,183.69,336.2,0.06966,2,44,185.85,-50.92,0.47289,5,307.8,264.81,0.52711,2,44,336.94,-123.99,0.09729,5,458.89,191.75,0.90271,2,44,470.5,-218.13,0.00572,5,592.45,97.6,0.99428,2,5,589.63,-115.15,0.98327,43,450.57,207.68,0.01673,2,5,461.73,-13.98,0.99786,43,322.68,308.86,0.00214,2,5,301.13,-14.69,0.99339,43,162.08,308.15,0.00661,2,5,127.8,-10.96,0.99314,43,-11.25,311.87,0.00686],"edges":[20,18,18,16,16,14,12,14,12,10,8,10,8,6,6,4,4,2,2,0,20,22,0,22]}},"scarf":{"scarf":{"type":"mesh","hull":32,"width":1165,"height":465,"uvs":[0.75377,0.11021,0.83596,0.19602,0.86532,0.27937,0.88098,0.38479,0.89761,0.48286,0.92501,0.57602,0.9573,0.66183,0.96807,0.80402,0.96415,0.93641,0.92012,1,0.76355,1,0.6931,0.9315,0.64123,0.81873,0.60014,0.66183,0.54632,0.45344,0.47782,0.30879,0.38192,0.48531,0.32419,0.71821,0.28798,1,0.13754,1,0,1,0,0.8555,0.01914,0.70105,0.0436,0.59318,0.06806,0.49021,0.07981,0.36518,0.09644,0.24505,0.14635,0.15189,0.25203,0.06363,0.34401,0,0.48981,0,0.64906,0,0.40399,0.15846,0.3328,0.24127,0.26161,0.3623,0.21966,0.47377,0.18407,0.62028,0.15483,0.77952,0.13957,0.90055,0.54129,0.17438,0.60358,0.22216,0.66587,0.28586,0.71799,0.38141,0.75994,0.49606,0.78028,0.62346,0.81587,0.78908,0.84257,0.91648],"triangles":[38,37,18,38,22,37,21,22,38,20,21,38,19,20,38,19,38,18,37,23,36,17,37,36,18,37,17,36,23,24,22,23,37,35,36,25,26,27,35,25,26,35,36,24,25,36,35,17,32,29,30,39,30,31,40,39,31,33,28,29,33,29,32,15,32,30,15,30,39,14,39,40,15,39,14,16,33,32,16,32,15,34,33,16,41,14,40,17,34,16,42,0,1,41,31,0,40,31,41,42,41,0,43,42,1,41,13,14,13,41,42,13,42,43,12,13,43,34,28,33,27,28,34,35,27,34,35,34,17,44,12,43,6,45,5,7,45,6,7,9,46,8,9,7,10,46,9,45,7,46,45,11,44,10,11,45,10,45,46,45,4,5,4,44,43,45,44,4,11,12,44,4,43,3,43,1,2,43,2,3],"vertices":[1,4,281.65,-349.04,1,1,37,-12,37.09,1,2,37,36.56,54.79,0.99687,38,-67.44,57.45,0.00313,2,37,88.86,53.88,0.72673,38,-15.22,54.51,0.27327,3,37,138.39,55.29,0.08417,38,34.33,53.99,0.89633,39,-56.51,56.6,0.0195,2,38,86.81,65.87,0.51142,39,-3.54,66.1,0.48858,2,38,138.45,84.35,0.06907,39,48.87,82.23,0.93093,1,39,113.73,64.27,1,1,39,166.94,32.99,1,3,39,170.82,-26.09,0.99997,4,-127.54,-552.3,0.00003,42,-401.25,917.68,0,5,37,305.29,-177.87,0.04799,38,192.04,-185.48,0.23825,39,90.25,-189.74,0.68249,4,-131.73,-369.95,0.03127,42,-305,762.74,0,5,37,245.69,-242.67,0.14225,38,129.96,-247.91,0.33308,39,25.42,-249.31,0.44755,4,-101.77,-287.16,0.07713,42,-288.75,676.21,0,5,37,174.82,-279.79,0.25164,38,57.7,-282.25,0.33282,39,-48.31,-280.35,0.2692,4,-50.74,-225.55,0.14634,42,-301.41,597.21,0,5,37,89.42,-297.74,0.35581,38,-28.34,-296.87,0.24472,39,-134.92,-291.08,0.11944,4,21.1,-176.01,0.28003,42,-338.12,518.04,0,1,4,116.54,-111.1,1,1,4,181.95,-29.77,1,1,4,97.32,80.04,1,7,37,-3.47,-606.63,0.00099,38,-133.17,-601.9,0.00015,39,-253.38,-591.09,0.00001,4,-12.5,144.79,0.2557,40,119.49,272.13,0.30592,41,-38.22,269.47,0.32375,42,-146.21,258.8,0.11347,7,37,103.14,-693.71,0.00065,38,-30.03,-693.07,0.0001,39,-154.46,-686.81,0.00001,4,-144.46,183.94,0.10345,40,257.03,277.78,0.1478,41,97.55,292.2,0.45167,42,-12.65,292.11,0.29632,7,37,39.19,-856.89,0.00019,38,-100.28,-853.63,0.00003,39,-231.87,-844.05,0,4,-148.49,359.16,0.02148,40,317.53,113.29,0.01726,41,178.07,136.53,0.24637,42,79.84,143.24,0.71466,1,42,164.39,7.13,1,1,42,107.31,-28.33,1,2,41,117.97,-49.85,0.10571,42,34.54,-47.29,0.89429,2,41,60.32,-47.58,0.85072,42,-23.1,-49.55,0.14928,2,40,122.99,-44.51,0.49232,41,4.7,-44.27,0.50768,3,40,63.71,-51.74,0.99896,41,-53.23,-58.83,0.00104,42,-135.42,-69.66,0,1,40,4.59,-52.83,1,5,37,-324.25,-703.44,0.00003,38,-457.47,-686.16,0.00001,39,-581.16,-660.65,0,4,246.01,357.97,0.03933,40,-56.14,-13.22,0.96063,1,4,289.87,235.82,1,1,4,321.91,129.37,1,1,4,325.82,-40.44,1,1,4,330.08,-225.92,1,1,4,249.85,57.82,1,1,4,209.45,139.85,1,1,4,151.28,221.47,1,1,4,98.34,269.14,1,7,37,-105.43,-742,0.00033,38,-240.32,-733.2,0.00005,39,-366.34,-717.43,0,4,29.28,309.03,0.07312,40,133.11,103.21,0.38521,41,-3.67,103.56,0.45697,42,-98.75,96.11,0.08431,7,37,-48.91,-800.73,0.00023,38,-186.13,-794.09,0.00003,39,-314.95,-780.7,0,4,-45.54,341.38,0.03411,40,214.36,96.8,0.0785,41,77.75,107.32,0.49356,42,-17.88,106.25,0.39356,7,37,-3,-837.81,0.00019,38,-141.7,-832.93,0.00003,39,-272.31,-821.5,0,4,-102.21,357.86,0.02287,40,273.32,99.55,0.02372,41,135.91,117.39,0.29181,42,39.31,120.85,0.66138,1,4,246.13,-102.26,1,1,4,225.59,-175.32,1,1,4,197.64,-248.55,1,1,4,154.62,-310.27,1,1,4,102.44,-360.36,1,5,37,149.39,-95.84,0.22047,38,39.44,-97.44,0.54485,39,-58.22,-94.92,0.19418,4,43.76,-385.41,0.04051,42,-464.02,686.9,0,5,37,236.22,-85.33,0.0269,38,126.62,-90.32,0.26075,39,29.18,-91.73,0.69758,4,-32.28,-428.64,0.01477,42,-420.48,762.76,0,5,37,302.72,-77.99,0.00349,38,193.35,-85.57,0.07562,39,96.07,-89.99,0.91458,4,-90.79,-461.09,0.0063,42,-386.57,820.44,0],"edges":[62,0,0,2,2,4,4,6,6,8,8,10,10,12,12,14,14,16,16,18,18,20,20,22,22,24,24,26,26,28,28,30,30,32,32,34,34,36,36,38,38,40,40,42,42,44,44,46,46,48,48,50,50,52,52,54,54,56,56,58,58,60,60,62]}}}}],"animations":{"Idle":{"bones":{"root":{"rotate":[{"curve":"stepped"},{"time":1.3333}],"translate":[{"curve":"stepped"},{"time":1.3333}],"scale":[{"curve":"stepped"},{"time":1.3333}]},"All":{"rotate":[{"curve":"stepped"},{"time":1.3333}],"translate":[{"curve":"stepped"},{"time":1.3333}],"scale":[{"curve":"stepped"},{"time":1.3333}]},"Body":{"rotate":[{"curve":"stepped"},{"time":1.3333}],"translate":[{"curve":0.25,"c3":0.75},{"time":0.6667,"x":3.08,"y":-78.97,"curve":0.25,"c3":0.75},{"time":1.3333}],"scale":[{"curve":"stepped"},{"time":1.3333}]},"Body1":{"rotate":[{"curve":"stepped"},{"time":1.3333}],"translate":[{"x":-1.47,"y":-0.23,"curve":0.375,"c2":0.62,"c3":0.716},{"time":0.1333,"curve":0.25,"c3":0.75},{"time":0.8,"x":-11.3,"y":-1.81,"curve":0.243,"c3":0.68,"c4":0.71},{"time":1.3333,"x":-1.47,"y":-0.23}],"scale":[{"curve":"stepped"},{"time":1.3333}]},"Body2":{"rotate":[{"curve":"stepped"},{"time":1.3333}],"translate":[{"x":-5.77,"y":0.9,"curve":0.381,"c2":0.55,"c3":0.742},{"time":0.2667,"curve":0.25,"c3":0.75},{"time":0.9333,"x":-15.68,"y":2.45,"curve":0.245,"c3":0.637,"c4":0.56},{"time":1.3333,"x":-5.77,"y":0.9}],"scale":[{"curve":"stepped"},{"time":1.3333}]},"Head":{"rotate":[{"curve":"stepped"},{"time":1.3333}],"translate":[{"x":-8.51,"y":-0.2,"curve":0.363,"c2":0.44,"c3":0.755},{"time":0.4,"curve":0.25,"c3":0.75},{"time":1.0667,"x":-13.46,"y":-0.31,"curve":0.258,"c3":0.619,"c4":0.45},{"time":1.3333,"x":-8.51,"y":-0.2}],"scale":[{"curve":"stepped"},{"time":1.3333}]},"R_UpperArm":{"rotate":[{"angle":0.3,"curve":0.375,"c2":0.62,"c3":0.716},{"time":0.1333,"angle":0.7,"curve":0.25,"c3":0.75},{"time":0.8,"angle":-2.33,"curve":0.243,"c3":0.68,"c4":0.71},{"time":1.3333,"angle":0.3}],"translate":[{"curve":"stepped"},{"time":1.3333}],"scale":[{"curve":"stepped"},{"time":1.3333}]},"R_LowerArm":{"rotate":[{"angle":-0.73,"curve":0.381,"c2":0.55,"c3":0.742},{"time":0.2667,"angle":0.7,"curve":0.25,"c3":0.75},{"time":0.9333,"angle":-3.18,"curve":0.245,"c3":0.637,"c4":0.56},{"time":1.3333,"angle":-0.73}],"translate":[{"curve":"stepped"},{"time":1.3333}],"scale":[{"curve":"stepped"},{"time":1.3333}]},"R_Hand":{"rotate":[{"angle":21.39,"curve":0.363,"c2":0.44,"c3":0.755},{"time":0.4,"angle":25.65,"curve":0.25,"c3":0.75},{"time":1.0667,"angle":18.91,"curve":0.258,"c3":0.619,"c4":0.45},{"time":1.3333,"angle":21.39}],"translate":[{"curve":"stepped"},{"time":1.3333}],"scale":[{"curve":"stepped"},{"time":1.3333}]},"L_UpperArm":{"rotate":[{"angle":-0.01,"curve":0.345,"c2":0.38,"c3":0.68,"c4":0.71},{"time":0.0667,"angle":-0.31,"curve":0.375,"c2":0.62,"c3":0.716},{"time":0.2,"angle":-0.66,"curve":0.25,"c3":0.75},{"time":0.8667,"angle":2.07,"curve":0.243,"c3":0.655,"c4":0.63},{"time":1.3333,"angle":-0.01}],"translate":[{"curve":"stepped"},{"time":0.0667,"curve":"stepped"},{"time":1.3333}],"scale":[{"curve":"stepped"},{"time":0.0667,"curve":"stepped"},{"time":1.3333}]},"L_LowerArm":{"rotate":[{"angle":1.83,"curve":0.335,"c2":0.34,"c3":0.67,"c4":0.68},{"time":0.0667,"angle":1.17,"curve":0.381,"c2":0.55,"c3":0.742},{"time":0.3333,"angle":-0.66,"curve":0.25,"c3":0.75},{"time":1,"angle":4.33,"curve":0.25,"c3":0.625,"c4":0.5},{"time":1.3333,"angle":1.83}],"translate":[{"curve":"stepped"},{"time":0.0667,"curve":"stepped"},{"time":1.3333}],"scale":[{"curve":"stepped"},{"time":0.0667,"curve":"stepped"},{"time":1.3333}]},"L_Hand":{"rotate":[{"angle":-20.56,"curve":0.326,"c2":0.31,"c3":0.661,"c4":0.65},{"time":0.0667,"angle":-20.95,"curve":0.363,"c2":0.44,"c3":0.755},{"time":0.4667,"angle":-22.92,"curve":0.25,"c3":0.75},{"time":1.1333,"angle":-19.81,"curve":0.269,"c3":0.618,"c4":0.42},{"time":1.3333,"angle":-20.56}],"translate":[{"curve":"stepped"},{"time":0.0667,"curve":"stepped"},{"time":1.3333}],"scale":[{"curve":"stepped"},{"time":0.0667,"curve":"stepped"},{"time":1.3333}]},"R_Dress":{"rotate":[{"angle":1.08,"curve":0.25,"c3":0.75},{"time":0.6667,"angle":-0.51,"curve":0.25,"c3":0.75},{"time":1.3333,"angle":1.08}],"translate":[{"curve":"stepped"},{"time":1.3333}],"scale":[{"curve":"stepped"},{"time":1.3333}]},"bone13":{"rotate":[{"angle":0.95,"curve":0.369,"c2":0.63,"c3":0.706},{"time":0.1,"angle":1.08,"curve":0.25,"c3":0.75},{"time":0.7667,"angle":-0.51,"curve":0.244,"c3":0.694,"c4":0.77},{"time":1.3333,"angle":0.95}],"translate":[{"curve":"stepped"},{"time":1.3333}],"scale":[{"curve":"stepped"},{"time":1.3333}]},"bone14":{"rotate":[{"angle":0.7,"curve":0.382,"c2":0.58,"c3":0.731},{"time":0.2,"angle":1.08,"curve":0.25,"c3":0.75},{"time":0.8667,"angle":-0.51,"curve":0.243,"c3":0.655,"c4":0.63},{"time":1.3333,"angle":0.7}],"translate":[{"curve":"stepped"},{"time":1.3333}],"scale":[{"curve":"stepped"},{"time":1.3333}]},"bone15":{"rotate":[{"angle":0.39,"curve":0.379,"c2":0.52,"c3":0.747},{"time":0.3,"angle":1.08,"curve":0.25,"c3":0.75},{"time":0.9667,"angle":-0.51,"curve":0.247,"c3":0.63,"c4":0.53},{"time":1.3333,"angle":0.39}],"translate":[{"curve":"stepped"},{"time":1.3333}],"scale":[{"curve":"stepped"},{"time":1.3333}]},"bone16":{"rotate":[{"angle":0.08,"curve":0.363,"c2":0.44,"c3":0.755},{"time":0.4,"angle":1.08,"curve":0.25,"c3":0.75},{"time":1.0667,"angle":-0.51,"curve":0.258,"c3":0.619,"c4":0.45},{"time":1.3333,"angle":0.08}],"translate":[{"curve":"stepped"},{"time":1.3333}],"scale":[{"curve":"stepped"},{"time":1.3333}]},"bone17":{"rotate":[{"angle":-1.45,"curve":0.333,"c2":0.33,"c3":0.758},{"time":0.5,"angle":3.37,"curve":0.25,"c3":0.75},{"time":1.1667,"angle":-2.54,"curve":0.276,"c3":0.621,"c4":0.4},{"time":1.3333,"angle":-1.45}],"translate":[{"curve":"stepped"},{"time":1.3333}],"scale":[{"curve":"stepped"},{"time":1.3333}]},"bone18":{"rotate":[{"angle":-4.24,"curve":0.289,"c2":0.17,"c3":0.755},{"time":0.6,"angle":8.89,"curve":0.25,"c3":0.75},{"time":1.2667,"angle":-4.82,"curve":0.305,"c3":0.64,"c4":0.36},{"time":1.3333,"angle":-4.24}],"translate":[{"curve":"stepped"},{"time":1.3333}],"scale":[{"curve":"stepped"},{"time":1.3333}]},"bone19":{"rotate":[{"angle":-9.09,"curve":0.348,"c2":0.66,"c3":0.682},{"time":0.0333,"angle":-9.46,"curve":0.25,"c3":0.75},{"time":0.7,"angle":12.55,"curve":0.247,"c3":0.729,"c4":0.91},{"time":1.3333,"angle":-9.09}],"translate":[{"curve":"stepped"},{"time":1.3333}],"scale":[{"curve":"stepped"},{"time":1.3333}]},"L_Dress":{"rotate":[{"angle":-0.57,"curve":0.381,"c2":0.55,"c3":0.742},{"time":0.2667,"angle":-1.1,"curve":0.25,"c3":0.75},{"time":0.9333,"angle":0.34,"curve":0.245,"c3":0.637,"c4":0.56},{"time":1.3333,"angle":-0.57}],"translate":[{"curve":"stepped"},{"time":0.2667,"curve":"stepped"},{"time":1.3333}],"scale":[{"curve":"stepped"},{"time":0.2667,"curve":"stepped"},{"time":1.3333}]},"bone21":{"rotate":[{"angle":-0.29,"curve":0.349,"c2":0.39,"c3":0.707,"c4":0.8},{"time":0.2667,"angle":-0.98,"curve":0.369,"c2":0.63,"c3":0.706},{"time":0.3667,"angle":-1.1,"curve":0.25,"c3":0.75},{"time":1.0333,"angle":0.34,"curve":0.253,"c3":0.621,"c4":0.48},{"time":1.3333,"angle":-0.29}],"translate":[{"curve":"stepped"},{"time":0.2667,"curve":"stepped"},{"time":1.3333}],"scale":[{"curve":"stepped"},{"time":0.2667,"curve":"stepped"},{"time":1.3333}]},"bone22":{"rotate":[{"angle":-0.01,"curve":0.321,"c2":0.3,"c3":0.679,"c4":0.7},{"time":0.2667,"angle":-0.75,"curve":0.382,"c2":0.58,"c3":0.731},{"time":0.4667,"angle":-1.1,"curve":0.25,"c3":0.75},{"time":1.1333,"angle":0.34,"curve":0.269,"c3":0.618,"c4":0.42},{"time":1.3333,"angle":-0.01}],"translate":[{"curve":"stepped"},{"time":0.2667,"curve":"stepped"},{"time":1.3333}],"scale":[{"curve":"stepped"},{"time":0.2667,"curve":"stepped"},{"time":1.3333}]},"bone23":{"rotate":[{"angle":0.22,"curve":0.293,"c2":0.2,"c3":0.651,"c4":0.61},{"time":0.2667,"angle":-0.47,"curve":0.379,"c2":0.52,"c3":0.747},{"time":0.5667,"angle":-1.1,"curve":0.25,"c3":0.75},{"time":1.2333,"angle":0.34,"curve":0.294,"c3":0.631,"c4":0.37},{"time":1.3333,"angle":0.22}],"translate":[{"curve":"stepped"},{"time":0.2667,"curve":"stepped"},{"time":1.3333}],"scale":[{"curve":"stepped"},{"time":0.2667,"curve":"stepped"},{"time":1.3333}]},"bone24":{"rotate":[{"angle":0.34,"curve":0.258,"c3":0.619,"c4":0.45},{"time":0.2667,"angle":-0.19,"curve":0.363,"c2":0.44,"c3":0.755},{"time":0.6667,"angle":-1.1,"curve":0.25,"c3":0.75},{"time":1.3333,"angle":0.34}],"translate":[{"curve":"stepped"},{"time":0.2667,"curve":"stepped"},{"time":1.3333}],"scale":[{"curve":"stepped"},{"time":0.2667,"curve":"stepped"},{"time":1.3333}]},"bone25":{"rotate":[{"angle":1.4,"curve":0.369,"c2":0.63,"c3":0.706},{"time":0.1,"angle":1.81,"curve":0.276,"c3":0.621,"c4":0.4},{"time":0.2667,"angle":0.9,"curve":0.333,"c2":0.33,"c3":0.758},{"time":0.7667,"angle":-3.13,"curve":0.244,"c3":0.694,"c4":0.77},{"time":1.3333,"angle":1.4}],"translate":[{"curve":"stepped"},{"time":0.2667,"curve":"stepped"},{"time":1.3333}],"scale":[{"curve":"stepped"},{"time":0.2667,"curve":"stepped"},{"time":1.3333}]},"bone26":{"rotate":[{"angle":0.64,"curve":0.382,"c2":0.58,"c3":0.731},{"time":0.2,"angle":2.53,"curve":0.305,"c3":0.64,"c4":0.36},{"time":0.2667,"angle":2.2,"curve":0.289,"c2":0.17,"c3":0.755},{"time":0.8667,"angle":-5.27,"curve":0.243,"c3":0.655,"c4":0.63},{"time":1.3333,"angle":0.64}],"translate":[{"curve":"stepped"},{"time":0.2667,"curve":"stepped"},{"time":1.3333}],"scale":[{"curve":"stepped"},{"time":0.2667,"curve":"stepped"},{"time":1.3333}]},"bone27":{"rotate":[{"angle":1.92,"curve":0.37,"c2":0.47,"c3":0.729,"c4":0.91},{"time":0.2667,"angle":8.89,"curve":0.348,"c2":0.66,"c3":0.682},{"time":0.3,"angle":9.18,"curve":0.25,"c3":0.75},{"time":0.9667,"angle":-7.67,"curve":0.247,"c3":0.63,"c4":0.53},{"time":1.3333,"angle":1.92}],"translate":[{"curve":"stepped"},{"time":0.2667,"curve":"stepped"},{"time":1.3333}],"scale":[{"curve":"stepped"},{"time":0.2667,"curve":"stepped"},{"time":1.3333}]},"Mid_Dress":{"rotate":[{"angle":-0.33,"curve":0.306,"c2":0.24,"c3":0.694,"c4":0.76},{"time":0.4,"angle":-0.05,"curve":0.375,"c2":0.62,"c3":0.716},{"time":0.5333},{"time":1.2,"angle":-0.38,"curve":0.284,"c3":0.625,"c4":0.38},{"time":1.3333,"angle":-0.33}],"translate":[{"curve":"stepped"},{"time":0.4,"curve":"stepped"},{"time":0.5333,"curve":"stepped"},{"time":1.3333}],"scale":[{"curve":"stepped"},{"time":0.4,"curve":"stepped"},{"time":0.5333,"curve":"stepped"},{"time":1.3333}]},"bone29":{"rotate":[{"angle":-0.37,"curve":0.262,"c2":0.08,"c3":0.652,"c4":0.62},{"time":0.4,"angle":-0.11,"curve":0.354,"c2":0.41,"c3":0.694,"c4":0.77},{"time":0.5333,"angle":-0.03,"curve":0.369,"c2":0.63,"c3":0.706},{"time":0.6333,"curve":0.25,"c3":0.75},{"time":1.3,"angle":-0.38,"curve":0.318,"c3":0.652,"c4":0.34},{"time":1.3333,"angle":-0.37}],"translate":[{"curve":"stepped"},{"time":0.4,"curve":"stepped"},{"time":0.5333,"curve":"stepped"},{"time":1.3333}],"scale":[{"curve":"stepped"},{"time":0.4,"curve":"stepped"},{"time":0.5333,"curve":"stepped"},{"time":1.3333}]},"bone30":{"rotate":[{"angle":-0.36,"curve":0.36,"c2":0.64,"c3":0.695},{"time":0.0667,"angle":-0.38,"curve":0.25,"c3":0.625,"c4":0.5},{"time":0.4,"angle":-0.19,"curve":0.339,"c2":0.35,"c3":0.679,"c4":0.7},{"time":0.5333,"angle":-0.09,"curve":0.382,"c2":0.58,"c3":0.731},{"time":0.7333,"curve":0.245,"c3":0.711,"c4":0.83},{"time":1.3333,"angle":-0.36}],"translate":[{"curve":"stepped"},{"time":0.4,"curve":"stepped"},{"time":0.5333,"curve":"stepped"},{"time":1.3333}],"scale":[{"curve":"stepped"},{"time":0.4,"curve":"stepped"},{"time":0.5333,"curve":"stepped"},{"time":1.3333}]},"bone31":{"rotate":[{"angle":-0.31,"curve":0.379,"c2":0.6,"c3":0.724},{"time":0.1667,"angle":-0.38,"curve":0.263,"c3":0.618,"c4":0.43},{"time":0.4,"angle":-0.26,"curve":0.326,"c2":0.31,"c3":0.665,"c4":0.66},{"time":0.5333,"angle":-0.16,"curve":0.379,"c2":0.52,"c3":0.747},{"time":0.8333,"curve":0.242,"c3":0.667,"c4":0.67},{"time":1.3333,"angle":-0.31}],"translate":[{"curve":"stepped"},{"time":0.4,"curve":"stepped"},{"time":0.5333,"curve":"stepped"},{"time":1.3333}],"scale":[{"curve":"stepped"},{"time":0.4,"curve":"stepped"},{"time":0.5333,"curve":"stepped"},{"time":1.3333}]},"bone32":{"rotate":[{"angle":-0.24,"curve":0.381,"c2":0.55,"c3":0.742},{"time":0.2667,"angle":-0.38,"curve":0.284,"c3":0.625,"c4":0.38},{"time":0.4,"angle":-0.33,"curve":0.311,"c2":0.26,"c3":0.651,"c4":0.61},{"time":0.5333,"angle":-0.24,"curve":0.363,"c2":0.44,"c3":0.755},{"time":0.9333,"curve":0.245,"c3":0.637,"c4":0.56},{"time":1.3333,"angle":-0.24}],"translate":[{"curve":"stepped"},{"time":0.4,"curve":"stepped"},{"time":0.5333,"curve":"stepped"},{"time":1.3333}],"scale":[{"curve":"stepped"},{"time":0.4,"curve":"stepped"},{"time":0.5333,"curve":"stepped"},{"time":1.3333}]},"bone33":{"rotate":[{"angle":-0.16,"curve":0.37,"c2":0.47,"c3":0.753},{"time":0.3667,"angle":-0.38,"curve":0.318,"c3":0.652,"c4":0.34},{"time":0.4,"angle":-0.37,"curve":0.292,"c2":0.13,"c3":0.633,"c4":0.5},{"time":0.5333,"angle":-0.31,"curve":0.333,"c2":0.33,"c3":0.758},{"time":1.0333,"curve":0.253,"c3":0.621,"c4":0.48},{"time":1.3333,"angle":-0.16}],"translate":[{"curve":"stepped"},{"time":0.4,"curve":"stepped"},{"time":0.5333,"curve":"stepped"},{"time":1.3333}],"scale":[{"curve":"stepped"},{"time":0.4,"curve":"stepped"},{"time":0.5333,"curve":"stepped"},{"time":1.3333}]},"bone34":{"rotate":[{"angle":1.14,"curve":0.333,"c2":0.33,"c3":0.723,"c4":0.86},{"time":0.4,"angle":-1.7,"curve":0.36,"c2":0.64,"c3":0.695},{"time":0.4667,"angle":-1.87,"curve":0.305,"c3":0.64,"c4":0.36},{"time":0.5333,"angle":-1.7,"curve":0.289,"c2":0.17,"c3":0.755},{"time":1.1333,"angle":2.12,"curve":0.269,"c3":0.618,"c4":0.42},{"time":1.3333,"angle":1.14}],"translate":[{"curve":"stepped"},{"time":0.4,"curve":"stepped"},{"time":0.5333,"curve":"stepped"},{"time":1.3333}],"scale":[{"curve":"stepped"},{"time":0.4,"curve":"stepped"},{"time":0.5333,"curve":"stepped"},{"time":1.3333}]},"bone35":{"rotate":[{"angle":2.43,"curve":0.292,"c2":0.2,"c3":0.681,"c4":0.71},{"time":0.4,"angle":-5.78,"curve":0.367,"c2":0.5,"c3":0.708,"c4":0.87},{"time":0.5333,"angle":-7.63,"curve":0.348,"c2":0.66,"c3":0.682},{"time":0.5667,"angle":-7.82,"curve":0.25,"c3":0.75},{"time":1.2333,"angle":3.36,"curve":0.294,"c3":0.631,"c4":0.37},{"time":1.3333,"angle":2.43}],"translate":[{"curve":"stepped"},{"time":0.4,"curve":"stepped"},{"time":0.5333,"curve":"stepped"},{"time":1.3333}],"scale":[{"curve":"stepped"},{"time":0.4,"curve":"stepped"},{"time":0.5333,"curve":"stepped"},{"time":1.3333}]},"bone36":{"rotate":[{"angle":6.3,"curve":0.245,"c3":0.637,"c4":0.56},{"time":0.4,"angle":-3.57,"curve":0.349,"c2":0.39,"c3":0.689,"c4":0.74},{"time":0.5333,"angle":-7.2,"curve":0.375,"c2":0.62,"c3":0.716},{"time":0.6667,"angle":-9.22,"curve":0.25,"c3":0.75},{"time":1.3333,"angle":6.3}],"translate":[{"curve":"stepped"},{"time":0.4,"curve":"stepped"},{"time":0.5333,"curve":"stepped"},{"time":1.3333}],"scale":[{"curve":"stepped"},{"time":0.4,"curve":"stepped"},{"time":0.5333,"curve":"stepped"},{"time":1.3333}]},"R_Scarf":{"rotate":[{"angle":4.6,"curve":0.379,"c2":0.6,"c3":0.724},{"time":0.1667,"angle":4.84,"curve":0.25,"c3":0.75},{"time":0.8333,"angle":3.53,"curve":0.242,"c3":0.667,"c4":0.67},{"time":1.3333,"angle":4.6}],"translate":[{"curve":"stepped"},{"time":1.3333}],"scale":[{"curve":"stepped"},{"time":1.3333}]},"bone38":{"rotate":[{"angle":4.45,"curve":0.379,"c2":0.52,"c3":0.747},{"time":0.3,"angle":12.28,"curve":0.25,"c3":0.75},{"time":0.9667,"angle":-5.75,"curve":0.247,"c3":0.63,"c4":0.53},{"time":1.3333,"angle":4.45}],"translate":[{"curve":"stepped"},{"time":1.3333}],"scale":[{"curve":"stepped"},{"time":1.3333}]},"bone39":{"rotate":[{"angle":-1.77,"curve":0.354,"c2":0.41,"c3":0.756},{"time":0.4333,"angle":12.87,"curve":0.25,"c3":0.75},{"time":1.1,"angle":-8.18,"curve":0.263,"c3":0.618,"c4":0.43},{"time":1.3333,"angle":-1.77}],"translate":[{"curve":"stepped"},{"time":1.3333}],"scale":[{"curve":"stepped"},{"time":1.3333}]},"L_Scarf":{"rotate":[{"angle":-4.06,"curve":0.382,"c2":0.57,"c3":0.737},{"time":0.2333,"angle":-3.16,"curve":0.25,"c3":0.75},{"time":0.9,"angle":-6.1,"curve":0.244,"c3":0.646,"c4":0.59},{"time":1.3333,"angle":-4.06}],"translate":[{"curve":"stepped"},{"time":1.3333}],"scale":[{"curve":"stepped"},{"time":1.3333}]},"bone41":{"rotate":[{"angle":2.41,"curve":0.37,"c2":0.47,"c3":0.753},{"time":0.3667,"angle":-8.95,"curve":0.25,"c3":0.75},{"time":1.0333,"angle":11.11,"curve":0.253,"c3":0.621,"c4":0.48},{"time":1.3333,"angle":2.41}],"translate":[{"curve":"stepped"},{"time":1.3333}],"scale":[{"curve":"stepped"},{"time":1.3333}]},"bone42":{"rotate":[{"angle":4.72,"curve":0.333,"c2":0.33,"c3":0.758},{"time":0.5,"angle":-11.26,"curve":0.25,"c3":0.75},{"time":1.1667,"angle":8.34,"curve":0.276,"c3":0.621,"c4":0.4},{"time":1.3333,"angle":4.72}],"translate":[{"curve":"stepped"},{"time":1.3333}],"scale":[{"curve":"stepped"},{"time":1.3333}]},"L_Hat":{"rotate":[{"curve":"stepped"},{"time":1.3333}],"translate":[{"x":-34.57,"y":-14.58,"curve":0.289,"c2":0.17,"c3":0.755},{"time":0.6,"curve":0.25,"c3":0.75},{"time":1.2667,"x":-36.11,"y":-15.23,"curve":0.305,"c3":0.64,"c4":0.36},{"time":1.3333,"x":-34.57,"y":-14.58}],"scale":[{"curve":"stepped"},{"time":1.3333}]},"R_Hat":{"rotate":[{"curve":"stepped"},{"time":1.3333}],"translate":[{"x":-25.24,"y":10.1,"curve":0.32,"c2":0.29,"c3":0.757},{"time":0.5333,"curve":0.25,"c3":0.75},{"time":1.2,"x":-29.02,"y":11.61,"curve":0.284,"c3":0.625,"c4":0.38},{"time":1.3333,"x":-25.24,"y":10.1}],"scale":[{"curve":"stepped"},{"time":1.3333}]}}},"Transition":{"slots":{"Glow":{"color":[{"color":"ffffff00","curve":0.25,"c3":0.75},{"time":0.5,"color":"ffffffff"}],"attachment":[{"name":"Glow"},{"time":1.3333,"name":"Glow"}]},"Rectangle 1":{"color":[{"time":1.2667,"color":"ffffff00","curve":0.25,"c3":0.75},{"time":2.1,"color":"ffffffff"}],"attachment":[{"time":1.2667,"name":"Rectangle 1"}]}},"bones":{"root":{"rotate":[{"curve":"stepped"},{"time":1.3333}],"translate":[{"curve":"stepped"},{"time":1.3333}],"scale":[{"curve":"stepped"},{"time":1.2667,"curve":"stepped"},{"time":1.3333}]},"All":{"rotate":[{"curve":"stepped"},{"time":1.3333,"curve":"stepped"},{"time":2.6667}],"translate":[{"curve":"stepped"},{"time":1.3333,"curve":"stepped"},{"time":2.6667}],"scale":[{"curve":"stepped"},{"time":1.3333,"curve":"stepped"},{"time":2.6667}]},"Body":{"rotate":[{"curve":"stepped"},{"time":1.3333,"curve":"stepped"},{"time":2.6667}],"translate":[{"curve":0.25,"c3":0.75},{"time":0.6667,"y":-12.12,"curve":0.25,"c3":0.75},{"time":1.3333,"curve":0.25,"c3":0.75},{"time":2,"y":-12.12,"curve":0.25,"c3":0.75},{"time":2.6667}],"scale":[{"curve":"stepped"},{"time":1.3333,"curve":"stepped"},{"time":2.6667}]},"Body1":{"rotate":[{"curve":"stepped"},{"time":1.3333,"curve":"stepped"},{"time":2.6667}],"translate":[{"x":-1.47,"y":-0.23,"curve":0.375,"c2":0.62,"c3":0.716},{"time":0.1333,"curve":0.25,"c3":0.75},{"time":0.8,"x":-11.3,"y":-1.81,"curve":0.243,"c3":0.68,"c4":0.71},{"time":1.3333,"x":-1.47,"y":-0.23,"curve":0.375,"c2":0.62,"c3":0.716},{"time":1.4667,"curve":0.25,"c3":0.75},{"time":2.1333,"x":-11.3,"y":-1.81,"curve":0.243,"c3":0.68,"c4":0.71},{"time":2.6667,"x":-1.47,"y":-0.23}],"scale":[{"curve":"stepped"},{"time":1.3333,"curve":"stepped"},{"time":2.6667}]},"Body2":{"rotate":[{"curve":"stepped"},{"time":1.3333,"curve":"stepped"},{"time":2.6667}],"translate":[{"x":-5.77,"y":0.9,"curve":0.381,"c2":0.55,"c3":0.742},{"time":0.2667,"curve":0.25,"c3":0.75},{"time":0.9333,"x":-15.68,"y":2.45,"curve":0.245,"c3":0.637,"c4":0.56},{"time":1.3333,"x":-5.77,"y":0.9,"curve":0.381,"c2":0.55,"c3":0.742},{"time":1.6,"curve":0.25,"c3":0.75},{"time":2.2667,"x":-15.68,"y":2.45,"curve":0.245,"c3":0.637,"c4":0.56},{"time":2.6667,"x":-5.77,"y":0.9}],"scale":[{"curve":"stepped"},{"time":1.3333,"curve":"stepped"},{"time":2.6667}]},"Head":{"rotate":[{"curve":"stepped"},{"time":1.3333,"curve":"stepped"},{"time":2.6667}],"translate":[{"x":-8.51,"y":-0.2,"curve":0.363,"c2":0.44,"c3":0.755},{"time":0.4,"curve":0.25,"c3":0.75},{"time":1.0667,"x":-13.46,"y":-0.31,"curve":0.258,"c3":0.619,"c4":0.45},{"time":1.3333,"x":-8.51,"y":-0.2,"curve":0.363,"c2":0.44,"c3":0.755},{"time":1.7333,"curve":0.25,"c3":0.75},{"time":2.4,"x":-13.46,"y":-0.31,"curve":0.258,"c3":0.619,"c4":0.45},{"time":2.6667,"x":-8.51,"y":-0.2}],"scale":[{"curve":"stepped"},{"time":1.3333,"curve":"stepped"},{"time":2.6667}]},"R_UpperArm":{"rotate":[{"angle":0.3,"curve":0.375,"c2":0.62,"c3":0.716},{"time":0.1333,"angle":0.7,"curve":0.25,"c3":0.75},{"time":0.8,"angle":-2.33,"curve":0.243,"c3":0.68,"c4":0.71},{"time":1.3333,"angle":0.3,"curve":0.375,"c2":0.62,"c3":0.716},{"time":1.4667,"angle":0.7,"curve":0.25,"c3":0.75},{"time":2.1333,"angle":-2.33,"curve":0.243,"c3":0.68,"c4":0.71},{"time":2.6667,"angle":0.3}],"translate":[{"curve":"stepped"},{"time":1.3333,"curve":"stepped"},{"time":2.6667}],"scale":[{"curve":"stepped"},{"time":1.3333,"curve":"stepped"},{"time":2.6667}]},"R_LowerArm":{"rotate":[{"angle":-0.73,"curve":0.381,"c2":0.55,"c3":0.742},{"time":0.2667,"angle":0.7,"curve":0.25,"c3":0.75},{"time":0.9333,"angle":-3.18,"curve":0.245,"c3":0.637,"c4":0.56},{"time":1.3333,"angle":-0.73,"curve":0.381,"c2":0.55,"c3":0.742},{"time":1.6,"angle":0.7,"curve":0.25,"c3":0.75},{"time":2.2667,"angle":-3.18,"curve":0.245,"c3":0.637,"c4":0.56},{"time":2.6667,"angle":-0.73}],"translate":[{"curve":"stepped"},{"time":1.3333,"curve":"stepped"},{"time":2.6667}],"scale":[{"curve":"stepped"},{"time":1.3333,"curve":"stepped"},{"time":2.6667}]},"R_Hand":{"rotate":[{"angle":21.39,"curve":0.363,"c2":0.44,"c3":0.755},{"time":0.4,"angle":25.65,"curve":0.25,"c3":0.75},{"time":1.0667,"angle":18.91,"curve":0.258,"c3":0.619,"c4":0.45},{"time":1.3333,"angle":21.39,"curve":0.363,"c2":0.44,"c3":0.755},{"time":1.7333,"angle":25.65,"curve":0.25,"c3":0.75},{"time":2.4,"angle":18.91,"curve":0.258,"c3":0.619,"c4":0.45},{"time":2.6667,"angle":21.39}],"translate":[{"curve":"stepped"},{"time":1.3333,"curve":"stepped"},{"time":2.6667}],"scale":[{"curve":"stepped"},{"time":1.3333,"curve":"stepped"},{"time":2.6667}]},"L_UpperArm":{"rotate":[{"angle":-0.01,"curve":0.345,"c2":0.38,"c3":0.68,"c4":0.71},{"time":0.0667,"angle":-0.31,"curve":0.375,"c2":0.62,"c3":0.716},{"time":0.2,"angle":-0.66,"curve":0.25,"c3":0.75},{"time":0.8667,"angle":2.07,"curve":0.243,"c3":0.655,"c4":0.63},{"time":1.3333,"angle":-0.01,"curve":0.345,"c2":0.38,"c3":0.68,"c4":0.71},{"time":1.4,"angle":-0.31,"curve":0.375,"c2":0.62,"c3":0.716},{"time":1.5333,"angle":-0.66,"curve":0.25,"c3":0.75},{"time":2.2,"angle":2.07,"curve":0.243,"c3":0.655,"c4":0.63},{"time":2.6667,"angle":-0.01}],"translate":[{"curve":"stepped"},{"time":0.0667,"curve":"stepped"},{"time":1.3333,"curve":"stepped"},{"time":1.4,"curve":"stepped"},{"time":2.6667}],"scale":[{"curve":"stepped"},{"time":0.0667,"curve":"stepped"},{"time":1.3333,"curve":"stepped"},{"time":1.4,"curve":"stepped"},{"time":2.6667}]},"L_LowerArm":{"rotate":[{"angle":1.83,"curve":0.335,"c2":0.34,"c3":0.67,"c4":0.68},{"time":0.0667,"angle":1.17,"curve":0.381,"c2":0.55,"c3":0.742},{"time":0.3333,"angle":-0.66,"curve":0.25,"c3":0.75},{"time":1,"angle":4.33,"curve":0.25,"c3":0.625,"c4":0.5},{"time":1.3333,"angle":1.83,"curve":0.335,"c2":0.34,"c3":0.67,"c4":0.68},{"time":1.4,"angle":1.17,"curve":0.381,"c2":0.55,"c3":0.742},{"time":1.6667,"angle":-0.66,"curve":0.25,"c3":0.75},{"time":2.3333,"angle":4.33,"curve":0.25,"c3":0.625,"c4":0.5},{"time":2.6667,"angle":1.83}],"translate":[{"curve":"stepped"},{"time":0.0667,"curve":"stepped"},{"time":1.3333,"curve":"stepped"},{"time":1.4,"curve":"stepped"},{"time":2.6667}],"scale":[{"curve":"stepped"},{"time":0.0667,"curve":"stepped"},{"time":1.3333,"curve":"stepped"},{"time":1.4,"curve":"stepped"},{"time":2.6667}]},"L_Hand":{"rotate":[{"angle":-20.56,"curve":0.326,"c2":0.31,"c3":0.661,"c4":0.65},{"time":0.0667,"angle":-20.95,"curve":0.363,"c2":0.44,"c3":0.755},{"time":0.4667,"angle":-22.92,"curve":0.25,"c3":0.75},{"time":1.1333,"angle":-19.81,"curve":0.269,"c3":0.618,"c4":0.42},{"time":1.3333,"angle":-20.56,"curve":0.326,"c2":0.31,"c3":0.661,"c4":0.65},{"time":1.4,"angle":-20.95,"curve":0.363,"c2":0.44,"c3":0.755},{"time":1.8,"angle":-22.92,"curve":0.25,"c3":0.75},{"time":2.4667,"angle":-19.81,"curve":0.269,"c3":0.618,"c4":0.42},{"time":2.6667,"angle":-20.56}],"translate":[{"curve":"stepped"},{"time":0.0667,"curve":"stepped"},{"time":1.3333,"curve":"stepped"},{"time":1.4,"curve":"stepped"},{"time":2.6667}],"scale":[{"curve":"stepped"},{"time":0.0667,"curve":"stepped"},{"time":1.3333,"curve":"stepped"},{"time":1.4,"curve":"stepped"},{"time":2.6667}]},"R_Dress":{"rotate":[{"angle":1.08,"curve":0.25,"c3":0.75},{"time":0.6667,"angle":-0.51,"curve":0.25,"c3":0.75},{"time":1.3333,"angle":1.08,"curve":0.25,"c3":0.75},{"time":2,"angle":-0.51,"curve":0.25,"c3":0.75},{"time":2.6667,"angle":1.08}],"translate":[{"curve":"stepped"},{"time":1.3333,"curve":"stepped"},{"time":2.6667}],"scale":[{"curve":"stepped"},{"time":1.3333,"curve":"stepped"},{"time":2.6667}]},"bone13":{"rotate":[{"angle":0.95,"curve":0.369,"c2":0.63,"c3":0.706},{"time":0.1,"angle":1.08,"curve":0.25,"c3":0.75},{"time":0.7667,"angle":-0.51,"curve":0.244,"c3":0.694,"c4":0.77},{"time":1.3333,"angle":0.95,"curve":0.369,"c2":0.63,"c3":0.706},{"time":1.4333,"angle":1.08,"curve":0.25,"c3":0.75},{"time":2.1,"angle":-0.51,"curve":0.244,"c3":0.694,"c4":0.77},{"time":2.6667,"angle":0.95}],"translate":[{"curve":"stepped"},{"time":1.3333,"curve":"stepped"},{"time":2.6667}],"scale":[{"curve":"stepped"},{"time":1.3333,"curve":"stepped"},{"time":2.6667}]},"bone14":{"rotate":[{"angle":0.7,"curve":0.382,"c2":0.58,"c3":0.731},{"time":0.2,"angle":1.08,"curve":0.25,"c3":0.75},{"time":0.8667,"angle":-0.51,"curve":0.243,"c3":0.655,"c4":0.63},{"time":1.3333,"angle":0.7,"curve":0.382,"c2":0.58,"c3":0.731},{"time":1.5333,"angle":1.08,"curve":0.25,"c3":0.75},{"time":2.2,"angle":-0.51,"curve":0.243,"c3":0.655,"c4":0.63},{"time":2.6667,"angle":0.7}],"translate":[{"curve":"stepped"},{"time":1.3333,"curve":"stepped"},{"time":2.6667}],"scale":[{"curve":"stepped"},{"time":1.3333,"curve":"stepped"},{"time":2.6667}]},"bone15":{"rotate":[{"angle":0.39,"curve":0.379,"c2":0.52,"c3":0.747},{"time":0.3,"angle":1.08,"curve":0.25,"c3":0.75},{"time":0.9667,"angle":-0.51,"curve":0.247,"c3":0.63,"c4":0.53},{"time":1.3333,"angle":0.39,"curve":0.379,"c2":0.52,"c3":0.747},{"time":1.6333,"angle":1.08,"curve":0.25,"c3":0.75},{"time":2.3,"angle":-0.51,"curve":0.247,"c3":0.63,"c4":0.53},{"time":2.6667,"angle":0.39}],"translate":[{"curve":"stepped"},{"time":1.3333,"curve":"stepped"},{"time":2.6667}],"scale":[{"curve":"stepped"},{"time":1.3333,"curve":"stepped"},{"time":2.6667}]},"bone16":{"rotate":[{"angle":0.08,"curve":0.363,"c2":0.44,"c3":0.755},{"time":0.4,"angle":1.08,"curve":0.25,"c3":0.75},{"time":1.0667,"angle":-0.51,"curve":0.258,"c3":0.619,"c4":0.45},{"time":1.3333,"angle":0.08,"curve":0.363,"c2":0.44,"c3":0.755},{"time":1.7333,"angle":1.08,"curve":0.25,"c3":0.75},{"time":2.4,"angle":-0.51,"curve":0.258,"c3":0.619,"c4":0.45},{"time":2.6667,"angle":0.08}],"translate":[{"curve":"stepped"},{"time":1.3333,"curve":"stepped"},{"time":2.6667}],"scale":[{"curve":"stepped"},{"time":1.3333,"curve":"stepped"},{"time":2.6667}]},"bone17":{"rotate":[{"angle":-1.45,"curve":0.333,"c2":0.33,"c3":0.758},{"time":0.5,"angle":3.37,"curve":0.25,"c3":0.75},{"time":1.1667,"angle":-2.54,"curve":0.276,"c3":0.621,"c4":0.4},{"time":1.3333,"angle":-1.45,"curve":0.333,"c2":0.33,"c3":0.758},{"time":1.8333,"angle":3.37,"curve":0.25,"c3":0.75},{"time":2.5,"angle":-2.54,"curve":0.276,"c3":0.621,"c4":0.4},{"time":2.6667,"angle":-1.45}],"translate":[{"curve":"stepped"},{"time":1.3333,"curve":"stepped"},{"time":2.6667}],"scale":[{"curve":"stepped"},{"time":1.3333,"curve":"stepped"},{"time":2.6667}]},"bone18":{"rotate":[{"angle":-4.24,"curve":0.289,"c2":0.17,"c3":0.755},{"time":0.6,"angle":8.89,"curve":0.25,"c3":0.75},{"time":1.2667,"angle":-4.82,"curve":0.305,"c3":0.64,"c4":0.36},{"time":1.3333,"angle":-4.24,"curve":0.289,"c2":0.17,"c3":0.755},{"time":1.9333,"angle":8.89,"curve":0.25,"c3":0.75},{"time":2.6,"angle":-4.82,"curve":0.305,"c3":0.64,"c4":0.36},{"time":2.6667,"angle":-4.24}],"translate":[{"curve":"stepped"},{"time":1.3333,"curve":"stepped"},{"time":2.6667}],"scale":[{"curve":"stepped"},{"time":1.3333,"curve":"stepped"},{"time":2.6667}]},"bone19":{"rotate":[{"angle":-9.09,"curve":0.348,"c2":0.66,"c3":0.682},{"time":0.0333,"angle":-9.46,"curve":0.25,"c3":0.75},{"time":0.7,"angle":12.55,"curve":0.247,"c3":0.729,"c4":0.91},{"time":1.3333,"angle":-9.09,"curve":0.348,"c2":0.66,"c3":0.682},{"time":1.3667,"angle":-9.46,"curve":0.25,"c3":0.75},{"time":2.0333,"angle":12.55,"curve":0.247,"c3":0.729,"c4":0.91},{"time":2.6667,"angle":-9.09}],"translate":[{"curve":"stepped"},{"time":1.3333,"curve":"stepped"},{"time":2.6667}],"scale":[{"curve":"stepped"},{"time":1.3333,"curve":"stepped"},{"time":2.6667}]},"L_Dress":{"rotate":[{"angle":-0.57,"curve":0.381,"c2":0.55,"c3":0.742},{"time":0.2667,"angle":-1.1,"curve":0.25,"c3":0.75},{"time":0.9333,"angle":0.34,"curve":0.245,"c3":0.637,"c4":0.56},{"time":1.3333,"angle":-0.57,"curve":0.381,"c2":0.55,"c3":0.742},{"time":1.6,"angle":-1.1,"curve":0.25,"c3":0.75},{"time":2.2667,"angle":0.34,"curve":0.245,"c3":0.637,"c4":0.56},{"time":2.6667,"angle":-0.57}],"translate":[{"curve":"stepped"},{"time":0.2667,"curve":"stepped"},{"time":1.3333,"curve":"stepped"},{"time":1.6,"curve":"stepped"},{"time":2.6667}],"scale":[{"curve":"stepped"},{"time":0.2667,"curve":"stepped"},{"time":1.3333,"curve":"stepped"},{"time":1.6,"curve":"stepped"},{"time":2.6667}]},"bone21":{"rotate":[{"angle":-0.29,"curve":0.349,"c2":0.39,"c3":0.707,"c4":0.8},{"time":0.2667,"angle":-0.98,"curve":0.369,"c2":0.63,"c3":0.706},{"time":0.3667,"angle":-1.1,"curve":0.25,"c3":0.75},{"time":1.0333,"angle":0.34,"curve":0.253,"c3":0.621,"c4":0.48},{"time":1.3333,"angle":-0.29,"curve":0.349,"c2":0.39,"c3":0.707,"c4":0.8},{"time":1.6,"angle":-0.98,"curve":0.369,"c2":0.63,"c3":0.706},{"time":1.7,"angle":-1.1,"curve":0.25,"c3":0.75},{"time":2.3667,"angle":0.34,"curve":0.253,"c3":0.621,"c4":0.48},{"time":2.6667,"angle":-0.29}],"translate":[{"curve":"stepped"},{"time":0.2667,"curve":"stepped"},{"time":1.3333,"curve":"stepped"},{"time":1.6,"curve":"stepped"},{"time":2.6667}],"scale":[{"curve":"stepped"},{"time":0.2667,"curve":"stepped"},{"time":1.3333,"curve":"stepped"},{"time":1.6,"curve":"stepped"},{"time":2.6667}]},"bone22":{"rotate":[{"angle":-0.01,"curve":0.321,"c2":0.3,"c3":0.679,"c4":0.7},{"time":0.2667,"angle":-0.75,"curve":0.382,"c2":0.58,"c3":0.731},{"time":0.4667,"angle":-1.1,"curve":0.25,"c3":0.75},{"time":1.1333,"angle":0.34,"curve":0.269,"c3":0.618,"c4":0.42},{"time":1.3333,"angle":-0.01,"curve":0.321,"c2":0.3,"c3":0.679,"c4":0.7},{"time":1.6,"angle":-0.75,"curve":0.382,"c2":0.58,"c3":0.731},{"time":1.8,"angle":-1.1,"curve":0.25,"c3":0.75},{"time":2.4667,"angle":0.34,"curve":0.269,"c3":0.618,"c4":0.42},{"time":2.6667,"angle":-0.01}],"translate":[{"curve":"stepped"},{"time":0.2667,"curve":"stepped"},{"time":1.3333,"curve":"stepped"},{"time":1.6,"curve":"stepped"},{"time":2.6667}],"scale":[{"curve":"stepped"},{"time":0.2667,"curve":"stepped"},{"time":1.3333,"curve":"stepped"},{"time":1.6,"curve":"stepped"},{"time":2.6667}]},"bone23":{"rotate":[{"angle":0.22,"curve":0.293,"c2":0.2,"c3":0.651,"c4":0.61},{"time":0.2667,"angle":-0.47,"curve":0.379,"c2":0.52,"c3":0.747},{"time":0.5667,"angle":-1.1,"curve":0.25,"c3":0.75},{"time":1.2333,"angle":0.34,"curve":0.294,"c3":0.631,"c4":0.37},{"time":1.3333,"angle":0.22,"curve":0.293,"c2":0.2,"c3":0.651,"c4":0.61},{"time":1.6,"angle":-0.47,"curve":0.379,"c2":0.52,"c3":0.747},{"time":1.9,"angle":-1.1,"curve":0.25,"c3":0.75},{"time":2.5667,"angle":0.34,"curve":0.294,"c3":0.631,"c4":0.37},{"time":2.6667,"angle":0.22}],"translate":[{"curve":"stepped"},{"time":0.2667,"curve":"stepped"},{"time":1.3333,"curve":"stepped"},{"time":1.6,"curve":"stepped"},{"time":2.6667}],"scale":[{"curve":"stepped"},{"time":0.2667,"curve":"stepped"},{"time":1.3333,"curve":"stepped"},{"time":1.6,"curve":"stepped"},{"time":2.6667}]},"bone24":{"rotate":[{"angle":0.34,"curve":0.258,"c3":0.619,"c4":0.45},{"time":0.2667,"angle":-0.19,"curve":0.363,"c2":0.44,"c3":0.755},{"time":0.6667,"angle":-1.1,"curve":0.25,"c3":0.75},{"time":1.3333,"angle":0.34,"curve":0.258,"c3":0.619,"c4":0.45},{"time":1.6,"angle":-0.19,"curve":0.363,"c2":0.44,"c3":0.755},{"time":2,"angle":-1.1,"curve":0.25,"c3":0.75},{"time":2.6667,"angle":0.34}],"translate":[{"curve":"stepped"},{"time":0.2667,"curve":"stepped"},{"time":1.3333,"curve":"stepped"},{"time":1.6,"curve":"stepped"},{"time":2.6667}],"scale":[{"curve":"stepped"},{"time":0.2667,"curve":"stepped"},{"time":1.3333,"curve":"stepped"},{"time":1.6,"curve":"stepped"},{"time":2.6667}]},"bone25":{"rotate":[{"angle":1.4,"curve":0.369,"c2":0.63,"c3":0.706},{"time":0.1,"angle":1.81,"curve":0.276,"c3":0.621,"c4":0.4},{"time":0.2667,"angle":0.9,"curve":0.333,"c2":0.33,"c3":0.758},{"time":0.7667,"angle":-3.13,"curve":0.244,"c3":0.694,"c4":0.77},{"time":1.3333,"angle":1.4,"curve":0.369,"c2":0.63,"c3":0.706},{"time":1.4333,"angle":1.81,"curve":0.276,"c3":0.621,"c4":0.4},{"time":1.6,"angle":0.9,"curve":0.333,"c2":0.33,"c3":0.758},{"time":2.1,"angle":-3.13,"curve":0.244,"c3":0.694,"c4":0.77},{"time":2.6667,"angle":1.4}],"translate":[{"curve":"stepped"},{"time":0.2667,"curve":"stepped"},{"time":1.3333,"curve":"stepped"},{"time":1.6,"curve":"stepped"},{"time":2.6667}],"scale":[{"curve":"stepped"},{"time":0.2667,"curve":"stepped"},{"time":1.3333,"curve":"stepped"},{"time":1.6,"curve":"stepped"},{"time":2.6667}]},"bone26":{"rotate":[{"angle":0.64,"curve":0.382,"c2":0.58,"c3":0.731},{"time":0.2,"angle":2.53,"curve":0.305,"c3":0.64,"c4":0.36},{"time":0.2667,"angle":2.2,"curve":0.289,"c2":0.17,"c3":0.755},{"time":0.8667,"angle":-5.27,"curve":0.243,"c3":0.655,"c4":0.63},{"time":1.3333,"angle":0.64,"curve":0.382,"c2":0.58,"c3":0.731},{"time":1.5333,"angle":2.53,"curve":0.305,"c3":0.64,"c4":0.36},{"time":1.6,"angle":2.2,"curve":0.289,"c2":0.17,"c3":0.755},{"time":2.2,"angle":-5.27,"curve":0.243,"c3":0.655,"c4":0.63},{"time":2.6667,"angle":0.64}],"translate":[{"curve":"stepped"},{"time":0.2667,"curve":"stepped"},{"time":1.3333,"curve":"stepped"},{"time":1.6,"curve":"stepped"},{"time":2.6667}],"scale":[{"curve":"stepped"},{"time":0.2667,"curve":"stepped"},{"time":1.3333,"curve":"stepped"},{"time":1.6,"curve":"stepped"},{"time":2.6667}]},"bone27":{"rotate":[{"angle":1.92,"curve":0.37,"c2":0.47,"c3":0.729,"c4":0.91},{"time":0.2667,"angle":8.89,"curve":0.348,"c2":0.66,"c3":0.682},{"time":0.3,"angle":9.18,"curve":0.25,"c3":0.75},{"time":0.9667,"angle":-7.67,"curve":0.247,"c3":0.63,"c4":0.53},{"time":1.3333,"angle":1.92,"curve":0.37,"c2":0.47,"c3":0.729,"c4":0.91},{"time":1.6,"angle":8.89,"curve":0.348,"c2":0.66,"c3":0.682},{"time":1.6333,"angle":9.18,"curve":0.25,"c3":0.75},{"time":2.3,"angle":-7.67,"curve":0.247,"c3":0.63,"c4":0.53},{"time":2.6667,"angle":1.92}],"translate":[{"curve":"stepped"},{"time":0.2667,"curve":"stepped"},{"time":1.3333,"curve":"stepped"},{"time":1.6,"curve":"stepped"},{"time":2.6667}],"scale":[{"curve":"stepped"},{"time":0.2667,"curve":"stepped"},{"time":1.3333,"curve":"stepped"},{"time":1.6,"curve":"stepped"},{"time":2.6667}]},"Mid_Dress":{"rotate":[{"angle":-0.33,"curve":0.306,"c2":0.24,"c3":0.694,"c4":0.76},{"time":0.4,"angle":-0.05,"curve":0.375,"c2":0.62,"c3":0.716},{"time":0.5333},{"time":1.2,"angle":-0.38,"curve":0.284,"c3":0.625,"c4":0.38},{"time":1.3333,"angle":-0.33,"curve":0.306,"c2":0.24,"c3":0.694,"c4":0.76},{"time":1.7333,"angle":-0.05,"curve":0.375,"c2":0.62,"c3":0.716},{"time":1.8667},{"time":2.5333,"angle":-0.38,"curve":0.284,"c3":0.625,"c4":0.38},{"time":2.6667,"angle":-0.33}],"translate":[{"curve":"stepped"},{"time":0.4,"curve":"stepped"},{"time":0.5333,"curve":"stepped"},{"time":1.3333,"curve":"stepped"},{"time":1.7333,"curve":"stepped"},{"time":1.8667,"curve":"stepped"},{"time":2.6667}],"scale":[{"curve":"stepped"},{"time":0.4,"curve":"stepped"},{"time":0.5333,"curve":"stepped"},{"time":1.3333,"curve":"stepped"},{"time":1.7333,"curve":"stepped"},{"time":1.8667,"curve":"stepped"},{"time":2.6667}]},"bone29":{"rotate":[{"angle":-0.37,"curve":0.262,"c2":0.08,"c3":0.652,"c4":0.62},{"time":0.4,"angle":-0.11,"curve":0.354,"c2":0.41,"c3":0.694,"c4":0.77},{"time":0.5333,"angle":-0.03,"curve":0.369,"c2":0.63,"c3":0.706},{"time":0.6333,"curve":0.25,"c3":0.75},{"time":1.3,"angle":-0.38,"curve":0.318,"c3":0.652,"c4":0.34},{"time":1.3333,"angle":-0.37,"curve":0.262,"c2":0.08,"c3":0.652,"c4":0.62},{"time":1.7333,"angle":-0.11,"curve":0.354,"c2":0.41,"c3":0.694,"c4":0.77},{"time":1.8667,"angle":-0.03,"curve":0.369,"c2":0.63,"c3":0.706},{"time":1.9667,"curve":0.25,"c3":0.75},{"time":2.6333,"angle":-0.38,"curve":0.318,"c3":0.652,"c4":0.34},{"time":2.6667,"angle":-0.37}],"translate":[{"curve":"stepped"},{"time":0.4,"curve":"stepped"},{"time":0.5333,"curve":"stepped"},{"time":1.3333,"curve":"stepped"},{"time":1.7333,"curve":"stepped"},{"time":1.8667,"curve":"stepped"},{"time":2.6667}],"scale":[{"curve":"stepped"},{"time":0.4,"curve":"stepped"},{"time":0.5333,"curve":"stepped"},{"time":1.3333,"curve":"stepped"},{"time":1.7333,"curve":"stepped"},{"time":1.8667,"curve":"stepped"},{"time":2.6667}]},"bone30":{"rotate":[{"angle":-0.36,"curve":0.36,"c2":0.64,"c3":0.695},{"time":0.0667,"angle":-0.38,"curve":0.25,"c3":0.625,"c4":0.5},{"time":0.4,"angle":-0.19,"curve":0.339,"c2":0.35,"c3":0.679,"c4":0.7},{"time":0.5333,"angle":-0.09,"curve":0.382,"c2":0.58,"c3":0.731},{"time":0.7333,"curve":0.245,"c3":0.711,"c4":0.83},{"time":1.3333,"angle":-0.36,"curve":0.36,"c2":0.64,"c3":0.695},{"time":1.4,"angle":-0.38,"curve":0.25,"c3":0.625,"c4":0.5},{"time":1.7333,"angle":-0.19,"curve":0.339,"c2":0.35,"c3":0.679,"c4":0.7},{"time":1.8667,"angle":-0.09,"curve":0.382,"c2":0.58,"c3":0.731},{"time":2.0667,"curve":0.245,"c3":0.711,"c4":0.83},{"time":2.6667,"angle":-0.36}],"translate":[{"curve":"stepped"},{"time":0.4,"curve":"stepped"},{"time":0.5333,"curve":"stepped"},{"time":1.3333,"curve":"stepped"},{"time":1.7333,"curve":"stepped"},{"time":1.8667,"curve":"stepped"},{"time":2.6667}],"scale":[{"curve":"stepped"},{"time":0.4,"curve":"stepped"},{"time":0.5333,"curve":"stepped"},{"time":1.3333,"curve":"stepped"},{"time":1.7333,"curve":"stepped"},{"time":1.8667,"curve":"stepped"},{"time":2.6667}]},"bone31":{"rotate":[{"angle":-0.31,"curve":0.379,"c2":0.6,"c3":0.724},{"time":0.1667,"angle":-0.38,"curve":0.263,"c3":0.618,"c4":0.43},{"time":0.4,"angle":-0.26,"curve":0.326,"c2":0.31,"c3":0.665,"c4":0.66},{"time":0.5333,"angle":-0.16,"curve":0.379,"c2":0.52,"c3":0.747},{"time":0.8333,"curve":0.242,"c3":0.667,"c4":0.67},{"time":1.3333,"angle":-0.31,"curve":0.379,"c2":0.6,"c3":0.724},{"time":1.5,"angle":-0.38,"curve":0.263,"c3":0.618,"c4":0.43},{"time":1.7333,"angle":-0.26,"curve":0.326,"c2":0.31,"c3":0.665,"c4":0.66},{"time":1.8667,"angle":-0.16,"curve":0.379,"c2":0.52,"c3":0.747},{"time":2.1667,"curve":0.242,"c3":0.667,"c4":0.67},{"time":2.6667,"angle":-0.31}],"translate":[{"curve":"stepped"},{"time":0.4,"curve":"stepped"},{"time":0.5333,"curve":"stepped"},{"time":1.3333,"curve":"stepped"},{"time":1.7333,"curve":"stepped"},{"time":1.8667,"curve":"stepped"},{"time":2.6667}],"scale":[{"curve":"stepped"},{"time":0.4,"curve":"stepped"},{"time":0.5333,"curve":"stepped"},{"time":1.3333,"curve":"stepped"},{"time":1.7333,"curve":"stepped"},{"time":1.8667,"curve":"stepped"},{"time":2.6667}]},"bone32":{"rotate":[{"angle":-0.24,"curve":0.381,"c2":0.55,"c3":0.742},{"time":0.2667,"angle":-0.38,"curve":0.284,"c3":0.625,"c4":0.38},{"time":0.4,"angle":-0.33,"curve":0.311,"c2":0.26,"c3":0.651,"c4":0.61},{"time":0.5333,"angle":-0.24,"curve":0.363,"c2":0.44,"c3":0.755},{"time":0.9333,"curve":0.245,"c3":0.637,"c4":0.56},{"time":1.3333,"angle":-0.24,"curve":0.381,"c2":0.55,"c3":0.742},{"time":1.6,"angle":-0.38,"curve":0.284,"c3":0.625,"c4":0.38},{"time":1.7333,"angle":-0.33,"curve":0.311,"c2":0.26,"c3":0.651,"c4":0.61},{"time":1.8667,"angle":-0.24,"curve":0.363,"c2":0.44,"c3":0.755},{"time":2.2667,"curve":0.245,"c3":0.637,"c4":0.56},{"time":2.6667,"angle":-0.24}],"translate":[{"curve":"stepped"},{"time":0.4,"curve":"stepped"},{"time":0.5333,"curve":"stepped"},{"time":1.3333,"curve":"stepped"},{"time":1.7333,"curve":"stepped"},{"time":1.8667,"curve":"stepped"},{"time":2.6667}],"scale":[{"curve":"stepped"},{"time":0.4,"curve":"stepped"},{"time":0.5333,"curve":"stepped"},{"time":1.3333,"curve":"stepped"},{"time":1.7333,"curve":"stepped"},{"time":1.8667,"curve":"stepped"},{"time":2.6667}]},"bone33":{"rotate":[{"angle":-0.16,"curve":0.37,"c2":0.47,"c3":0.753},{"time":0.3667,"angle":-0.38,"curve":0.318,"c3":0.652,"c4":0.34},{"time":0.4,"angle":-0.37,"curve":0.292,"c2":0.13,"c3":0.633,"c4":0.5},{"time":0.5333,"angle":-0.31,"curve":0.333,"c2":0.33,"c3":0.758},{"time":1.0333,"curve":0.253,"c3":0.621,"c4":0.48},{"time":1.3333,"angle":-0.16,"curve":0.37,"c2":0.47,"c3":0.753},{"time":1.7,"angle":-0.38,"curve":0.318,"c3":0.652,"c4":0.34},{"time":1.7333,"angle":-0.37,"curve":0.292,"c2":0.13,"c3":0.633,"c4":0.5},{"time":1.8667,"angle":-0.31,"curve":0.333,"c2":0.33,"c3":0.758},{"time":2.3667,"curve":0.253,"c3":0.621,"c4":0.48},{"time":2.6667,"angle":-0.16}],"translate":[{"curve":"stepped"},{"time":0.4,"curve":"stepped"},{"time":0.5333,"curve":"stepped"},{"time":1.3333,"curve":"stepped"},{"time":1.7333,"curve":"stepped"},{"time":1.8667,"curve":"stepped"},{"time":2.6667}],"scale":[{"curve":"stepped"},{"time":0.4,"curve":"stepped"},{"time":0.5333,"curve":"stepped"},{"time":1.3333,"curve":"stepped"},{"time":1.7333,"curve":"stepped"},{"time":1.8667,"curve":"stepped"},{"time":2.6667}]},"bone34":{"rotate":[{"angle":1.14,"curve":0.333,"c2":0.33,"c3":0.723,"c4":0.86},{"time":0.4,"angle":-1.7,"curve":0.36,"c2":0.64,"c3":0.695},{"time":0.4667,"angle":-1.87,"curve":0.305,"c3":0.64,"c4":0.36},{"time":0.5333,"angle":-1.7,"curve":0.289,"c2":0.17,"c3":0.755},{"time":1.1333,"angle":2.12,"curve":0.269,"c3":0.618,"c4":0.42},{"time":1.3333,"angle":1.14,"curve":0.333,"c2":0.33,"c3":0.723,"c4":0.86},{"time":1.7333,"angle":-1.7,"curve":0.36,"c2":0.64,"c3":0.695},{"time":1.8,"angle":-1.87,"curve":0.305,"c3":0.64,"c4":0.36},{"time":1.8667,"angle":-1.7,"curve":0.289,"c2":0.17,"c3":0.755},{"time":2.4667,"angle":2.12,"curve":0.269,"c3":0.618,"c4":0.42},{"time":2.6667,"angle":1.14}],"translate":[{"curve":"stepped"},{"time":0.4,"curve":"stepped"},{"time":0.5333,"curve":"stepped"},{"time":1.3333,"curve":"stepped"},{"time":1.7333,"curve":"stepped"},{"time":1.8667,"curve":"stepped"},{"time":2.6667}],"scale":[{"curve":"stepped"},{"time":0.4,"curve":"stepped"},{"time":0.5333,"curve":"stepped"},{"time":1.3333,"curve":"stepped"},{"time":1.7333,"curve":"stepped"},{"time":1.8667,"curve":"stepped"},{"time":2.6667}]},"bone35":{"rotate":[{"angle":2.43,"curve":0.292,"c2":0.2,"c3":0.681,"c4":0.71},{"time":0.4,"angle":-5.78,"curve":0.367,"c2":0.5,"c3":0.708,"c4":0.87},{"time":0.5333,"angle":-7.63,"curve":0.348,"c2":0.66,"c3":0.682},{"time":0.5667,"angle":-7.82,"curve":0.25,"c3":0.75},{"time":1.2333,"angle":3.36,"curve":0.294,"c3":0.631,"c4":0.37},{"time":1.3333,"angle":2.43,"curve":0.292,"c2":0.2,"c3":0.681,"c4":0.71},{"time":1.7333,"angle":-5.78,"curve":0.367,"c2":0.5,"c3":0.708,"c4":0.87},{"time":1.8667,"angle":-7.63,"curve":0.348,"c2":0.66,"c3":0.682},{"time":1.9,"angle":-7.82,"curve":0.25,"c3":0.75},{"time":2.5667,"angle":3.36,"curve":0.294,"c3":0.631,"c4":0.37},{"time":2.6667,"angle":2.43}],"translate":[{"curve":"stepped"},{"time":0.4,"curve":"stepped"},{"time":0.5333,"curve":"stepped"},{"time":1.3333,"curve":"stepped"},{"time":1.7333,"curve":"stepped"},{"time":1.8667,"curve":"stepped"},{"time":2.6667}],"scale":[{"curve":"stepped"},{"time":0.4,"curve":"stepped"},{"time":0.5333,"curve":"stepped"},{"time":1.3333,"curve":"stepped"},{"time":1.7333,"curve":"stepped"},{"time":1.8667,"curve":"stepped"},{"time":2.6667}]},"bone36":{"rotate":[{"angle":6.3,"curve":0.245,"c3":0.637,"c4":0.56},{"time":0.4,"angle":-3.57,"curve":0.349,"c2":0.39,"c3":0.689,"c4":0.74},{"time":0.5333,"angle":-7.2,"curve":0.375,"c2":0.62,"c3":0.716},{"time":0.6667,"angle":-9.22,"curve":0.25,"c3":0.75},{"time":1.3333,"angle":6.3,"curve":0.245,"c3":0.637,"c4":0.56},{"time":1.7333,"angle":-3.57,"curve":0.349,"c2":0.39,"c3":0.689,"c4":0.74},{"time":1.8667,"angle":-7.2,"curve":0.375,"c2":0.62,"c3":0.716},{"time":2,"angle":-9.22,"curve":0.25,"c3":0.75},{"time":2.6667,"angle":6.3}],"translate":[{"curve":"stepped"},{"time":0.4,"curve":"stepped"},{"time":0.5333,"curve":"stepped"},{"time":1.3333,"curve":"stepped"},{"time":1.7333,"curve":"stepped"},{"time":1.8667,"curve":"stepped"},{"time":2.6667}],"scale":[{"curve":"stepped"},{"time":0.4,"curve":"stepped"},{"time":0.5333,"curve":"stepped"},{"time":1.3333,"curve":"stepped"},{"time":1.7333,"curve":"stepped"},{"time":1.8667,"curve":"stepped"},{"time":2.6667}]},"R_Scarf":{"rotate":[{"angle":4.6,"curve":0.379,"c2":0.6,"c3":0.724},{"time":0.1667,"angle":4.84,"curve":0.25,"c3":0.75},{"time":0.8333,"angle":3.53,"curve":0.242,"c3":0.667,"c4":0.67},{"time":1.3333,"angle":4.6,"curve":0.379,"c2":0.6,"c3":0.724},{"time":1.5,"angle":4.84,"curve":0.25,"c3":0.75},{"time":2.1667,"angle":3.53,"curve":0.242,"c3":0.667,"c4":0.67},{"time":2.6667,"angle":4.6}],"translate":[{"curve":"stepped"},{"time":1.3333,"curve":"stepped"},{"time":2.6667}],"scale":[{"curve":"stepped"},{"time":1.3333,"curve":"stepped"},{"time":2.6667}]},"bone38":{"rotate":[{"angle":4.45,"curve":0.379,"c2":0.52,"c3":0.747},{"time":0.3,"angle":12.28,"curve":0.25,"c3":0.75},{"time":0.9667,"angle":-5.75,"curve":0.247,"c3":0.63,"c4":0.53},{"time":1.3333,"angle":4.45,"curve":0.379,"c2":0.52,"c3":0.747},{"time":1.6333,"angle":12.28,"curve":0.25,"c3":0.75},{"time":2.3,"angle":-5.75,"curve":0.247,"c3":0.63,"c4":0.53},{"time":2.6667,"angle":4.45}],"translate":[{"curve":"stepped"},{"time":1.3333,"curve":"stepped"},{"time":2.6667}],"scale":[{"curve":"stepped"},{"time":1.3333,"curve":"stepped"},{"time":2.6667}]},"bone39":{"rotate":[{"angle":-1.77,"curve":0.354,"c2":0.41,"c3":0.756},{"time":0.4333,"angle":12.87,"curve":0.25,"c3":0.75},{"time":1.1,"angle":-8.18,"curve":0.263,"c3":0.618,"c4":0.43},{"time":1.3333,"angle":-1.77,"curve":0.354,"c2":0.41,"c3":0.756},{"time":1.7667,"angle":12.87,"curve":0.25,"c3":0.75},{"time":2.4333,"angle":-8.18,"curve":0.263,"c3":0.618,"c4":0.43},{"time":2.6667,"angle":-1.77}],"translate":[{"curve":"stepped"},{"time":1.3333,"curve":"stepped"},{"time":2.6667}],"scale":[{"curve":"stepped"},{"time":1.3333,"curve":"stepped"},{"time":2.6667}]},"L_Scarf":{"rotate":[{"angle":-4.06,"curve":0.382,"c2":0.57,"c3":0.737},{"time":0.2333,"angle":-3.16,"curve":0.25,"c3":0.75},{"time":0.9,"angle":-6.1,"curve":0.244,"c3":0.646,"c4":0.59},{"time":1.3333,"angle":-4.06,"curve":0.382,"c2":0.57,"c3":0.737},{"time":1.5667,"angle":-3.16,"curve":0.25,"c3":0.75},{"time":2.2333,"angle":-6.1,"curve":0.244,"c3":0.646,"c4":0.59},{"time":2.6667,"angle":-4.06}],"translate":[{"curve":"stepped"},{"time":1.3333,"curve":"stepped"},{"time":2.6667}],"scale":[{"curve":"stepped"},{"time":1.3333,"curve":"stepped"},{"time":2.6667}]},"bone41":{"rotate":[{"angle":2.41,"curve":0.37,"c2":0.47,"c3":0.753},{"time":0.3667,"angle":-8.95,"curve":0.25,"c3":0.75},{"time":1.0333,"angle":11.11,"curve":0.253,"c3":0.621,"c4":0.48},{"time":1.3333,"angle":2.41,"curve":0.37,"c2":0.47,"c3":0.753},{"time":1.7,"angle":-8.95,"curve":0.25,"c3":0.75},{"time":2.3667,"angle":11.11,"curve":0.253,"c3":0.621,"c4":0.48},{"time":2.6667,"angle":2.41}],"translate":[{"curve":"stepped"},{"time":1.3333,"curve":"stepped"},{"time":2.6667}],"scale":[{"curve":"stepped"},{"time":1.3333,"curve":"stepped"},{"time":2.6667}]},"bone42":{"rotate":[{"angle":4.72,"curve":0.333,"c2":0.33,"c3":0.758},{"time":0.5,"angle":-11.26,"curve":0.25,"c3":0.75},{"time":1.1667,"angle":8.34,"curve":0.276,"c3":0.621,"c4":0.4},{"time":1.3333,"angle":4.72,"curve":0.333,"c2":0.33,"c3":0.758},{"time":1.8333,"angle":-11.26,"curve":0.25,"c3":0.75},{"time":2.5,"angle":8.34,"curve":0.276,"c3":0.621,"c4":0.4},{"time":2.6667,"angle":4.72}],"translate":[{"curve":"stepped"},{"time":1.3333,"curve":"stepped"},{"time":2.6667}],"scale":[{"curve":"stepped"},{"time":1.3333,"curve":"stepped"},{"time":2.6667}]},"L_Hat":{"rotate":[{"curve":"stepped"},{"time":1.3333,"curve":"stepped"},{"time":2.6667}],"translate":[{"x":-34.57,"y":-14.58,"curve":0.289,"c2":0.17,"c3":0.755},{"time":0.6,"curve":0.25,"c3":0.75},{"time":1.2667,"x":-36.11,"y":-15.23,"curve":0.305,"c3":0.64,"c4":0.36},{"time":1.3333,"x":-34.57,"y":-14.58,"curve":0.289,"c2":0.17,"c3":0.755},{"time":1.9333,"curve":0.25,"c3":0.75},{"time":2.6,"x":-36.11,"y":-15.23,"curve":0.305,"c3":0.64,"c4":0.36},{"time":2.6667,"x":-34.57,"y":-14.58}],"scale":[{"curve":"stepped"},{"time":1.3333,"curve":"stepped"},{"time":2.6667}]},"R_Hat":{"rotate":[{"curve":"stepped"},{"time":1.3333,"curve":"stepped"},{"time":2.6667}],"translate":[{"x":-25.24,"y":10.1,"curve":0.32,"c2":0.29,"c3":0.757},{"time":0.5333,"curve":0.25,"c3":0.75},{"time":1.2,"x":-29.02,"y":11.61,"curve":0.284,"c3":0.625,"c4":0.38},{"time":1.3333,"x":-25.24,"y":10.1,"curve":0.32,"c2":0.29,"c3":0.757},{"time":1.8667,"curve":0.25,"c3":0.75},{"time":2.5333,"x":-29.02,"y":11.61,"curve":0.284,"c3":0.625,"c4":0.38},{"time":2.6667,"x":-25.24,"y":10.1}],"scale":[{"curve":"stepped"},{"time":1.3333,"curve":"stepped"},{"time":2.6667}]},"All2":{"scale":[{"time":0.1667,"curve":0.25,"c3":0.75},{"time":0.6667,"x":1.161,"y":1.177,"curve":0.25,"c3":0.75},{"time":1.3333,"x":1.101,"y":1.116}]}}}}},[0]]],0,0,[0],[-1],[0]]