[1,["ecpdLyjvZBwrvm+cedCcQy","e7+53Nm+5HWIzyXgaaGn5k","6ak8sXSh1DGaXt4AnfCwCl","deRGmwbD1Cg64/7/JToASR"],["root","node","data","_spriteFrame","_textureSetter"],[["cc.ParticleSystem",["_custom","totalParticles","duration","emissionRate","life","lifeVar","angleVar","startSize","startSizeVar","endSize","endSizeVar","startSpin","startSpinVar","endSpin","endSpinVar","speed","speedVar","tangentialAccel","_dstBlendFactor","node","_materials","_startColor","_startColorVar","_endColor","_endColorVar","posVar","gravity","_spriteFrame"],-16,1,3,8,8,8,8,5,5,6],"cc.SpriteFrame",["cc.Prefab",["_name"],2],["cc.Node",["_name","_components","_prefab"],2,9,4],["cc.PrefabInfo",["root"],3,1]],[[2,0,2],[3,0,1,2,2],[4,0,1],[0,18,0,1,2,3,4,5,6,7,8,9,10,11,12,13,14,15,16,17,19,20,21,22,23,24,25,26,27,20],[0,0,1,2,3,4,5,6,7,8,9,10,11,12,13,14,15,16,17,19,20,21,22,23,24,25,26,27,19]],[[[[0,"FX_BreakStone_LV"],[1,"FX_BreakStone_LV",[[4,true,15,0.2,999,0.75,0.25,35,15,15,10,10,45,90,45,150,500,0,0,-2,[0],[4,4281808695],[4,0],[4,3593942839],[4,0],[0,0,50],[0,0,-1500],1]],[2,-1]]],0,[0,0,1,0,1,1,0,2,1,2],[0,0],[-1,3],[0,2]],[[[0,"FX_WaterSplit_LV"],[1,"FX_WaterSlit_LV",[[3,772,true,15,0.2,999,0.75,0.25,35,20,30,10,10,45,90,45,150,500,0,0,-2,[0],[4,4294959104],[4,0],[4,1258283008],[4,0],[0,0,50],[0,0,-1500],1]],[2,-1]]],0,[0,0,1,0,1,1,0,2,1,2],[0,0],[-1,3],[0,1]],[[{"name":"stone_1","rect":[2,1,56,70],"offset":[0.5,0],"originalSize":[59,72],"capInsets":[0,0,0,0]}],[1],0,[0],[4],[3]],[[[0,"FX_LavaSplit_LV"],[1,"FX_WaterSlit_LV",[[3,772,true,15,0.2,999,0.75,0.25,35,20,30,10,10,45,90,45,150,500,0,0,-2,[0],[4,4278232063],[4,0],[4,1241514239],[4,0],[0,0,50],[0,0,-1500],1]],[2,-1]]],0,[0,0,1,0,1,1,0,2,1,2],[0,0],[-1,3],[0,1]]]]