[1,["ecpdLyjvZBwrvm+cedCcQy","e7P6uup9VCa7QJpK7tGzSg","d18FYRvjZBa7I3WhflSMjw","ba/4ah6cJMfKcklFdwVam5","f0qO0u/LhPHpKIt9OuFNUQ","23LBcB+2RPnauyHTZJce5P"],["root","node","_file","_spriteFrame","data","_textureSetter"],[["cc.Node",["_name","_components","_prefab","_children","_trs","_parent"],2,9,4,2,7,1],["cc.ParticleSystem",["_dstBlendFactor","_custom","totalParticles","duration","emissionRate","life","angle","angleVar","startSize","endSize","_positionType","speed","speedVar","tangentialAccel","autoRemoveOnFinish","startSizeVar","endSizeVar","startSpin","emitterMode","startRadius","startRadiusVar","endRadius","node","_materials","_startColor","_startColorVar","_endColor","_endColorVar","_file","_spriteFrame","posVar","gravity"],-19,1,3,8,8,8,8,6,6,5,5],["cc.PrefabInfo",["fileId","root"],2,1],"cc.SpriteFrame",["cc.Prefab",["_name"],2]],[[4,0,2],[0,0,3,1,2,4,2],[0,0,5,1,2,2],[1,0,1,2,3,4,5,6,7,8,9,10,11,12,13,22,23,24,25,26,27,28,29,15],[1,0,1,14,2,3,4,5,6,7,8,15,9,16,17,10,18,11,12,13,19,20,21,22,23,24,25,26,27,30,31,28,29,23],[2,1,1],[2,0,1,2]],[[[[0,"AxitBottle"],[1,"Boom1",[-3],[[3,1,true,3,0.4,999.999985098839,0.4,360,360,0,300,1,0,0,0,-2,[3],[4,4278845223],[4,0],[4,655143],[4,0],4,5]],[5,-1],[-4525.419,650.545,0,0,0,0,1,1,1,1]],[2,"Smoke",1,[[4,772,true,true,30,0.5,999.999985098839,0.5,0,360,40,40,46.6666667,46.6666667,90,1,1,100,0,0,-10,10,90,-5,[0],[4,4278255401],[4,0],[4,1057015079],[4,0],[0,200,200],[0,0,300],1,2]],[6,"38qPXztNBHm4aANq3IwhFg",-4]]],0,[0,0,1,0,1,1,0,-1,2,0,0,2,0,1,2,0,4,1,5],[0,0,0,0,0,0],[-1,2,3,-1,2,3],[0,1,2,0,3,4]],[[{"name":"axit","rect":[1,0,40,62],"offset":[0.5,0],"originalSize":[41,62],"capInsets":[0,0,0,0]}],[3],0,[0],[5],[5]]]]