[1,["b2RkaMt9VFeLf672QY8+zE"],0,[["sp.SkeletonData",["_name","_atlasText","textureNames","_skeletonJson","textures"],-1,3]],[[0,0,1,2,3,4,5]],[[0,"Glow","\r\nGlow.png\r\nsize: 516,516\r\nformat: RGBA8888\r\nfilter: Linear,Linear\r\nrepeat: none\r\nglow4\r\n  rotate: false\r\n  xy: 2, 2\r\n  size: 512, 512\r\n  orig: 512, 512\r\n  offset: 0, 0\r\n  index: -1\r\n",["Glow.png"],{"skeleton":{"hash":"yqF/avzRmGtHrUMQFE45EAAI3DY","spine":"3.8.99","x":-256.05,"y":-255.99,"width":512,"height":512,"images":"C:/Users/Wild Boar PC/Desktop/HomePin2_Feature","audio":""},"bones":[{"name":"root"}],"slots":[{"name":"glow4","bone":"root","attachment":"glow4"}],"skins":[{"name":"default","attachments":{"glow4":{"glow4":{"x":-0.05,"y":0.01,"width":512,"height":512}}}}],"animations":{"animation":{"bones":{"root":{"scale":[{},{"time":1.0333,"x":0.787,"y":0.787},{"time":1.5333,"x":1.099,"y":1.099},{"time":1.7667}]}}}}},[0]]],0,0,[0],[-1],[0]]