[1,["42KGXOP4xAZopOf/BIvF/V","ecpdLyjvZBwrvm+cedCcQy","17ureQT1xDAKtWX7ziEYKB"],["node","_textureSetter","root","data","_spriteFrame"],["cc.SpriteFrame",["cc.Prefab",["_name"],2],["cc.Node",["_name","_groupIndex","_components","_prefab","_contentSize"],1,9,4,5],["cc.Sprite",["node","_materials","_spriteFrame"],3,1,3,6],["cc.RigidBody",["_gravityScale","node"],2,1],["cc.PhysicsCircleCollider",["_density","_friction","_restitution","_radius","node"],-1,1],["cc.CircleCollider",["_radius","node"],2,1],["2f711BbpIFCeLUhgrTNsc6d",["tag","node"],2,1],["05a511vQ/dK6brRHisPIMnD",["node"],3,1],["cc.PrefabInfo",["root"],3,1]],[[1,0,2],[2,0,1,2,3,4,3],[3,0,1,2,1],[4,0,1,2],[5,0,1,2,3,4,5],[6,0,1,2],[7,0,1,2],[8,0,1],[9,0,1]],[[[{"name":"rock","rect":[0,0,19,19],"offset":[0,0],"originalSize":[19,19],"capInsets":[0,0,0,0]}],[0],0,[0],[1],[0]],[[[0,"Rock"],[1,"Rock",9,[[2,-2,[0],1],[3,2,-3],[4,20,0.8,0.1,6,-4],[5,10,-5],[6,103,-6],[7,-7]],[8,-1],[5,19,19]]],0,[0,2,1,0,0,1,0,0,1,0,0,1,0,0,1,0,0,1,0,0,1,0,3,1,7],[0,0],[-1,4],[1,2]]]]