[1,["ecpdLyjvZBwrvm+cedCcQy","0aJ68PrnNFMJU2ugNookyN","04alnrV2ZAhZ/FwnWfMhIh","f8VI8t+plC2pYywQnMaJ+R","6fqvPimJZHy65RYwQKKNbe"],["node","root","data","_spriteFrame","_textureSetter","collision","main_rig","model_node","fx_collection"],[["cc.Node",["_name","_objFlags","_groupIndex","_components","_prefab","_parent","_contentSize"],0,9,4,1,5],["cc.PrefabInfo",["fileId","root"],2,1],"cc.SpriteFrame",["cc.Prefab",["_name"],2],["cc.Node",["_name","_groupIndex","_children","_components","_prefab","_contentSize","_trs"],1,2,12,4,5,7],["cc.PhysicsCircleCollider",["_radius","node"],2,1],["cc.CircleCollider",["_radius","node"],2,1],["b6f643zHWJPnJAuKqDMKFWJ",["object_type","node","model_node","main_rig","collision","sfx_collection","fx_collection"],2,1,1,1,1,4,6],["AudioInformation",[],3],["cc.Sprite",["node","_materials","_spriteFrame"],3,1,3,6],["cc.RigidBody",["_gravityScale","node"],2,1],["972fagnS5RCV7DBQ88ri4Nf",["node"],3,1],["cc.ParticleSystem",["_dstBlendFactor","_custom","autoRemoveOnFinish","totalParticles","duration","emissionRate","life","lifeVar","angle","angleVar","startSize","startSizeVar","_positionType","speed","speedVar","tangentialAccel","node","_materials","_startColor","_startColorVar","_endColor","_endColorVar","posVar","_spriteFrame"],-13,1,3,8,8,8,8,5,6]],[[3,0,2],[1,1,1],[4,0,1,2,3,4,5,6,3],[0,0,1,2,5,3,4,6,4],[0,0,3,4,2],[5,0,1,2],[6,0,1,2],[7,0,1,2,3,4,5,6,2],[8,1],[1,0,1,2],[9,0,1,2,1],[10,0,1,2],[11,0,1],[12,0,1,2,3,4,5,6,7,8,9,10,11,12,13,14,15,16,17,18,19,20,21,22,23,17]],[[[{"name":"elements_bubble","rect":[0,0,39,39],"offset":[0,0],"originalSize":[39,39],"capInsets":[0,0,0,0]}],[2],0,[0],[4],[1]],[[[0,"ElementBubble"],[2,"ElementBubble",10,[-10],[[-2,[5,17.1,-3],[6,20.4,-4],-5,[7,0,-9,-8,-7,-6,[8],2]],1,4,4,1,4],[1,-1],[5,39,39],[-7.930000000000007,73.92999999999995,0,0,0,0,1,0.25,0.25,0.429]],[3,"Model",512,10,1,[[10,-11,[0],1]],[9,"c7zlsOmiNIK4/PmggvkQ0p",1],[5,39,39]],[11,1.7,1],[12,1]],0,[0,1,1,0,-1,3,0,0,1,0,0,1,0,-4,4,0,5,4,0,6,3,0,7,2,0,0,1,0,-1,2,0,0,2,0,2,1,11],[0,0,0],[-1,3,8],[0,2,3]],[[[0,"FX_BUBBLE"],[4,"FX",[[13,1,true,true,1000,0.05,567,0.63,0.23,180,180,5,5,2,20,0,0,-2,[0],[4,4294440951],[4,4278190080],[4,4294967295],[4,4278190080],[0,7,7],1]],[1,-1]]],0,[0,1,1,0,0,1,0,2,1,2],[0,0],[-1,3],[0,4]]]]