[1,0,0,[["cc.JsonAsset",["_name","json"],1]],[[0,0,1,3]],[[0,"chapter_1",{"order_num":1,"name":{"EN":"Mystery Manor","JA":"謎の邸宅","ID":"Rumah Misteri","DE":"Geheimnisvolles Herrenhaus"},"state":[{"frame":"PinDetective/Board/detective_chapter1_1","description":{"EN":[{"message":"This is a photograph of Elizabeth, the owner of this estate.","emotion":0},{"message":"Upon closer examination of the picture, there is a ghostly figure.","emotion":1},{"message":"Could this ghost be related to Elizabeth's disappearance?","emotion":2}],"JA":[{"message":"これは、この地所の所有者であるエリザベスの写真である。","emotion":0},{"message":"写真をよく見ると、幽霊のような人影がある。","emotion":1},{"message":"この幽霊はエリザベスの失踪と関係があるのだろうか？","emotion":2}],"ID":[{"message":"Ini foto Elizabeth, pemilik perkebunan ini.","emotion":0},{"message":"Setelah diperiksa lebih dekat pada gambar tersebut, ada sesosok hantu.","emotion":1},{"message":"Mungkinkah hantu ini ada hubungannya dengan hilangnya Elizabeth?","emotion":2}],"DE":[{"message":"Dies ist ein Foto von Elizabeth, der Besitzerin dieses Anwesens","emotion":0},{"message":"Bei näherer Betrachtung des Bildes erscheint eine geisterhafte Figur.","emotion":1},{"message":"Könnte dieser Geist mit Elizabeths Verschwinden zusammenhängen?","emotion":2}]}},{"frame":"PinDetective/Board/detective_chapter1_2","description":{"EN":[{"message":"a","emotion":0},{"message":"b","emotion":1},{"message":"c","emotion":2}],"JA":[{"message":"1","emotion":0},{"message":"2","emotion":1},{"message":"3","emotion":2}],"ID":[{"message":"d","emotion":0},{"message":"f","emotion":1},{"message":"g","emotion":2}],"DE":[{"message":"u","emotion":0},{"message":"y","emotion":1},{"message":"t","emotion":2}]}},{"frame":"PinDetective/Board/detective_chapter1_3","description":{"EN":[{"message":"a","emotion":0},{"message":"b","emotion":1},{"message":"c","emotion":2}],"JA":[{"message":"1","emotion":0},{"message":"2","emotion":1},{"message":"3","emotion":2}],"ID":[{"message":"d","emotion":0},{"message":"f","emotion":1},{"message":"g","emotion":2}],"DE":[{"message":"u","emotion":0},{"message":"y","emotion":1},{"message":"t","emotion":2}]}},{"frame":"PinDetective/Board/detective_chapter1_4","description":{"EN":[{"message":"a","emotion":0},{"message":"b","emotion":1},{"message":"c","emotion":2}],"JA":[{"message":"1","emotion":0},{"message":"2","emotion":1},{"message":"3","emotion":2}],"ID":[{"message":"d","emotion":0},{"message":"f","emotion":1},{"message":"g","emotion":2}],"DE":[{"message":"u","emotion":0},{"message":"y","emotion":1},{"message":"t","emotion":2}]}},{"frame":"PinDetective/Board/detective_chapter1_5","description":{"EN":[{"message":"a","emotion":0},{"message":"b","emotion":1},{"message":"c","emotion":2}],"JA":[{"message":"1","emotion":0},{"message":"2","emotion":1},{"message":"3","emotion":2}],"ID":[{"message":"d","emotion":0},{"message":"f","emotion":1},{"message":"g","emotion":2}],"DE":[{"message":"u","emotion":0},{"message":"y","emotion":1},{"message":"t","emotion":2}]}}]}]],0,0,[],[],[]]