[1,["98dhqF9iBBerS7boQvxExc"],0,[["sp.SkeletonData",["_name","_atlasText","textureNames","_skeletonJson","textures"],-1,3]],[[0,0,1,2,3,4,5]],[[0,"Chest","\nChest.png\nsize: 156,532\nformat: RGBA8888\nfilter: Linear,Linear\nrepeat: none\nGroup 217 copy 14\n  rotate: true\n  xy: 36, 23\n  size: 32, 25\n  orig: 34, 27\n  offset: 1, 1\n  index: -1\nGroup 217 copy 17\n  rotate: true\n  xy: 63, 25\n  size: 30, 25\n  orig: 32, 27\n  offset: 1, 1\n  index: -1\nGroup 217 copy 19\n  rotate: false\n  xy: 118, 102\n  size: 24, 22\n  orig: 26, 24\n  offset: 1, 1\n  index: -1\nGroup 217 copy 20\n  rotate: false\n  xy: 95, 128\n  size: 21, 24\n  orig: 23, 26\n  offset: 1, 1\n  index: -1\nGroup 217 copy 21\n  rotate: true\n  xy: 36, 2\n  size: 19, 23\n  orig: 21, 25\n  offset: 1, 1\n  index: -1\nGroup 217 copy 22\n  rotate: true\n  xy: 95, 102\n  size: 24, 21\n  orig: 26, 23\n  offset: 1, 1\n  index: -1\nGroup 217 copy 23\n  rotate: true\n  xy: 95, 74\n  size: 26, 25\n  orig: 28, 27\n  offset: 1, 1\n  index: -1\nGroup 217 copy 24\n  rotate: false\n  xy: 118, 47\n  size: 26, 25\n  orig: 28, 27\n  offset: 1, 1\n  index: -1\nGroup 217 copy 25\n  rotate: false\n  xy: 63, 2\n  size: 27, 21\n  orig: 29, 23\n  offset: 1, 1\n  index: -1\nGroup 217 copy 8\n  rotate: true\n  xy: 2, 22\n  size: 33, 32\n  orig: 35, 34\n  offset: 1, 1\n  index: -1\nLayer 1\n  rotate: false\n  xy: 2, 154\n  size: 146, 68\n  orig: 148, 70\n  offset: 1, 1\n  index: -1\nLayer 13 copy\n  rotate: false\n  xy: 2, 57\n  size: 91, 95\n  orig: 93, 97\n  offset: 1, 1\n  index: -1\nLayer 13 copy 3\n  rotate: true\n  xy: 90, 28\n  size: 27, 26\n  orig: 29, 28\n  offset: 1, 1\n  index: -1\nLayer 13 copy 4\n  rotate: false\n  xy: 118, 126\n  size: 26, 26\n  orig: 28, 28\n  offset: 1, 1\n  index: -1\nLayer 13 copy 5\n  rotate: true\n  xy: 92, 2\n  size: 24, 26\n  orig: 26, 28\n  offset: 1, 1\n  index: -1\nLayer 13 copy 6\n  rotate: true\n  xy: 122, 75\n  size: 25, 24\n  orig: 27, 26\n  offset: 1, 1\n  index: -1\nLevels 3\n  rotate: false\n  xy: 2, 427\n  size: 150, 103\n  orig: 152, 105\n  offset: 1, 1\n  index: -1\nLevels 3 copy\n  rotate: false\n  xy: 2, 318\n  size: 136, 107\n  orig: 138, 109\n  offset: 1, 1\n  index: -1\nLevels 3 copy 2\n  rotate: false\n  xy: 2, 224\n  size: 150, 92\n  orig: 152, 94\n  offset: 1, 1\n  index: -1\n",["Chest.png"],{"skeleton":{"hash":"3rRQhLUS9ZIxyZh7N+JLIlWuxvA","spine":"3.8.99","x":-187.96,"y":-68.63,"width":433,"height":384,"images":"./images/","audio":"F:/GAMEE/Mystery Manor/Elements/Chest"},"bones":[{"name":"root"},{"name":"Chest","parent":"root","x":-14.15,"y":4.72},{"name":"bone2","parent":"Chest","x":-1.1,"y":5.27},{"name":"bone3","parent":"bone2","x":192.32,"y":166.6},{"name":"bone4","parent":"Chest","rotation":-11.6,"x":149.11,"y":357.04},{"name":"Coin","parent":"root","x":27.47,"y":295.32},{"name":"bone6","parent":"Coin","y":-10.69},{"name":"bone7","parent":"Coin","x":45.27,"y":-208.7},{"name":"bone8","parent":"Coin","x":96.1,"y":-168.04},{"name":"bone9","parent":"Coin","x":111.61,"y":-93.68},{"name":"bone10","parent":"Coin","x":179.56,"y":-78.16},{"name":"bone11","parent":"Coin","x":148.53,"y":2.09},{"name":"bone12","parent":"Coin","x":143.54,"y":75.63},{"name":"bone13","parent":"Coin","x":27.44,"y":108.26},{"name":"bone14","parent":"Coin","x":75.59,"y":154.27},{"name":"bone15","parent":"Coin","x":-66.11,"y":140.28},{"name":"bone16","parent":"Coin","x":-154.38,"y":89.45},{"name":"bone17","parent":"Coin","x":-182.2,"y":-20.76},{"name":"bone18","parent":"Coin","x":-146.89,"y":-84.42},{"name":"bone19","parent":"Coin","x":-88.04,"y":-132.57},{"name":"bone20","parent":"Coin","x":-98.21,"y":32.74}],"slots":[{"name":"Levels 3 copy","bone":"bone4"},{"name":"Levels 3","bone":"bone2","attachment":"Levels 3"},{"name":"Levels 3 copy 2","bone":"bone2"},{"name":"Layer 1","bone":"bone3","attachment":"Layer 1"},{"name":"Layer 13 copy 6","bone":"bone8"},{"name":"Layer 13 copy 3","bone":"bone13"},{"name":"Group 217 copy 17","bone":"bone20"},{"name":"Group 217 copy 20","bone":"bone17"},{"name":"Group 217 copy 25","bone":"bone7"},{"name":"Group 217 copy 21","bone":"bone18"},{"name":"Group 217 copy 22","bone":"bone16"},{"name":"Group 217 copy 19","bone":"bone12"},{"name":"Layer 13 copy","bone":"bone6"},{"name":"Layer 13 copy 4","bone":"bone14"},{"name":"Layer 13 copy 5","bone":"bone19"},{"name":"Group 217 copy 14","bone":"bone11"},{"name":"Group 217 copy 8","bone":"bone9"},{"name":"Group 217 copy 23","bone":"bone15"},{"name":"Group 217 copy 24","bone":"bone10"}],"skins":[{"name":"default","attachments":{"Group 217 copy 8":{"Group 217 copy 8":{"x":-0.05,"y":-1.27,"width":100,"height":98}},"Group 217 copy 14":{"Group 217 copy 14":{"x":0.04,"y":-4.53,"width":96,"height":77}},"Group 217 copy 17":{"Group 217 copy 17":{"x":0.77,"y":-3.19,"width":90,"height":77}},"Group 217 copy 19":{"Group 217 copy 19":{"x":-1.47,"y":1.42,"width":75,"height":68}},"Group 217 copy 20":{"Group 217 copy 20":{"x":0.27,"y":1.31,"width":65,"height":73}},"Group 217 copy 21":{"Group 217 copy 21":{"x":-0.04,"y":-1.52,"width":59,"height":72}},"Group 217 copy 22":{"Group 217 copy 22":{"x":-0.05,"y":-1.4,"width":74,"height":66}},"Group 217 copy 23":{"Group 217 copy 23":{"x":-0.83,"y":-3.22,"width":79,"height":78}},"Group 217 copy 24":{"Group 217 copy 24":{"x":-0.99,"y":2.22,"width":80,"height":76}},"Group 217 copy 25":{"Group 217 copy 25":{"x":0.29,"y":-2.24,"width":82,"height":66}},"Layer 1":{"Layer 1":{"x":-147.53,"y":38.78,"width":423,"height":200}},"Layer 13 copy":{"Layer 13 copy":{"x":-3.93,"y":-3.26,"width":265,"height":276}},"Layer 13 copy 3":{"Layer 13 copy 3":{"x":0.12,"y":0.79,"width":82,"height":80}},"Layer 13 copy 4":{"Layer 13 copy 4":{"x":-2.03,"y":-1.72,"width":80,"height":79}},"Layer 13 copy 5":{"Layer 13 copy 5":{"x":2.11,"y":-0.87,"width":75,"height":79}},"Layer 13 copy 6":{"Layer 13 copy 6":{"x":1.47,"y":2.1,"width":76,"height":74}},"Levels 3":{"Levels 3":{"x":43.8,"y":70.88,"width":433,"height":299}},"Levels 3 copy":{"Levels 3 copy":{"x":-28.31,"y":81.07,"rotation":11.6,"width":393,"height":311}},"Levels 3 copy 2":{"Levels 3 copy 2":{"x":44.8,"y":54.38,"width":433,"height":268}}}}],"animations":{"Close":{},"Idle":{"slots":{"Group 217 copy 8":{"attachment":[{"name":"Group 217 copy 8"}]},"Group 217 copy 14":{"attachment":[{"name":"Group 217 copy 14"}]},"Group 217 copy 17":{"attachment":[{"name":"Group 217 copy 17"}]},"Group 217 copy 19":{"attachment":[{"name":"Group 217 copy 19"}]},"Group 217 copy 20":{"attachment":[{"name":"Group 217 copy 20"}]},"Group 217 copy 21":{"attachment":[{"name":"Group 217 copy 21"}]},"Group 217 copy 22":{"attachment":[{"name":"Group 217 copy 22"}]},"Group 217 copy 23":{"attachment":[{"name":"Group 217 copy 23"}]},"Group 217 copy 24":{"attachment":[{"name":"Group 217 copy 24"}]},"Group 217 copy 25":{"attachment":[{"name":"Group 217 copy 25"}]},"Layer 1":{"attachment":[{"name":null}]},"Layer 13 copy":{"attachment":[{"name":"Layer 13 copy"}]},"Layer 13 copy 3":{"attachment":[{"name":"Layer 13 copy 3"}]},"Layer 13 copy 4":{"attachment":[{"name":"Layer 13 copy 4"}]},"Layer 13 copy 5":{"attachment":[{"name":"Layer 13 copy 5"}]},"Layer 13 copy 6":{"attachment":[{"name":"Layer 13 copy 6"}]},"Levels 3 copy":{"attachment":[{"name":"Levels 3 copy"}]},"Levels 3 copy 2":{"attachment":[{"name":"Levels 3 copy 2"}]}},"bones":{"bone2":{"scale":[{"curve":0.25,"c3":0.75},{"time":0.5,"x":1.011,"y":0.977,"curve":0.25,"c3":0.75},{"time":1}]},"bone4":{"rotate":[{"angle":-0.02,"curve":0.382,"c2":0.57,"c3":0.735},{"time":0.1667,"angle":0.36,"curve":0.25,"c3":0.75},{"time":0.6667,"angle":-0.99,"curve":0.243,"c3":0.649,"c4":0.6},{"time":1,"angle":-0.02}],"translate":[{"y":-1.19,"curve":0.382,"c2":0.57,"c3":0.735},{"time":0.1667,"curve":0.25,"c3":0.75},{"time":0.6667,"y":-4.18,"curve":0.243,"c3":0.649,"c4":0.6},{"time":1,"y":-1.19}]},"bone8":{"rotate":[{"angle":-3.85,"curve":0.372,"c2":0.48,"c3":0.752},{"time":0.2667,"angle":-8.43,"curve":0.25,"c3":0.75},{"time":0.7667,"curve":0.252,"c3":0.622,"c4":0.48},{"time":1,"angle":-3.85}],"translate":[{"y":-4.24,"curve":0.38,"c2":0.59,"c3":0.727},{"time":0.1333,"y":-5.81,"curve":0.25,"c3":0.75},{"time":0.6333,"y":1.94,"curve":0.242,"c3":0.663,"c4":0.65},{"time":1,"y":-4.24}]},"bone13":{"rotate":[{"angle":1.49,"curve":0.38,"c2":0.59,"c3":0.727},{"time":0.1333,"curve":0.25,"c3":0.75},{"time":0.6333,"angle":7.36,"curve":0.242,"c3":0.663,"c4":0.65},{"time":1,"angle":1.49}],"translate":[{"y":0.37,"curve":0.38,"c2":0.59,"c3":0.727},{"time":0.1333,"y":1.94,"curve":0.25,"c3":0.75},{"time":0.6333,"y":-5.81,"curve":0.242,"c3":0.663,"c4":0.65},{"time":1,"y":0.37}]},"bone20":{"translate":[{"y":1.94,"curve":0.25,"c3":0.75},{"time":0.5,"y":-5.81,"curve":0.25,"c3":0.75},{"time":1,"y":1.94}]},"bone17":{"rotate":[{"angle":4.25,"curve":0.381,"c2":0.55,"c3":0.742},{"time":0.2,"curve":0.25,"c3":0.75},{"time":0.7,"angle":11.57,"curve":0.245,"c3":0.637,"c4":0.56},{"time":1,"angle":4.25}],"translate":[{"y":0.93,"curve":0.375,"c2":0.62,"c3":0.716},{"time":0.1,"y":1.94,"curve":0.25,"c3":0.75},{"time":0.6,"y":-5.81,"curve":0.243,"c3":0.68,"c4":0.71},{"time":1,"y":0.93}]},"bone7":{"rotate":[{"angle":-7.96,"curve":0.334,"c2":0.34,"c3":0.67,"c4":0.68},{"time":0.0667,"angle":-5.39,"curve":0.381,"c2":0.55,"c3":0.742},{"time":0.2667,"curve":0.25,"c3":0.75},{"time":0.7667,"angle":-14.65,"curve":0.252,"c3":0.622,"c4":0.48},{"time":1,"angle":-7.96}],"translate":[{"y":-0.91,"curve":0.381,"c2":0.55,"c3":0.742},{"time":0.2,"y":1.94,"curve":0.25,"c3":0.75},{"time":0.7,"y":-5.81,"curve":0.245,"c3":0.637,"c4":0.56},{"time":1,"y":-0.91}]},"bone18":{"rotate":[{"angle":-9.48,"curve":0.3,"c2":0.21,"c3":0.756},{"time":0.4333,"curve":0.25,"c3":0.75},{"time":0.9333,"angle":-10.19,"curve":0.297,"c3":0.634,"c4":0.37},{"time":1,"angle":-9.48}],"translate":[{"y":-3.61,"curve":0.351,"c2":0.4,"c3":0.757},{"time":0.3333,"y":1.94,"curve":0.25,"c3":0.75},{"time":0.8333,"y":-5.81,"curve":0.265,"c3":0.618,"c4":0.43},{"time":1,"y":-3.61}]},"bone16":{"rotate":[{"angle":-6.32,"curve":0.381,"c2":0.55,"c3":0.742},{"time":0.2,"angle":-10.01,"curve":0.25,"c3":0.75},{"time":0.7,"curve":0.245,"c3":0.637,"c4":0.56},{"time":1,"angle":-6.32}],"translate":[{"y":-5.64,"curve":0.277,"c2":0.12,"c3":0.754},{"time":0.4667,"y":1.94,"curve":0.25,"c3":0.75},{"time":0.9667,"y":-5.81,"curve":0.313,"c3":0.648,"c4":0.35},{"time":1,"y":-5.64}]},"bone12":{"rotate":[{"angle":-7.28,"curve":0.372,"c2":0.48,"c3":0.752},{"time":0.2667,"curve":0.25,"c3":0.75},{"time":0.7667,"angle":-13.37,"curve":0.252,"c3":0.622,"c4":0.48},{"time":1,"angle":-7.28}],"translate":[{"y":-2.28,"curve":0.372,"c2":0.48,"c3":0.752},{"time":0.2667,"y":1.94,"curve":0.25,"c3":0.75},{"time":0.7667,"y":-5.81,"curve":0.252,"c3":0.622,"c4":0.48},{"time":1,"y":-2.28}]},"bone6":{"translate":[{"y":0.93,"curve":0.375,"c2":0.62,"c3":0.716},{"time":0.1,"y":1.94,"curve":0.25,"c3":0.75},{"time":0.6,"y":-5.81,"curve":0.243,"c3":0.68,"c4":0.71},{"time":1,"y":0.93}]},"bone14":{"rotate":[{"angle":9.18,"curve":0.381,"c2":0.55,"c3":0.742},{"time":0.2,"curve":0.25,"c3":0.75},{"time":0.7,"angle":24.96,"curve":0.245,"c3":0.637,"c4":0.56},{"time":1,"angle":9.18}],"translate":[{"y":-0.91,"curve":0.381,"c2":0.55,"c3":0.742},{"time":0.2,"y":1.94,"curve":0.25,"c3":0.75},{"time":0.7,"y":-5.81,"curve":0.245,"c3":0.637,"c4":0.56},{"time":1,"y":-0.91}]},"bone19":{"rotate":[{"angle":-9.06,"curve":0.351,"c2":0.4,"c3":0.757},{"time":0.3333,"curve":0.25,"c3":0.75},{"time":0.8333,"angle":-12.65,"curve":0.265,"c3":0.618,"c4":0.43},{"time":1,"angle":-9.06}],"translate":[{"y":-1.6,"curve":0.378,"c2":0.52,"c3":0.748},{"time":0.2333,"y":1.94,"curve":0.25,"c3":0.75},{"time":0.7333,"y":-5.81,"curve":0.248,"c3":0.628,"c4":0.52},{"time":1,"y":-1.6}]},"bone11":{"rotate":[{"angle":-9.52,"curve":0.351,"c2":0.4,"c3":0.757},{"time":0.3333,"angle":8.66,"curve":0.25,"c3":0.75},{"time":0.8333,"angle":-16.72,"curve":0.265,"c3":0.618,"c4":0.43},{"time":1,"angle":-9.52}],"translate":[{"y":-3.61,"curve":0.351,"c2":0.4,"c3":0.757},{"time":0.3333,"y":1.94,"curve":0.25,"c3":0.75},{"time":0.8333,"y":-5.81,"curve":0.265,"c3":0.618,"c4":0.43},{"time":1,"y":-3.61}]},"bone9":{"rotate":[{"angle":-11.02,"curve":0.351,"c2":0.4,"c3":0.757},{"time":0.3333,"curve":0.25,"c3":0.75},{"time":0.8333,"angle":-15.39,"curve":0.265,"c3":0.618,"c4":0.43},{"time":1,"angle":-11.02}],"translate":[{"y":-3.61,"curve":0.351,"c2":0.4,"c3":0.757},{"time":0.3333,"y":1.94,"curve":0.25,"c3":0.75},{"time":0.8333,"y":-5.81,"curve":0.265,"c3":0.618,"c4":0.43},{"time":1,"y":-3.61}]},"bone15":{"rotate":[{"angle":-0.52,"curve":0.366,"c2":0.63,"c3":0.703},{"time":0.0667,"curve":0.25,"c3":0.75},{"time":0.5667,"angle":-7.48,"curve":0.244,"c3":0.7,"c4":0.79},{"time":1,"angle":-0.52}],"translate":[{"y":1.4,"curve":0.366,"c2":0.63,"c3":0.703},{"time":0.0667,"y":1.94,"curve":0.25,"c3":0.75},{"time":0.5667,"y":-5.81,"curve":0.244,"c3":0.7,"c4":0.79},{"time":1,"y":1.4}]},"bone10":{"rotate":[{"angle":9.9,"curve":0.381,"c2":0.55,"c3":0.742},{"time":0.2,"angle":15.67,"curve":0.25,"c3":0.75},{"time":0.7,"curve":0.245,"c3":0.637,"c4":0.56},{"time":1,"angle":9.9}],"translate":[{"y":-4.81,"curve":0.375,"c2":0.62,"c3":0.716},{"time":0.1,"y":-5.81,"curve":0.25,"c3":0.75},{"time":0.6,"y":1.94,"curve":0.243,"c3":0.68,"c4":0.71},{"time":1,"y":-4.81}]}}},"Open":{"slots":{"Group 217 copy 8":{"attachment":[{"time":1.1,"name":"Group 217 copy 8"}]},"Group 217 copy 14":{"attachment":[{"time":1.1,"name":"Group 217 copy 14"}]},"Group 217 copy 17":{"attachment":[{"time":1.1,"name":"Group 217 copy 17"}]},"Group 217 copy 19":{"attachment":[{"time":1.1,"name":"Group 217 copy 19"}]},"Group 217 copy 20":{"attachment":[{"time":1.1,"name":"Group 217 copy 20"}]},"Group 217 copy 21":{"attachment":[{"time":1.1,"name":"Group 217 copy 21"}]},"Group 217 copy 22":{"attachment":[{"time":1.1,"name":"Group 217 copy 22"}]},"Group 217 copy 23":{"attachment":[{"time":1.1,"name":"Group 217 copy 23"}]},"Group 217 copy 24":{"attachment":[{"time":1.1,"name":"Group 217 copy 24"}]},"Group 217 copy 25":{"attachment":[{"time":1.1,"name":"Group 217 copy 25"}]},"Layer 1":{"attachment":[{"time":1.1333,"name":null}]},"Layer 13 copy":{"attachment":[{"time":1.1,"name":"Layer 13 copy"}]},"Layer 13 copy 3":{"attachment":[{"time":1.1,"name":"Layer 13 copy 3"}]},"Layer 13 copy 4":{"attachment":[{"time":1.1,"name":"Layer 13 copy 4"}]},"Layer 13 copy 5":{"attachment":[{"time":1.1,"name":"Layer 13 copy 5"}]},"Layer 13 copy 6":{"attachment":[{"time":1.1,"name":"Layer 13 copy 6"}]},"Levels 3 copy":{"attachment":[{"time":1.1333,"name":"Levels 3 copy"}]},"Levels 3 copy 2":{"attachment":[{"time":1.1333,"name":"Levels 3 copy 2"}]}},"bones":{"Chest":{"scale":[{"curve":0.25,"c3":0.75},{"time":0.8333,"x":1.097,"y":0.911,"curve":0.25,"c3":0.75},{"time":1,"x":1.125,"y":0.872,"curve":0.598,"c3":0.545},{"time":1.1667,"x":0.916,"y":1.138,"curve":0.25,"c3":0.75},{"time":1.3333,"curve":0.25,"c3":0.75},{"time":1.5333,"x":0.991,"y":1.017,"curve":0.25,"c3":0.75},{"time":1.7333}]},"bone2":{"scale":[{"curve":0.25,"c3":0.75},{"time":0.0667,"x":1.026,"y":0.96,"curve":0.25,"c3":0.75},{"time":0.1333,"curve":0.25,"c3":0.75},{"time":0.2,"x":1.026,"y":0.96,"curve":0.25,"c3":0.75},{"time":0.2667,"curve":0.25,"c3":0.75},{"time":0.3333,"x":1.026,"y":0.96,"curve":0.25,"c3":0.75},{"time":0.4,"curve":0.25,"c3":0.75},{"time":0.4667,"x":1.026,"y":0.96,"curve":0.25,"c3":0.75},{"time":0.5333,"curve":0.25,"c3":0.75},{"time":0.6,"x":1.026,"y":0.96,"curve":0.25,"c3":0.75},{"time":0.6667,"curve":0.25,"c3":0.75},{"time":0.7333,"x":1.026,"y":0.96,"curve":0.25,"c3":0.75},{"time":0.8,"curve":0.25,"c3":0.75},{"time":0.8667,"x":1.026,"y":0.96,"curve":0.25,"c3":0.75},{"time":0.9333,"curve":0.25,"c3":0.75},{"time":1,"x":1.026,"y":0.96,"curve":0.25,"c3":0.75},{"time":1.0667}]},"bone3":{"rotate":[{"time":1,"curve":0.25,"c3":0.857,"c4":0.79},{"time":1.1667,"angle":-7.14}],"translate":[{"time":1,"curve":0.228,"c3":0.651,"c4":0.51},{"time":1.1,"x":22.39,"y":68.68,"curve":0.448,"c2":0.41,"c3":0.833,"c4":0.81},{"time":1.1667,"x":45.74,"y":68.93}]},"bone4":{"rotate":[{"time":1.1667,"curve":0.25,"c3":0.75},{"time":1.3333,"angle":-0.02}],"translate":[{"time":1.1333,"x":-11.21,"y":-22.81},{"time":1.1667,"x":6.53,"y":15.77,"curve":0.25,"c3":0.75},{"time":1.3333,"y":-1.19}],"scale":[{"time":1.1333,"y":0.732},{"time":1.1667}]},"bone8":{"rotate":[{"time":1.1,"angle":-3.85,"curve":0.372,"c2":0.48,"c3":0.752},{"time":1.3667,"angle":-8.43,"curve":0.25,"c3":0.75},{"time":1.8667,"curve":0.252,"c3":0.622,"c4":0.48},{"time":2.1,"angle":-3.85}],"translate":[{"time":1.1,"y":-4.24,"curve":0.38,"c2":0.59,"c3":0.727},{"time":1.2333,"y":-5.81,"curve":0.25,"c3":0.75},{"time":1.7333,"y":1.94,"curve":0.242,"c3":0.663,"c4":0.65},{"time":2.1,"y":-4.24}]},"bone13":{"rotate":[{"time":1.1,"angle":1.49,"curve":0.38,"c2":0.59,"c3":0.727},{"time":1.2333,"curve":0.25,"c3":0.75},{"time":1.7333,"angle":7.36,"curve":0.242,"c3":0.663,"c4":0.65},{"time":2.1,"angle":1.49}],"translate":[{"time":1.1,"y":0.37,"curve":0.38,"c2":0.59,"c3":0.727},{"time":1.2333,"y":1.94,"curve":0.25,"c3":0.75},{"time":1.7333,"y":-5.81,"curve":0.242,"c3":0.663,"c4":0.65},{"time":2.1,"y":0.37}]},"bone20":{"translate":[{"time":1.1,"y":1.94,"curve":0.25,"c3":0.75},{"time":1.6,"y":-5.81,"curve":0.25,"c3":0.75},{"time":2.1,"y":1.94}]},"bone17":{"rotate":[{"time":1.1,"angle":4.25,"curve":0.381,"c2":0.55,"c3":0.742},{"time":1.3,"curve":0.25,"c3":0.75},{"time":1.8,"angle":11.57,"curve":0.245,"c3":0.637,"c4":0.56},{"time":2.1,"angle":4.25}],"translate":[{"time":1.1,"y":0.93,"curve":0.375,"c2":0.62,"c3":0.716},{"time":1.2,"y":1.94,"curve":0.25,"c3":0.75},{"time":1.7,"y":-5.81,"curve":0.243,"c3":0.68,"c4":0.71},{"time":2.1,"y":0.93}]},"bone7":{"rotate":[{"time":1.1,"angle":-7.96,"curve":0.334,"c2":0.34,"c3":0.67,"c4":0.68},{"time":1.1667,"angle":-5.39,"curve":0.381,"c2":0.55,"c3":0.742},{"time":1.3667,"curve":0.25,"c3":0.75},{"time":1.8667,"angle":-14.65,"curve":0.252,"c3":0.622,"c4":0.48},{"time":2.1,"angle":-7.96}],"translate":[{"time":1.1,"y":-0.91,"curve":0.381,"c2":0.55,"c3":0.742},{"time":1.3,"y":1.94,"curve":0.25,"c3":0.75},{"time":1.8,"y":-5.81,"curve":0.245,"c3":0.637,"c4":0.56},{"time":2.1,"y":-0.91}]},"bone18":{"rotate":[{"time":1.1,"angle":-9.48,"curve":0.3,"c2":0.21,"c3":0.756},{"time":1.5333,"curve":0.25,"c3":0.75},{"time":2.0333,"angle":-10.19,"curve":0.297,"c3":0.634,"c4":0.37},{"time":2.1,"angle":-9.48}],"translate":[{"time":1.1,"y":-3.61,"curve":0.351,"c2":0.4,"c3":0.757},{"time":1.4333,"y":1.94,"curve":0.25,"c3":0.75},{"time":1.9333,"y":-5.81,"curve":0.265,"c3":0.618,"c4":0.43},{"time":2.1,"y":-3.61}]},"bone16":{"rotate":[{"time":1.1,"angle":-6.32,"curve":0.381,"c2":0.55,"c3":0.742},{"time":1.3,"angle":-10.01,"curve":0.25,"c3":0.75},{"time":1.8,"curve":0.245,"c3":0.637,"c4":0.56},{"time":2.1,"angle":-6.32}],"translate":[{"time":1.1,"y":-5.64,"curve":0.277,"c2":0.12,"c3":0.754},{"time":1.5667,"y":1.94,"curve":0.25,"c3":0.75},{"time":2.0667,"y":-5.81,"curve":0.313,"c3":0.648,"c4":0.35},{"time":2.1,"y":-5.64}]},"bone12":{"rotate":[{"time":1.1,"angle":-7.28,"curve":0.372,"c2":0.48,"c3":0.752},{"time":1.3667,"curve":0.25,"c3":0.75},{"time":1.8667,"angle":-13.37,"curve":0.252,"c3":0.622,"c4":0.48},{"time":2.1,"angle":-7.28}],"translate":[{"time":1.1,"y":-2.28,"curve":0.372,"c2":0.48,"c3":0.752},{"time":1.3667,"y":1.94,"curve":0.25,"c3":0.75},{"time":1.8667,"y":-5.81,"curve":0.252,"c3":0.622,"c4":0.48},{"time":2.1,"y":-2.28}]},"bone6":{"translate":[{"time":1.1,"y":0.93,"curve":0.375,"c2":0.62,"c3":0.716},{"time":1.2,"y":1.94,"curve":0.25,"c3":0.75},{"time":1.7,"y":-5.81,"curve":0.243,"c3":0.68,"c4":0.71},{"time":2.1,"y":0.93}]},"bone14":{"rotate":[{"time":1.1,"angle":9.18,"curve":0.381,"c2":0.55,"c3":0.742},{"time":1.3,"curve":0.25,"c3":0.75},{"time":1.8,"angle":24.96,"curve":0.245,"c3":0.637,"c4":0.56},{"time":2.1,"angle":9.18}],"translate":[{"time":1.1,"y":-0.91,"curve":0.381,"c2":0.55,"c3":0.742},{"time":1.3,"y":1.94,"curve":0.25,"c3":0.75},{"time":1.8,"y":-5.81,"curve":0.245,"c3":0.637,"c4":0.56},{"time":2.1,"y":-0.91}]},"bone19":{"rotate":[{"time":1.1,"angle":-9.06,"curve":0.351,"c2":0.4,"c3":0.757},{"time":1.4333,"curve":0.25,"c3":0.75},{"time":1.9333,"angle":-12.65,"curve":0.265,"c3":0.618,"c4":0.43},{"time":2.1,"angle":-9.06}],"translate":[{"time":1.1,"y":-1.6,"curve":0.378,"c2":0.52,"c3":0.748},{"time":1.3333,"y":1.94,"curve":0.25,"c3":0.75},{"time":1.8333,"y":-5.81,"curve":0.248,"c3":0.628,"c4":0.52},{"time":2.1,"y":-1.6}]},"bone11":{"rotate":[{"time":1.1,"angle":-9.52,"curve":0.351,"c2":0.4,"c3":0.757},{"time":1.4333,"angle":8.66,"curve":0.25,"c3":0.75},{"time":1.9333,"angle":-16.72,"curve":0.265,"c3":0.618,"c4":0.43},{"time":2.1,"angle":-9.52}],"translate":[{"time":1.1,"y":-3.61,"curve":0.351,"c2":0.4,"c3":0.757},{"time":1.4333,"y":1.94,"curve":0.25,"c3":0.75},{"time":1.9333,"y":-5.81,"curve":0.265,"c3":0.618,"c4":0.43},{"time":2.1,"y":-3.61}]},"bone9":{"rotate":[{"time":1.1,"angle":-11.02,"curve":0.351,"c2":0.4,"c3":0.757},{"time":1.4333,"curve":0.25,"c3":0.75},{"time":1.9333,"angle":-15.39,"curve":0.265,"c3":0.618,"c4":0.43},{"time":2.1,"angle":-11.02}],"translate":[{"time":1.1,"y":-3.61,"curve":0.351,"c2":0.4,"c3":0.757},{"time":1.4333,"y":1.94,"curve":0.25,"c3":0.75},{"time":1.9333,"y":-5.81,"curve":0.265,"c3":0.618,"c4":0.43},{"time":2.1,"y":-3.61}]},"bone15":{"rotate":[{"time":1.1,"angle":-0.52,"curve":0.366,"c2":0.63,"c3":0.703},{"time":1.1667,"curve":0.25,"c3":0.75},{"time":1.6667,"angle":-7.48,"curve":0.244,"c3":0.7,"c4":0.79},{"time":2.1,"angle":-0.52}],"translate":[{"time":1.1,"y":1.4,"curve":0.366,"c2":0.63,"c3":0.703},{"time":1.1667,"y":1.94,"curve":0.25,"c3":0.75},{"time":1.6667,"y":-5.81,"curve":0.244,"c3":0.7,"c4":0.79},{"time":2.1,"y":1.4}]},"bone10":{"rotate":[{"time":1.1,"angle":9.9,"curve":0.381,"c2":0.55,"c3":0.742},{"time":1.3,"angle":15.67,"curve":0.25,"c3":0.75},{"time":1.8,"curve":0.245,"c3":0.637,"c4":0.56},{"time":2.1,"angle":9.9}],"translate":[{"time":1.1,"y":-4.81,"curve":0.375,"c2":0.62,"c3":0.716},{"time":1.2,"y":-5.81,"curve":0.25,"c3":0.75},{"time":1.7,"y":1.94,"curve":0.243,"c3":0.68,"c4":0.71},{"time":2.1,"y":-4.81}]},"Coin":{"translate":[{"time":1.1,"x":-1.91,"y":-62.96,"curve":0.25,"c3":0.75},{"time":1.2,"x":-1.91,"y":17.17,"curve":0.25,"c3":0.75},{"time":1.4}],"scale":[{"time":1.1,"x":0.289,"y":0.289,"curve":0.25,"c3":0.75},{"time":1.2,"x":1.057,"y":1.057,"curve":0.25,"c3":0.75},{"time":1.4}]}}}}},[0]]],0,0,[0],[-1],[0]]