[1,["77tmYHl0NEOaSHwWMjoA1T"],0,[["sp.SkeletonData",["_name","_atlasText","textureNames","_skeletonJson","textures"],-1,3]],[[0,0,1,2,3,4,5]],[[0,"Scissors","\nScissors.png\nsize: 180,180\nformat: RGBA8888\nfilter: Linear,Linear\nrepeat: none\n1\n  rotate: true\n  xy: 78, 65\n  size: 113, 100\n  orig: 113, 100\n  offset: 0, 0\n  index: -1\n2\n  rotate: false\n  xy: 2, 36\n  size: 74, 142\n  orig: 74, 144\n  offset: 0, 2\n  index: -1\n",["Scissors.png"],{"skeleton":{"hash":"MaSu9W2OTmliXjQg9YwX1aztHHI","spine":"3.8.99","x":-258,"y":-335.66,"width":566,"height":722,"images":"./images/","audio":""},"bones":[{"name":"root"},{"name":"All","parent":"root"},{"name":"1","parent":"All","x":4.47,"y":-2.32},{"name":"2","parent":"All","x":4.47,"y":-2.32}],"slots":[{"name":"2","bone":"2","attachment":"2"},{"name":"1","bone":"1","attachment":"1"}],"skins":[{"name":"default","attachments":{"1":{"1":{"x":20.53,"y":90.32,"width":566,"height":502}},"2":{"2":{"x":2.15,"y":27.66,"width":370,"height":722}}}}],"animations":{"Cut":{"bones":{"1":{"rotate":[{"curve":0.25,"c3":0.75},{"time":0.3,"angle":40.49,"curve":0.25,"c3":0.902,"c4":0.85},{"time":0.4,"angle":-8.25,"curve":"stepped"},{"time":0.5,"angle":-8.25,"curve":0.25,"c3":0.75},{"time":0.7,"angle":40.49,"curve":0.25,"c3":0.902,"c4":0.77},{"time":0.8,"angle":-8.25,"curve":"stepped"},{"time":0.9,"angle":-8.25,"curve":0.25,"c3":0.75},{"time":1.1333}],"translate":[{"curve":"stepped"},{"time":1.1333}]},"2":{"rotate":[{"curve":0.25,"c3":0.75},{"time":0.3,"angle":-27.12,"curve":0.25,"c3":0.902,"c4":0.85},{"time":0.4,"angle":4.59,"curve":"stepped"},{"time":0.5,"angle":4.59,"curve":0.25,"c3":0.75},{"time":0.7,"angle":-27.12,"curve":0.25,"c3":0.902,"c4":0.77},{"time":0.8,"angle":4.59,"curve":"stepped"},{"time":0.9,"angle":4.59,"curve":0.25,"c3":0.75},{"time":1.1333}],"translate":[{"curve":"stepped"},{"time":1.1333}]}}}}},[0]]],0,0,[0],[-1],[0]]