[1,0,0,[["cc.JsonAsset",["_name","json"],1]],[[0,0,1,3]],[[0,"task_4",[{"data":{"EN":{"title":"Survives","task":"Rescue Victim"},"JA":{"title":"生き残る","task":"犠牲者の救出"},"ID":{"title":"Bertahan","task":"Penyelamatan Korban"},"DE":{"title":"Überlebt","task":"Opfer retten"}}},{"data":{"EN":{"title":"Survives","task":"Protect the Victim"},"JA":{"title":"生き残る","task":"被害者を守る"},"ID":{"title":"Bertahan","task":"Lindungi Korban"},"DE":{"title":"Überlebt","task":"Beschütze das Opfer"}}},{"data":{"EN":{"title":"Survives","task":"Save yourself"},"JA":{"title":"生き残る","task":"自分を救ってください"},"ID":{"title":"Bertahan","task":"Selamatkan diri mu"},"DE":{"title":"Überlebt","task":"Rette dich selbst"}}},{"data":{"EN":{"title":"Survives","task":"Don't be catch by butcher"},"JA":{"title":"生き残る","task":"肉屋に捕まらないように"},"ID":{"title":"Bertahan","task":"Jangan sampai tertangkap oleh tukang daging"},"DE":{"title":"Überlebt","task":"Lassen Sie sich nicht vom Metzger erwischen"}}},{"data":{"EN":{"title":"Survives","task":"Defeat Butcher"},"JA":{"title":"生き残る","task":"ブッチャーを倒す"},"ID":{"title":"Bertahan","task":"Kalahkan Jagal"},"DE":{"title":"Überlebt","task":"Besiege Metzger"}}}]]],0,0,[],[],[]]