[1,["d4cGBlpGRFYIKgcXGGDM3/"],0,[["sp.SkeletonData",["_name","_atlasText","textureNames","_skeletonJson","textures"],-1,3]],[[0,0,1,2,3,4,5]],[[0,"Art_Grandma","\nArt_Grandma.png\nsize: 808,808\nformat: RGBA8888\nfilter: Linear,Linear\nrepeat: none\nHead1\n  rotate: true\n  xy: 544, 107\n  size: 230, 202\n  orig: 230, 202\n  offset: 0, 0\n  index: -1\nHead2\n  rotate: true\n  xy: 544, 339\n  size: 232, 202\n  orig: 232, 202\n  offset: 0, 0\n  index: -1\nL_Eye\n  rotate: true\n  xy: 777, 617\n  size: 38, 26\n  orig: 39, 27\n  offset: 1, 1\n  index: -1\nL_Eye1\n  rotate: false\n  xy: 64, 3\n  size: 25, 12\n  orig: 25, 12\n  offset: 0, 0\n  index: -1\nL_Eye1_1\n  rotate: true\n  xy: 777, 577\n  size: 38, 26\n  orig: 39, 27\n  offset: 1, 1\n  index: -1\nL_Eye1_2\n  rotate: false\n  xy: 709, 6\n  size: 23, 19\n  orig: 23, 19\n  offset: 0, 0\n  index: -1\nL_Eye2_1\n  rotate: false\n  xy: 405, 3\n  size: 38, 27\n  orig: 39, 27\n  offset: 1, 0\n  index: -1\nL_Eye2_2\n  rotate: false\n  xy: 35, 2\n  size: 27, 13\n  orig: 27, 13\n  offset: 0, 0\n  index: -1\nL_EyeClose\n  rotate: true\n  xy: 778, 673\n  size: 38, 26\n  orig: 39, 27\n  offset: 1, 0\n  index: -1\nL_EyeClose1\n  rotate: false\n  xy: 736, 2\n  size: 39, 25\n  orig: 39, 27\n  offset: 0, 1\n  index: -1\nL_EyeClose2\n  rotate: true\n  xy: 779, 736\n  size: 38, 25\n  orig: 39, 27\n  offset: 1, 1\n  index: -1\nL_Eyebrow\n  rotate: true\n  xy: 749, 657\n  size: 54, 27\n  orig: 54, 27\n  offset: 0, 0\n  index: -1\nL_Eyebrow1\n  rotate: false\n  xy: 672, 6\n  size: 35, 19\n  orig: 35, 19\n  offset: 0, 0\n  index: -1\nL_Eyebrow2\n  rotate: false\n  xy: 578, 5\n  size: 34, 17\n  orig: 34, 17\n  offset: 0, 0\n  index: -1\nL_Hair\n  rotate: true\n  xy: 413, 151\n  size: 173, 119\n  orig: 173, 119\n  offset: 0, 0\n  index: -1\nL_Hair1\n  rotate: false\n  xy: 303, 65\n  size: 96, 108\n  orig: 96, 108\n  offset: 0, 0\n  index: -1\nL_Pupil\n  rotate: false\n  xy: 748, 508\n  size: 16, 16\n  orig: 16, 16\n  offset: 0, 0\n  index: -1\nL_Pupil1\n  rotate: false\n  xy: 749, 578\n  size: 17, 16\n  orig: 17, 16\n  offset: 0, 0\n  index: -1\nL_Pupil2\n  rotate: false\n  xy: 748, 490\n  size: 16, 16\n  orig: 16, 16\n  offset: 0, 0\n  index: -1\nLip copy\n  rotate: true\n  xy: 281, 17\n  size: 37, 20\n  orig: 37, 20\n  offset: 0, 0\n  index: -1\nMouth\n  rotate: true\n  xy: 749, 596\n  size: 59, 26\n  orig: 60, 28\n  offset: 0, 1\n  index: -1\nMouth1\n  rotate: true\n  xy: 779, 776\n  size: 30, 26\n  orig: 30, 26\n  offset: 0, 0\n  index: -1\nMouth3\n  rotate: false\n  xy: 358, 2\n  size: 45, 17\n  orig: 46, 17\n  offset: 0, 0\n  index: -1\nR_Eye\n  rotate: false\n  xy: 494, 15\n  size: 46, 28\n  orig: 46, 29\n  offset: 0, 0\n  index: -1\nR_Eye1\n  rotate: false\n  xy: 2, 2\n  size: 31, 13\n  orig: 31, 13\n  offset: 0, 0\n  index: -1\nR_Eye1_1\n  rotate: true\n  xy: 254, 6\n  size: 48, 25\n  orig: 50, 29\n  offset: 0, 3\n  index: -1\nR_Eye1_2\n  rotate: false\n  xy: 542, 4\n  size: 34, 18\n  orig: 34, 18\n  offset: 0, 0\n  index: -1\nR_Eye2_1\n  rotate: true\n  xy: 749, 760\n  size: 46, 28\n  orig: 46, 29\n  offset: 0, 0\n  index: -1\nR_Eye2_2\n  rotate: true\n  xy: 748, 403\n  size: 36, 14\n  orig: 36, 14\n  offset: 0, 0\n  index: -1\nR_EyeClose\n  rotate: false\n  xy: 447, 14\n  size: 45, 29\n  orig: 45, 29\n  offset: 0, 0\n  index: -1\nR_EyeClose1\n  rotate: true\n  xy: 748, 526\n  size: 45, 29\n  orig: 45, 29\n  offset: 0, 0\n  index: -1\nR_EyeClose2\n  rotate: true\n  xy: 749, 713\n  size: 45, 28\n  orig: 46, 29\n  offset: 1, 0\n  index: -1\nR_Eyebrow\n  rotate: false\n  xy: 637, 5\n  size: 33, 20\n  orig: 33, 20\n  offset: 0, 0\n  index: -1\nR_Eyebrow1\n  rotate: false\n  xy: 303, 2\n  size: 53, 17\n  orig: 53, 17\n  offset: 0, 0\n  index: -1\nR_Eyebrow2\n  rotate: true\n  xy: 748, 441\n  size: 47, 15\n  orig: 48, 15\n  offset: 0, 0\n  index: -1\nR_Hair\n  rotate: false\n  xy: 303, 21\n  size: 96, 42\n  orig: 96, 42\n  offset: 0, 0\n  index: -1\nR_Hair1\n  rotate: true\n  xy: 401, 32\n  size: 117, 44\n  orig: 117, 44\n  offset: 0, 0\n  index: -1\nR_Pupil\n  rotate: false\n  xy: 614, 5\n  size: 17, 17\n  orig: 17, 17\n  offset: 0, 0\n  index: -1\nR_Pupil1\n  rotate: false\n  xy: 779, 718\n  size: 17, 16\n  orig: 17, 17\n  offset: 0, 1\n  index: -1\nR_Pupil2\n  rotate: false\n  xy: 777, 10\n  size: 17, 17\n  orig: 17, 17\n  offset: 0, 0\n  index: -1\narm_1\n  rotate: true\n  xy: 542, 24\n  size: 81, 93\n  orig: 81, 93\n  offset: 0, 0\n  index: -1\narm_2\n  rotate: true\n  xy: 447, 45\n  size: 104, 93\n  orig: 104, 93\n  offset: 0, 0\n  index: -1\nbg\n  rotate: false\n  xy: 2, 326\n  size: 540, 480\n  orig: 540, 480\n  offset: 0, 0\n  index: -1\nblanket\n  rotate: false\n  xy: 2, 175\n  size: 409, 149\n  orig: 409, 149\n  offset: 0, 0\n  index: -1\nbody\n  rotate: false\n  xy: 2, 17\n  size: 250, 156\n  orig: 250, 156\n  offset: 0, 0\n  index: -1\ncollar\n  rotate: true\n  xy: 254, 56\n  size: 117, 47\n  orig: 117, 47\n  offset: 0, 0\n  index: -1\nhair_back\n  rotate: false\n  xy: 736, 29\n  size: 52, 76\n  orig: 52, 76\n  offset: 0, 0\n  index: -1\nhead\n  rotate: true\n  xy: 544, 573\n  size: 233, 203\n  orig: 233, 203\n  offset: 0, 0\n  index: -1\nneck\n  rotate: true\n  xy: 637, 27\n  size: 78, 97\n  orig: 78, 97\n  offset: 0, 0\n  index: -1\n",["Art_Grandma.png"],{"skeleton":{"hash":"VenDdNm1bh/MICyguD7p4ux4xO0","spine":"3.8.99","x":-568.69,"y":-31.96,"width":1244,"height":1479,"images":"./images/","audio":"F:/GAMEE/Mystery Manor/Characters/Grandma1"},"bones":[{"name":"root"},{"name":"All","parent":"root"},{"name":"Body","parent":"All","length":445.54,"rotation":86.05,"x":-3.07,"y":5.81},{"name":"Neck","parent":"Body","length":176.42,"rotation":4.44,"x":441.09,"y":0.6},{"name":"Head","parent":"Neck","length":496.25,"rotation":2.69,"x":176.42},{"name":"R_Eye","parent":"Head","x":249.07,"y":-68.86},{"name":"L_Eye","parent":"Head","x":244.33,"y":206.93},{"name":"Mouth","parent":"Head","x":92.15,"y":116.84},{"name":"R_Eyebrow","parent":"Head","length":161.11,"rotation":114.6,"x":392.68,"y":-93.37},{"name":"L_Eyebrow","parent":"Head","length":115.98,"rotation":-122.52,"x":386.54,"y":246.47},{"name":"L_Hair","parent":"Head","length":227.78,"rotation":19.82,"x":562.21,"y":-27.64},{"name":"bone11","parent":"L_Hair","length":159.11,"rotation":103.55,"x":227.78},{"name":"bone12","parent":"bone11","length":124.68,"rotation":20.67,"x":159.11},{"name":"bone13","parent":"bone12","length":109.6,"rotation":1.17,"x":124.68},{"name":"bone14","parent":"bone13","length":82.84,"rotation":-24.7,"x":109.6},{"name":"bone15","parent":"bone14","length":62.41,"rotation":-56.72,"x":82.84},{"name":"L_Hair1","parent":"Head","length":153.42,"rotation":119.5,"x":538.18,"y":136.62},{"name":"bone17","parent":"L_Hair1","length":78.33,"rotation":4.5,"x":153.42},{"name":"bone18","parent":"bone17","length":67.82,"rotation":4.6,"x":78.33},{"name":"bone19","parent":"bone18","length":69.31,"rotation":20.46,"x":67.82},{"name":"bone20","parent":"bone19","length":66.85,"rotation":31.45,"x":69.31},{"name":"bone21","parent":"bone20","length":80.88,"rotation":29.36,"x":66.85},{"name":"R_Hair","parent":"Head","length":101.03,"rotation":-110.78,"x":512.18,"y":-71.4},{"name":"bone23","parent":"R_Hair","length":66.5,"rotation":5.36,"x":101.03},{"name":"bone24","parent":"bone23","length":61.57,"rotation":4.93,"x":66.5},{"name":"bone25","parent":"bone24","length":48.6,"rotation":10.08,"x":61.57},{"name":"bone26","parent":"bone25","length":53.07,"rotation":18.87,"x":48.6},{"name":"R_Hair2","parent":"Head","length":141.24,"rotation":-123.33,"x":561.99,"y":-199.12},{"name":"bone28","parent":"R_Hair2","length":96.15,"rotation":-7.78,"x":141.24},{"name":"bone29","parent":"bone28","length":87.71,"rotation":-19.45,"x":96.93,"y":0.61},{"name":"bone30","parent":"bone29","length":73.83,"rotation":-19.51,"x":89.07,"y":0.3},{"name":"bone31","parent":"bone30","length":84.05,"rotation":-23.23,"x":74.05,"y":0.96},{"name":"R_Hair1","parent":"Head","length":114.31,"rotation":-120.39,"x":540.95,"y":-139.66},{"name":"bone33","parent":"R_Hair1","length":74.9,"rotation":8.63,"x":114.31},{"name":"bone34","parent":"bone33","length":68.25,"rotation":2.63,"x":72.39,"y":-0.37},{"name":"bone35","parent":"bone34","length":73.03,"rotation":9.06,"x":68.25},{"name":"bone36","parent":"bone35","length":64.88,"rotation":20.25,"x":73.03},{"name":"R_Arm","parent":"Body","length":314.49,"rotation":-167.58,"x":306.54,"y":-460.83},{"name":"L_Arm","parent":"Body","length":346.51,"rotation":176.9,"x":280.09,"y":372.01},{"name":"L_Pupil","parent":"L_Eye","x":34.09,"y":-16.17},{"name":"R_Pupil","parent":"R_Eye","x":34.61,"y":-0.32},{"name":"Ear","parent":"Head","x":197.2,"y":-216.57},{"name":"Face","parent":"Head","x":210.47,"y":115.91,"color":"abe323ff"},{"name":"All2","parent":"All","x":-397.3,"y":760.81},{"name":"All3","parent":"All","x":-579.75,"y":441.01},{"name":"All4","parent":"All","x":100.85,"y":596.81},{"name":"All5","parent":"All","x":857.3,"y":662.41}],"slots":[{"name":"bg","bone":"All"},{"name":"collar","bone":"Body","attachment":"collar"},{"name":"arm_2","bone":"L_Arm","attachment":"arm_2"},{"name":"neck","bone":"Neck","attachment":"neck"},{"name":"body","bone":"Body","attachment":"body"},{"name":"arm_1","bone":"R_Arm","attachment":"arm_1"},{"name":"L_Eye2_2","bone":"L_Eye"},{"name":"R_Eye2_2","bone":"R_Eye"},{"name":"Head2","bone":"Head"},{"name":"R_Eye1_2","bone":"R_Eye","attachment":"R_Eye1_2"},{"name":"L_Eye1_2","bone":"L_Eye","attachment":"L_Eye1_2"},{"name":"Head1","bone":"Head"},{"name":"hair_back","bone":"Head","attachment":"hair_back"},{"name":"L_Eye1","bone":"L_Eye"},{"name":"R_Eye1","bone":"R_Eye"},{"name":"L_Pupil2","bone":"L_Pupil"},{"name":"R_Pupil2","bone":"R_Pupil"},{"name":"L_Pupil1","bone":"L_Pupil","attachment":"L_Pupil1"},{"name":"R_Pupil1","bone":"R_Pupil","attachment":"R_Pupil1"},{"name":"L_Pupil","bone":"L_Pupil"},{"name":"R_Pupil","bone":"R_Pupil"},{"name":"head","bone":"Head","attachment":"Head1"},{"name":"L_Eyebrow1","bone":"L_Eyebrow","attachment":"R_Eyebrow"},{"name":"R_Eyebrow1","bone":"R_Eyebrow","attachment":"L_Eyebrow"},{"name":"L_Eye2_1","bone":"L_Eye"},{"name":"R_Eye2_1","bone":"R_Eye"},{"name":"L_Eye1_1","bone":"L_Eye","attachment":"L_Eye1_1"},{"name":"R_Eye1_1","bone":"R_Eye","attachment":"R_Eye1_1"},{"name":"R_Hair1","bone":"bone36","attachment":"R_Hair1"},{"name":"R_Hair","bone":"bone26","attachment":"R_Hair"},{"name":"L_Hair1","bone":"bone21","attachment":"L_Hair1"},{"name":"L_Hair","bone":"bone15","attachment":"L_Hair"},{"name":"Mouth","bone":"Mouth","attachment":"Lip copy"},{"name":"L_Eye","bone":"L_Eye"},{"name":"R_Eye","bone":"R_Eye"},{"name":"L_EyeClose","bone":"L_Eye"},{"name":"R_EyeClose","bone":"R_Eye"},{"name":"blanket","bone":"All"}],"transform":[{"name":"Ear","order":5,"target":"Face","x":-13.27,"y":-332.48,"rotateMix":0,"translateMix":-0.15,"scaleMix":0,"shearMix":0,"bones":["Ear"]},{"name":"L_Eye","order":3,"target":"Face","x":33.86,"y":91.01,"rotateMix":0,"translateMix":0.3,"scaleMix":0,"shearMix":0,"bones":["L_Eye"]},{"name":"L_Eyebrow","order":1,"target":"Face","rotation":-122.52,"x":176.08,"y":130.56,"shearY":360,"rotateMix":0,"translateMix":0.35,"scaleMix":0,"shearMix":0,"bones":["L_Eyebrow"]},{"name":"L_Hair","order":6,"target":"Face","rotation":19.82,"x":351.74,"y":-143.55,"rotateMix":0,"translateMix":0.1,"scaleMix":0,"shearMix":0,"bones":["L_Hair"]},{"name":"L_Hair1","order":7,"target":"Face","rotation":119.5,"x":327.71,"y":20.7,"shearY":360,"rotateMix":0,"translateMix":0.1,"scaleMix":0,"shearMix":0,"bones":["L_Hair1"]},{"name":"L_Hair3","order":8,"target":"Face","rotation":124,"x":252.17,"y":154.23,"shearY":360,"rotateMix":0,"translateMix":-0.05,"scaleMix":0,"shearMix":0,"bones":["bone17"]},{"name":"Mouth","order":4,"target":"Face","x":-118.32,"y":0.92,"rotateMix":0,"translateMix":0.35,"scaleMix":0,"shearMix":0,"bones":["Mouth"]},{"name":"R_Eye","order":2,"target":"Face","x":38.6,"y":-184.78,"rotateMix":0,"translateMix":0.3,"scaleMix":0,"shearMix":0,"bones":["R_Eye"]},{"name":"R_Eyebrow","target":"Face","rotation":114.6,"x":182.22,"y":-209.28,"shearY":360,"rotateMix":0,"translateMix":0.35,"scaleMix":0,"shearMix":0,"bones":["R_Eyebrow"]},{"name":"R_Hair","order":9,"target":"Face","rotation":-110.78,"x":301.71,"y":-187.31,"shearY":360,"rotateMix":0,"translateMix":0.1,"scaleMix":0,"shearMix":0,"bones":["R_Hair"]},{"name":"R_Hair1","order":10,"target":"Face","rotation":-120.39,"x":330.48,"y":-255.58,"shearY":360,"rotateMix":0,"translateMix":0.1,"scaleMix":0,"shearMix":0,"bones":["R_Hair1"]},{"name":"R_Hair3","order":11,"target":"Face","rotation":-123.33,"x":351.52,"y":-315.03,"shearY":360,"rotateMix":0,"translateMix":0.1,"scaleMix":0,"shearMix":0,"bones":["R_Hair2"]}],"skins":[{"name":"default","attachments":{"Head1":{"Head1":{"x":326.04,"y":-89.53,"rotation":-93.19,"width":920,"height":809}},"Head2":{"Head2":{"x":328.61,"y":-86.62,"rotation":-93.19,"width":929,"height":809}},"L_Eye":{"L_Eye":{"x":33.79,"y":-1.24,"rotation":-93.19,"width":156,"height":107}},"L_Eye1":{"L_Eye1":{"x":19.83,"y":-17.99,"rotation":-93.19,"width":99,"height":49}},"L_Eye1_1":{"L_Eye1_1":{"x":35.17,"y":-3.32,"rotation":-93.19,"width":156,"height":108}},"L_Eye1_2":{"L_Eye1_2":{"x":32.53,"y":-14.69,"scaleX":1.0814,"scaleY":1.0814,"rotation":-93.19,"width":93,"height":76}},"L_Eye2_1":{"L_Eye2_1":{"x":33.73,"y":-2.24,"rotation":-93.19,"width":156,"height":107}},"L_Eye2_2":{"L_Eye2_2":{"x":19.78,"y":-18.99,"rotation":-93.19,"width":109,"height":53}},"L_EyeClose":{"L_EyeClose":{"x":33.76,"y":-1.74,"rotation":-93.19,"width":155,"height":107},"L_EyeClose1":{"x":34.17,"y":-3.26,"rotation":-93.19,"width":154,"height":108},"L_EyeClose2":{"x":33.7,"y":-2.74,"rotation":-93.19,"width":155,"height":109}},"L_Eyebrow1":{"L_Eyebrow1":{"x":38.9,"y":5.81,"rotation":29.33,"width":138,"height":75},"L_Eyebrow2":{"x":45.33,"y":2.53,"rotation":29.33,"width":136,"height":69},"R_Eyebrow":{"x":49.09,"y":-1.09,"rotation":29.33,"width":133,"height":81}},"L_Hair":{"L_Hair":{"type":"mesh","hull":32,"width":692,"height":475,"uvs":[0.82054,0.04332,0.92798,0.13964,1,0.20328,1,0.28584,0.93034,0.52664,0.74853,0.66424,0.57851,0.74164,0.52657,0.67284,0.46753,0.65048,0.40614,0.66768,0.35773,0.70896,0.31995,0.76228,0.29044,0.82248,0.26328,0.87924,0.22669,0.93256,0.18772,0.97212,0.13459,1,0.07202,1,0.02361,0.9532,0,0.86204,0,0.75368,0,0.67628,0.05431,0.55588,0.10272,0.4974,0.1405,0.43032,0.183,0.35636,0.22668,0.27896,0.27391,0.20328,0.3353,0.11728,0.41913,0.04676,0.53483,0,0.68595,0,0.74381,0.36663,0.66583,0.24563,0.55565,0.24563,0.44547,0.32218,0.39462,0.3938,0.35563,0.46541,0.31495,0.53703,0.25393,0.61605,0.19968,0.69013,0.14883,0.77657,0.07594,0.82349,0.05899,0.74693],"triangles":[42,16,17,17,18,42,18,19,42,42,20,43,42,19,20,42,43,41,20,21,43,21,22,43,43,22,40,15,16,42,42,41,15,15,41,14,14,41,13,13,41,12,41,40,12,41,43,40,12,40,11,40,39,11,11,39,10,39,38,10,22,23,40,40,23,39,23,24,39,39,24,38,9,38,37,37,36,8,24,25,38,38,25,37,25,26,37,37,26,36,26,27,36,36,27,35,27,28,35,28,29,35,35,29,34,29,30,34,8,9,37,36,35,8,6,7,5,7,8,35,7,32,5,32,7,34,34,33,32,5,32,4,4,32,3,32,1,3,32,0,1,32,33,0,1,2,3,33,34,31,33,31,0,31,34,30,34,7,35,10,38,9],"vertices":[1,10,188.99,-172.24,1,1,10,117.82,-222.79,1,1,10,70.52,-256.84,1,1,10,34.42,-241.52,1,1,10,-52.02,-152.44,1,1,10,-63,-11.08,1,1,10,-50.86,111.58,1,1,10,-6.72,131.89,1,1,10,19.02,165.34,1,1,10,28.1,207.64,1,4,10,23.15,246.13,0.04388,12,169.72,86.96,0.1793,13,46.81,86.02,0.77163,14,-92.99,51.91,0.00519,4,10,10.06,280.1,0.00887,12,205.17,78.69,0.02852,13,82.08,77.03,0.85985,14,-57.19,58.48,0.10275,4,10,-8.28,310.07,0.00074,12,240.27,76.99,0.00057,13,117.14,74.62,0.58179,14,-24.33,70.95,0.4169,2,13,149.95,72.75,0.25333,14,6.26,82.95,0.74667,3,13,184.79,64.46,0.05933,14,41.38,89.98,0.92506,15,-97.98,14.72,0.0156,3,13,214.93,51.34,0.00541,14,74.24,90.66,0.88756,15,-80.51,42.56,0.10704,2,14,112.17,81.28,0.64773,15,-51.85,69.13,0.35227,2,14,148.2,57.27,0.31763,15,-12,86.07,0.68237,2,14,163.74,20.19,0.09239,15,27.52,78.71,0.90761,1,15,59.5,45.25,1,3,13,194.64,-113.68,0.00675,14,124.77,-67.73,0.00691,15,79.63,-2.12,0.98634,3,13,163.33,-132.94,0.06605,14,104.38,-98.32,0.07624,15,94.01,-35.96,0.85771,4,12,222.25,-128.95,0.02094,13,94.93,-130.91,0.33723,14,41.38,-125.06,0.19936,15,81.79,-103.29,0.44246,4,12,180.76,-115.82,0.11894,13,53.72,-116.94,0.52211,14,-1.9,-129.59,0.14505,15,61.83,-141.96,0.2139,4,12,139.82,-111.09,0.36199,13,12.88,-111.37,0.49877,14,-41.33,-141.6,0.05831,15,50.23,-181.51,0.08093,5,11,284.59,-65.29,0.00083,12,94.36,-105.38,0.72125,13,-32.46,-104.74,0.24429,14,-85.29,-154.52,0.01186,15,36.9,-225.35,0.02177,5,11,238.41,-76.82,0.05649,12,47.08,-99.86,0.88962,13,-79.61,-98.26,0.05062,14,-130.83,-168.34,0.00041,15,23.46,-271.01,0.00286,4,11,190.74,-86.23,0.33183,12,-0.83,-91.84,0.66669,13,-127.35,-89.27,0.00147,15,7.45,-316.87,0,2,11,132.29,-93.73,0.82474,12,-58.18,-78.24,0.17526,2,11,65.74,-86.09,0.99858,12,-117.74,-47.6,0.00142,2,10,285.21,1.7,0.11237,11,-11.8,-56.24,0.88763,2,10,244.34,-94.55,0.99255,11,-95.8,6.06,0.00745,1,10,68.39,-63.33,1,1,10,142.39,-36.13,1,3,10,172.19,34.05,0.62724,11,46.12,46.06,0.36559,12,-89.46,82.97,0.00717,3,10,168.52,118.44,0.08446,11,129.03,29.86,0.73598,12,-17.61,38.55,0.17956,3,10,150.97,164.13,0.04509,11,177.55,36.22,0.1017,12,30.04,27.38,0.85321,4,10,130.2,202.26,0.02699,11,219.49,47.47,0.00746,12,73.24,23.11,0.95174,13,-50.95,24.15,0.01382,3,10,109.89,241.46,0.01127,12,117.09,17.85,0.76488,13,-7.22,18,0.22385,2,10,91.85,295,0.00015,13,46.88,1.71,0.99985,3,13,96.52,-11.81,0.76544,14,-6.95,-16.2,0.22,15,-35.74,-83.95,0.01456,3,13,149.93,-20.26,0.00119,14,45.11,-1.56,0.99604,15,-19.41,-32.4,0.00277,1,15,18.3,7.84,1,3,13,170.52,-80.59,0.023,14,89.03,-47.75,0.10514,15,43.31,-21.04,0.87186],"edges":[12,14,14,16,16,18,18,20,20,22,22,24,24,26,26,28,28,30,30,32,32,34,34,36,36,38,38,40,40,42,42,44,44,46,46,48,48,50,50,52,52,54,54,56,56,58,58,60,60,62,62,0,0,2,2,4,4,6,6,8,8,10,10,12]}},"L_Hair1":{"L_Hair1":{"type":"mesh","hull":24,"width":384,"height":431,"uvs":[1,0.14108,0.78885,0.1939,0.69569,0.29576,0.63429,0.40139,0.55384,0.50703,0.45433,0.58814,0.33577,0.65793,0.27014,0.74847,0.28967,0.86158,0.39553,1,0.29602,1,0.16899,0.9559,0.08218,0.86347,0.03349,0.77104,0,0.65409,0,0.556,0,0.4598,0.06313,0.35605,0.15628,0.26173,0.24732,0.19005,0.35953,0.09951,0.55431,0,0.75545,0,1,0],"triangles":[22,23,0,1,22,0,1,2,21,1,21,22,20,21,2,3,20,2,19,20,3,4,19,3,18,19,4,5,18,4,17,18,5,16,6,15,17,6,16,6,14,15,6,17,5,7,14,6,13,14,7,12,13,7,12,7,8,11,12,8,9,10,8,11,8,10],"vertices":[1,16,-25.86,36.57,1,1,16,54.68,11.94,1,2,17,-42.46,33,0.01569,16,108.5,29.57,0.98431,3,18,-69.84,60.82,0.03089,17,3.84,55.02,0.60679,16,152.93,55.15,0.36232,4,19,-53.05,98.96,0.02528,18,-16.47,74.18,0.33361,17,55.97,72.62,0.62994,16,203.52,76.79,0.01117,4,20,-20.32,107.88,0.00793,19,-4.32,81.43,0.22895,18,35.32,74.79,0.58886,17,107.54,77.38,0.17427,4,20,6.77,60.51,0.22325,19,43.51,55.15,0.6046,18,89.31,66.88,0.16756,17,161.99,73.83,0.00459,4,21,-3.73,39.79,0.14693,20,44.09,32.85,0.73919,19,89.78,51.03,0.11091,18,134.1,79.19,0.00297,2,21,41.22,19.49,0.97484,20,93.22,37.2,0.02516,1,21,113.39,21.02,1,1,21,92.55,-11.01,1,1,21,50.01,-41.52,1,2,21,-1.56,-47.73,0.62119,20,88.9,-42.36,0.37881,3,21,-45.15,-41.68,0.05031,20,47.94,-58.46,0.91722,19,140.71,-24.86,0.03248,3,20,-3.19,-68.05,0.57998,19,102.09,-59.71,0.4197,18,184.35,-20.27,0.00031,3,20,-45.38,-65.32,0.17293,19,64.68,-79.4,0.78441,18,156.18,-51.79,0.04266,4,20,-86.75,-62.66,0.0217,19,27.99,-98.72,0.78405,18,128.55,-82.71,0.19327,17,213.1,-72.13,0.00099,3,19,-22.87,-98.09,0.48554,18,80.68,-99.9,0.47154,17,166.76,-93.11,0.04292,4,19,-75.5,-85.37,0.14861,18,26.92,-106.37,0.59126,17,113.69,-103.87,0.24792,16,274.91,-94.63,0.01222,4,19,-119.12,-68.82,0.02287,18,-19.74,-106.11,0.35875,17,67.17,-107.36,0.51635,16,228.8,-101.76,0.10203,3,18,-77.87,-106.5,0.0816,17,9.26,-112.4,0.49606,16,171.46,-111.33,0.42234,3,18,-162.22,-88.64,0.00011,17,-76.25,-101.37,0.08777,16,85.35,-107.03,0.91212,2,17,-137.79,-54.69,0.00019,16,20.34,-65.32,0.99981,1,16,-58.69,-14.61,1],"edges":[0,46,0,2,2,4,4,6,6,8,8,10,10,12,12,14,14,16,16,18,18,20,20,22,22,24,24,26,26,28,28,30,30,32,32,34,34,36,36,38,38,40,40,42,42,44,44,46]}},"L_Pupil":{"L_Pupil":{"x":-0.22,"y":-1.6,"rotation":-93.19,"width":65,"height":65}},"L_Pupil1":{"L_Pupil1":{"x":-4.08,"y":-7.9,"rotation":-93.19,"width":66,"height":64}},"L_Pupil2":{"L_Pupil2":{"x":-0.33,"y":-3.6,"rotation":-93.19,"width":65,"height":65}},"Mouth":{"Lip copy":{"x":-31.06,"y":-30.49,"rotation":-93.19,"width":148,"height":79},"Mouth":{"x":-45.45,"y":-37.97,"rotation":-93.19,"width":241,"height":113},"Mouth1":{"x":-45.92,"y":-20.04,"rotation":-93.19,"width":120,"height":105},"Mouth3":{"x":-27.12,"y":-32.48,"rotation":-93.19,"width":184,"height":69}},"R_Eye":{"R_Eye":{"x":36.65,"y":6.71,"rotation":-93.19,"width":182,"height":116}},"R_Eye1":{"R_Eye1":{"x":29.41,"y":11.62,"rotation":-93.19,"width":123,"height":51}},"R_Eye1_1":{"R_Eye1_1":{"x":26.06,"y":-3.72,"rotation":-93.19,"width":198,"height":116}},"R_Eye1_2":{"R_Eye1_2":{"x":31.19,"y":7.51,"rotation":-93.19,"width":137,"height":73}},"R_Eye2_1":{"R_Eye2_1":{"x":25.53,"y":4.83,"rotation":-93.19,"width":183,"height":116}},"R_Eye2_2":{"R_Eye2_2":{"x":17.85,"y":10.76,"rotation":-93.19,"width":144,"height":56}},"R_EyeClose":{"R_EyeClose":{"x":32.82,"y":9.93,"rotation":-93.19,"width":180,"height":114},"R_EyeClose1":{"x":29.72,"y":8.1,"rotation":-93.19,"width":180,"height":114},"R_EyeClose2":{"x":22.23,"y":8.51,"rotation":-93.19,"width":182,"height":115}},"R_Eyebrow1":{"L_Eyebrow":{"x":63.9,"y":8.18,"rotation":152.21,"width":215,"height":107},"R_Eyebrow1":{"x":45.88,"y":1.86,"rotation":152.21,"width":213,"height":69},"R_Eyebrow2":{"x":51.21,"y":0.18,"rotation":152.21,"width":192,"height":59}},"R_Hair":{"R_Hair":{"type":"mesh","hull":26,"width":383,"height":166,"uvs":[0.33252,0.12891,0.44247,0.22007,0.55071,0.29142,0.66238,0.33503,0.78436,0.33106,0.89431,0.27953,1,0.12494,1,0.38259,0.92695,0.50547,0.81528,0.59268,0.67269,0.62042,0.54899,0.56889,0.65551,0.72348,0.74484,0.83051,0.82558,0.91771,0.90977,1,0.74141,1,0.64348,0.92564,0.54899,0.81862,0.46309,0.71556,0.39265,0.59268,0.31706,0.50944,0.22428,0.44601,0,0.39845,0,0,0.21913,0],"triangles":[9,5,8,8,5,7,5,6,7,10,4,9,9,4,5,16,14,15,16,13,14,16,17,13,17,12,13,17,18,12,18,11,12,11,3,10,10,3,4,11,2,3,19,11,18,19,20,11,11,20,1,20,21,1,11,1,2,21,0,1,21,22,0,23,25,22,22,25,0,23,24,25],"vertices":[2,22,76.4,29.44,0.96439,23,-21.78,31.62,0.03561,2,22,121.11,27.75,0.04053,23,22.58,25.75,0.95947,2,23,65.6,22.96,0.48056,24,1.08,22.95,0.51944,2,24,44.42,21.21,0.91192,25,-13.17,23.89,0.08808,2,25,33.52,22.29,0.83736,26,-7.06,25.97,0.16264,2,25,76,28.8,0.00104,26,35.24,18.39,0.99896,1,26,82.33,27.31,1,1,26,66.55,-12.45,1,1,26,33.02,-21.09,1,2,25,43.25,-21.66,0.83948,26,-12.07,-18.77,0.16052,2,24,54.36,-25.28,0.79744,25,-11.52,-23.62,0.20256,2,23,74.72,-22.19,0.39752,24,6.29,-22.82,0.60248,2,23,120.03,-38.62,0.38033,24,50.01,-43.08,0.61967,2,23,157.24,-48.73,0.29744,24,86.21,-56.35,0.70256,2,23,190.52,-56.33,0.26234,24,118.72,-66.78,0.73766,2,23,224.93,-62.84,0.25093,24,152.44,-76.23,0.74907,2,23,161.91,-76.51,0.2871,24,88.48,-84.43,0.7129,2,23,122.64,-72.4,0.35392,24,49.71,-76.95,0.64608,2,23,83.51,-62.7,0.50103,24,11.56,-63.93,0.49897,2,23,47.73,-52.96,0.79398,24,-23.25,-51.15,0.20602,3,22,121.62,-36.98,0.08259,23,17.04,-38.74,0.9052,24,-52.6,-34.35,0.01221,2,22,89.84,-32.56,0.72866,23,-14.18,-31.37,0.27134,1,22,52.79,-33.26,1,1,22,-31.48,-51.7,1,1,22,-51.47,11.35,1,1,22,28.53,36.72,1],"edges":[48,50,50,0,0,2,2,4,4,6,6,8,8,10,10,12,12,14,14,16,16,18,18,20,20,22,22,24,24,26,26,28,28,30,30,32,32,34,34,36,36,38,38,40,40,42,42,44,46,48,44,46]}},"R_Hair1":{"R_Hair1":{"type":"mesh","hull":18,"width":468,"height":176,"uvs":[0.40609,0.15602,0.52351,0.32314,0.63597,0.44627,0.75505,0.57381,0.85924,0.64417,0.93863,0.55622,1,0.38471,1,0.79809,0.93532,1,0.8212,1,0.68393,1,0.52186,0.92563,0.40609,0.86846,0.27378,0.7761,0.15966,0.66616,0,0.45507,0,0,0.29693,0],"triangles":[9,4,8,7,4,5,7,8,4,5,6,7,10,3,9,9,3,4,10,2,3,11,2,10,11,1,2,11,12,1,12,0,1,13,0,12,13,17,0,13,14,17,17,14,16,14,15,16],"vertices":[2,32,94.69,64.85,0.72986,33,-9.68,67.06,0.27014,3,32,157.01,63.81,0.09698,33,51.78,56.69,0.78709,34,-17.97,57.94,0.11593,3,33,108.58,52.91,0.10037,34,38.59,51.56,0.79024,35,-21.16,55.59,0.10939,3,34,98.35,45.29,0.08252,35,36.85,39.98,0.88008,36,-20.1,50.03,0.0374,2,35,86.75,33.53,0.13394,36,24.48,26.71,0.86606,1,36,64.2,33.18,1,1,36,99.13,55.91,1,1,36,82.31,-14.87,1,1,36,44.64,-42.45,1,2,35,76.58,-30.77,0.53603,36,-7.32,-30.1,0.46397,2,34,86.95,-35.98,0.19418,35,12.8,-38.47,0.80582,2,33,84.82,-44.08,0.05358,34,10.42,-44.23,0.94642,3,32,152,-46.67,0.10807,33,30.26,-51.8,0.65741,34,-44.44,-49.44,0.23452,3,32,89.5,-60.52,0.91288,33,-33.61,-56.11,0.08307,34,-108.44,-50.82,0.00406,1,32,33.16,-67.72,1,1,32,-50.28,-68.84,1,1,32,-86.9,2.4,1,2,32,36.7,65.92,0.99278,33,-66.85,76.82,0.00722],"edges":[30,32,30,28,28,26,26,24,24,22,22,20,18,20,16,18,16,14,14,12,12,10,10,8,8,6,6,4,4,2,2,0,32,34,0,34]}},"R_Pupil":{"R_Pupil":{"x":-0.37,"y":-0.35,"rotation":-93.19,"width":69,"height":68}},"R_Pupil1":{"R_Pupil1":{"x":-3.81,"y":0.84,"rotation":-93.19,"width":69,"height":69}},"R_Pupil2":{"R_Pupil2":{"x":-10.99,"y":-2.26,"rotation":-93.19,"width":68,"height":69}},"arm_1":{"arm_1":{"type":"mesh","hull":7,"width":324,"height":372,"uvs":[0.85366,0.39231,1,0.85457,1,1,0,1,0,0.44367,0.20496,0,0.53735,0],"triangles":[0,3,4,4,5,6,6,0,4,3,0,1,2,3,1],"vertices":[107.01,135.83,284.09,157.38,337.6,149.4,289.83,-171.06,85.13,-140.55,-68.32,-50.53,-52.44,55.99],"edges":[4,6,6,8,10,8,10,12,12,0,4,2,0,2]}},"arm_2":{"arm_2":{"x":156.31,"y":13.51,"rotation":97.05,"width":416,"height":372}},"bg":{"bg":{"x":79.19,"y":954.31,"width":2160,"height":1920}},"blanket":{"blanket":{"type":"mesh","hull":13,"width":1635,"height":597,"uvs":[0.79682,0.08866,1,0.21914,1,0.41831,0.79181,0.46981,0.51346,0.56596,0.49214,1,0.22884,1,0,1,0,0.54192,0.03667,0.1382,0.16016,0,0.30724,0,0.54982,0,0.50343,0.37367,0.35297,0.30499,0.15361,0.23288,0.44454,0.15081,0.67399,0.25039],"triangles":[8,9,15,6,7,8,6,8,15,15,9,10,15,10,11,14,15,11,6,15,14,16,11,12,17,12,0,14,11,16,13,16,12,13,12,17,14,16,13,3,17,0,4,13,17,4,17,3,4,5,14,4,14,13,6,14,5,3,0,1,2,3,1],"vertices":[2,46,-280.85,112.75,0.57636,45,475.6,178.35,0.42364,1,46,51.35,34.85,1,1,46,51.35,-84.05,1,2,46,-289.05,-114.8,0.57526,45,467.4,-49.2,0.42474,4,46,-744.15,-172.2,0.00425,45,12.3,-106.6,0.94798,43,510.45,-270.6,0.00527,44,692.9,49.2,0.0425,3,45,-22.55,-365.72,0.79362,43,475.6,-529.72,0.00018,44,658.05,-209.92,0.2062,3,45,-453.05,-365.72,0.24,43,45.1,-529.72,0.04939,44,227.55,-209.92,0.71062,1,44,-146.6,-209.92,1,2,43,-329.05,-256.25,0.08904,44,-146.6,63.55,0.91096,2,43,-269.1,-15.23,0.57717,44,-86.64,304.57,0.42283,2,43,-67.19,67.28,0.955,44,115.26,387.08,0.045,3,45,-324.86,231.28,0.29431,43,173.29,67.28,0.70563,44,355.74,387.08,0.00007,3,46,-684.7,165.68,0.05426,45,71.75,231.28,0.91398,43,569.9,67.28,0.03175,3,46,-760.55,-57.4,0.00017,45,-4.1,8.2,0.99515,43,494.05,-155.8,0.00469,3,45,-250.1,49.2,0.52084,43,248.05,-114.8,0.40909,44,430.5,205,0.07007,3,45,-576.05,92.25,0.00535,43,-77.9,-71.75,0.76519,44,104.55,248.05,0.22946,4,46,-856.82,75.64,0.00132,45,-100.37,141.24,0.8015,43,397.78,-22.76,0.19432,44,580.23,297.04,0.00287,2,46,-481.67,16.19,0.26692,45,274.78,81.79,0.73308],"edges":[18,20,20,22,22,24,24,0,0,2,2,4,4,6,6,8,8,10,10,12,12,14,26,28,28,30,30,18,14,16,18,16]}},"body":{"body":{"type":"mesh","hull":8,"width":1000,"height":625,"uvs":[1,0.47291,1,1,0,1,0,0.47603,0,0,0.12601,0,0.82002,0,1,0,0.20572,0.20342,0.3068,0.48024,0.6159,0.47402,0.7617,0.19719,0.19971,0.68216,0.69943,0.68841],"triangles":[6,8,5,11,8,6,11,6,7,0,11,7,10,8,11,8,3,4,8,4,5,9,8,10,3,8,9,12,3,9,13,10,11,13,11,0,2,3,12,13,0,1,9,10,13,12,9,13,2,12,13,2,13,1],"vertices":[328.22,-520.03,-0.43,-542.69,-69.24,454.94,257.47,477.47,554.28,497.94,562.95,372.23,610.7,-320.14,623.08,-499.69,441.6,283.97,275.95,171.21,301.1,-136.88,483.73,-270.43,142.68,269.37,173.17,-229.43],"edges":[2,4,8,10,10,16,16,18,18,20,20,22,10,12,12,14,22,12,4,6,6,8,2,0,0,14]}},"collar":{"collar":{"x":510.76,"y":29.27,"rotation":-86.05,"width":468,"height":187}},"hair_back":{"hair_back":{"x":153.67,"y":-248.09,"rotation":-93.19,"width":206,"height":305}},"head":{"Head1":{"type":"mesh","hull":24,"width":920,"height":809,"uvs":[0.81041,0.10238,0.83236,0.23953,0.96083,0.36028,1,0.45569,1,0.56302,0.91757,0.67035,0.85989,0.80004,0.74585,0.84924,0.6318,0.74936,0.61863,0.75743,0.59565,0.84164,0.48246,0.93629,0.37925,1,0.26513,1,0.21413,0.91834,0.15221,0.84792,0.10122,0.71538,0,0.59525,0,0.51681,0.02651,0.3737,0.10123,0.21419,0.21921,0.06959,0.38831,0,0.61771,0,0.67506,0.75681,0.74847,0.6942,0.77862,0.60178,0.77469,0.53619,0.73143,0.50488,0.67768,0.5347,0.62656,0.61072,0.33797,0.31773,0.42661,0.2915,0.53102,0.34949,0.59537,0.41438,0.25784,0.26664,0.18499,0.28597,0.11457,0.42543,0.09393,0.4917,0.3105,0.44076,0.29565,0.55902,0.2845,0.68432,0.29193,0.76035,0.36498,0.71952,0.24279,0.71359,0.36959,0.51115,0.47222,0.47315,0.55816,0.53649,0.50326,0.62697,0.403,0.62154,0.24228,0.52472,0.15874,0.5012,0.13487,0.57539,0.16033,0.6324,0.22557,0.63602,0.46586,0.70207,0.17624,0.70478,0.23072,0.82236,0.29517,0.85403,0.37394,0.83865,0.47101,0.79703,0.77128,0.63944,0.75847,0.74617,0.74437,0.74805],"triangles":[28,34,1,7,8,24,30,8,9,63,24,25,30,25,24,30,24,8,62,25,61,26,61,25,61,26,5,26,25,30,29,26,30,27,29,28,29,27,26,29,30,34,5,26,27,29,34,28,2,27,1,27,28,1,6,62,5,4,5,27,27,3,4,3,27,2,33,0,1,33,23,0,32,22,23,13,58,12,58,59,12,12,59,11,13,14,58,59,60,11,11,60,10,14,57,58,14,15,57,24,63,7,7,62,6,7,63,62,15,56,57,15,16,56,10,60,9,57,56,44,60,55,9,9,55,48,9,48,30,63,25,62,62,61,5,43,49,55,16,53,56,16,52,53,52,16,38,56,54,44,56,53,54,55,49,48,54,50,40,50,54,52,54,53,52,50,52,51,48,47,30,47,48,46,40,45,49,48,49,46,49,45,46,16,17,38,17,18,38,52,38,51,45,40,39,30,47,34,47,46,34,40,50,39,50,51,39,18,19,38,45,39,46,46,31,32,31,46,39,39,37,36,36,35,39,38,37,51,39,51,37,38,19,37,46,33,34,46,32,33,39,35,31,37,19,36,34,33,1,33,32,23,31,35,32,35,22,32,35,36,21,35,21,22,42,43,59,57,44,42,43,41,49,44,54,41,57,42,58,58,42,59,44,41,42,42,41,43,41,40,49,41,54,40,59,43,60,43,55,60,36,20,21,19,20,36],"vertices":[2,27,120.49,157.58,0.74837,28,-41.9,153.31,0.25163,3,27,193.67,71.77,0.20105,28,42.23,78.21,0.7473,29,-77.43,54.95,0.05165,3,28,195.5,73.8,0.01328,29,68.56,101.84,0.68374,30,-53.24,88.86,0.30298,3,29,153,90.59,0.20661,30,30.11,106.45,0.73768,31,-82,79.6,0.05571,3,29,226.13,43.78,0.00475,30,114.68,86.76,0.52504,31,3.48,94.87,0.47021,3,4,163.18,-459.23,0.00009,30,182.04,-6.79,0.00023,31,102.29,35.48,0.99968,3,4,61.37,-400.41,0.05079,28,340.92,-263.91,0.00014,31,214.91,1.68,0.94907,1,4,27.47,-293.44,1,1,41,-83.21,23.39,1,2,4,108.14,-180.71,0.95,42,-101.88,-300.71,0.05,2,4,41.3,-155.81,0.95,42,-168.72,-275.81,0.05,2,4,-29.36,-47.58,0.95,42,-239.38,-167.58,0.05,2,4,-75.54,50.09,0.95,42,-285.56,-69.91,0.05,2,4,-69.7,154.92,0.95,42,-279.72,34.92,0.05,2,4,-1.13,198.09,0.95,42,-211.15,78.09,0.05,2,4,58.92,251.8,0.95,42,-151.1,131.8,0.05,2,4,168.6,292.67,0.95,42,-41.42,172.67,0.05,3,18,137.33,78.87,0.49652,20,45.83,30.12,0.43,4,271.53,393.22,0.07348,3,18,95.04,31.55,0.44944,19,36.53,20.05,0.52,4,334.9,389.69,0.03056,2,17,70.77,-30.57,0.97663,18,-9.99,-29.87,0.02337,2,16,98.82,-96.41,0.99678,17,-61.99,-91.83,0.00322,3,16,-55.7,-136.25,0.85071,4,684.19,155.22,0.08935,27,-363.2,-92.59,0.05995,3,16,-219.2,-102.98,0.32711,4,735.74,-3.47,0.28146,27,-258.94,37.67,0.39143,4,16,-396.83,11,0.02034,4,724,-214.19,0.03185,27,-76.42,143.65,0.94688,28,-235.11,112.84,0.00093,1,41,-91.45,-16.01,1,1,41,-44.63,-86.26,1,1,41,28.48,-118.12,1,1,41,81.66,-117.46,1,1,41,109.16,-79.13,1,1,41,87.83,-28.42,1,1,41,29.04,21.96,1,2,4,477.68,57.29,0.9,42,267.66,-62.71,0.1,2,4,494.33,-25.3,0.9,42,284.31,-145.3,0.1,2,4,442.14,-118.6,0.9,42,232.12,-238.61,0.1,2,4,386.43,-174.79,0.95,42,176.41,-294.79,0.05,2,4,523.04,128.6,0.9,42,313.02,8.6,0.1,2,4,511.16,196.39,0.9,42,301.14,76.39,0.1,2,4,402.12,267.35,0.95,42,192.1,147.35,0.05,2,4,349.65,289.3,0.95,42,139.63,169.29,0.05,2,4,379.71,88.07,0.6,42,169.69,-31.93,0.4,2,4,284.94,107.04,0.55,42,74.92,-12.96,0.45,2,4,184.3,122.91,0.4,42,-25.72,2.91,0.6,2,4,122.51,119.51,0.55,42,-87.51,-0.49,0.45,2,4,151.75,50.58,0.55,42,-58.27,-69.42,0.45,2,4,162.8,162.55,0.55,42,-47.22,42.54,0.45,2,4,319.82,36.96,0.6,42,109.8,-83.04,0.4,2,4,345.27,-59.03,0.65,42,135.25,-179.03,0.35,2,4,289.71,-135.11,0.7,42,79.69,-255.11,0.3,2,4,219.43,-80.61,0.65,42,9.41,-200.61,0.35,2,4,228.95,11.24,0.6,42,18.93,-108.76,0.4,2,4,315.38,154.51,0.6,42,105.36,34.51,0.4,2,4,338.66,230.2,0.65,42,128.64,110.19,0.35,2,4,279.95,255.46,0.7,42,69.93,135.46,0.3,2,4,232.6,234.64,0.65,42,22.58,114.64,0.35,2,4,226.34,174.87,0.6,42,16.32,54.87,0.4,2,4,160.68,-42.88,0.65,42,-49.34,-162.88,0.35,2,4,173.31,223.28,0.7,42,-36.7,103.28,0.3,2,4,75.55,178.53,0.5,42,-134.47,58.53,0.5,2,4,46.67,120.75,0.48,42,-163.35,0.75,0.52,2,4,55.06,47.7,0.5,42,-154.96,-72.3,0.5,2,4,83.71,-43.34,0.7,42,-126.31,-163.34,0.3,1,41,-1.57,-109.69,1,1,4,110.08,-309.68,1,1,4,109.28,-296.64,1],"edges":[36,38,38,40,40,42,42,44,44,46,46,0,0,2,2,4,4,6,6,8,8,10,10,12,12,14,14,16,16,48,48,50,50,52,52,54,54,56,56,58,58,60,60,16,60,18,18,16,18,20,20,22,22,24,24,26,26,28,28,30,30,32,34,36,32,34,62,64,64,66,66,68,68,60,62,70,70,72,72,74,74,76,76,32,50,122,122,124,124,14,50,126,126,14]},"Head2":{"type":"mesh","hull":24,"width":929,"height":809,"uvs":[0.81225,0.10238,0.83399,0.23953,0.96121,0.36028,1,0.45569,1,0.56302,0.91837,0.67035,0.86125,0.80004,0.74831,0.84924,0.63537,0.74936,0.62232,0.75743,0.59956,0.84164,0.48747,0.93629,0.38527,1,0.27225,1,0.22175,0.91834,0.16043,0.84792,0.10993,0.71538,0,0.59525,0,0.51681,0.03594,0.3737,0.10994,0.21419,0.22677,0.06959,0.39424,0,0.62142,0,0.67821,0.75681,0.7509,0.6942,0.78076,0.60178,0.77687,0.53619,0.73403,0.50488,0.6808,0.5347,0.63018,0.61072,0.34439,0.31773,0.43216,0.2915,0.53556,0.34949,0.59929,0.41438,0.26503,0.26664,0.19289,0.28597,0.12315,0.42543,0.10271,0.4917,0.31718,0.44076,0.30247,0.55902,0.29143,0.68432,0.29879,0.76035,0.37113,0.71952,0.25013,0.71359,0.37569,0.51115,0.47734,0.47315,0.56244,0.53649,0.50807,0.62697,0.40879,0.62154,0.24962,0.52472,0.16689,0.5012,0.14325,0.57539,0.16846,0.6324,0.23308,0.63602,0.47103,0.70207,0.18422,0.70478,0.23818,0.82236,0.302,0.85403,0.38001,0.83865,0.47614,0.79703,0.7735,0.63944,0.76081,0.74617,0.74685,0.74805],"triangles":[28,34,1,7,8,24,30,8,9,63,24,25,30,25,24,30,24,8,62,25,61,26,61,25,61,26,5,26,25,30,29,26,30,27,29,28,29,27,26,29,30,34,5,26,27,29,34,28,2,27,1,27,28,1,6,62,5,4,5,27,27,3,4,3,27,2,33,0,1,33,23,0,32,22,23,13,58,12,58,59,12,12,59,11,13,14,58,59,60,11,11,60,10,14,57,58,14,15,57,24,63,7,7,62,6,7,63,62,15,56,57,15,16,56,10,60,9,57,56,44,60,55,9,9,55,48,9,48,30,63,25,62,62,61,5,43,49,55,16,53,56,16,52,53,52,16,38,56,54,44,56,53,54,55,49,48,54,50,40,50,54,52,54,53,52,50,52,51,48,47,30,47,48,46,40,45,49,48,49,46,49,45,46,16,17,38,17,18,38,52,38,51,45,40,39,30,47,34,47,46,34,40,50,39,50,51,39,18,19,38,45,39,46,46,31,32,31,46,39,39,37,36,36,35,39,38,37,51,39,51,37,38,19,37,46,33,34,46,32,33,39,35,31,37,19,36,34,33,1,33,32,23,31,35,32,35,22,32,35,36,21,35,21,22,42,43,59,57,44,42,43,41,49,44,54,41,57,42,58,58,42,59,44,41,42,42,41,43,41,40,49,41,54,40,59,43,60,43,55,60,36,20,21,19,20,36],"vertices":[2,27,122.73,169.09,0.74837,28,-41.24,165.02,0.25163,3,27,195.91,83.28,0.20105,28,42.89,89.91,0.7473,29,-80.7,66.21,0.05165,3,28,196.16,85.5,0.01328,29,65.29,113.1,0.68374,30,-60.09,98.38,0.30298,3,29,149.72,101.85,0.20661,30,23.26,115.97,0.73768,31,-92.05,85.65,0.05571,3,29,222.86,55.04,0.00475,30,107.83,96.28,0.52504,31,-6.57,100.91,0.47021,3,4,171.56,-467.43,0.00009,30,175.2,2.73,0.00023,31,92.24,41.52,0.99968,3,4,69.76,-408.61,0.05079,28,341.58,-252.21,0.00014,31,204.86,7.73,0.94907,1,4,35.86,-301.64,1,1,41,-74.83,15.19,1,2,4,116.53,-188.91,0.95,42,-93.49,-308.91,0.05,2,4,49.69,-164.01,0.95,42,-160.33,-284.01,0.05,2,4,-20.98,-55.78,0.95,42,-230.99,-175.78,0.05,2,4,-67.15,41.89,0.95,42,-277.17,-78.11,0.05,2,4,-61.31,146.72,0.95,42,-271.33,26.72,0.05,2,4,7.26,189.89,0.95,42,-202.76,69.89,0.05,2,4,67.31,243.6,0.95,42,-142.71,123.6,0.05,2,4,176.98,284.47,0.95,42,-33.03,164.47,0.05,3,18,125.69,77.43,0.49652,20,37.51,38.39,0.43,4,279.92,385.02,0.07348,3,18,83.4,30.11,0.44944,19,25.12,22.77,0.52,4,343.28,381.49,0.03056,2,17,59.29,-32.94,0.97663,18,-21.63,-31.3,0.02337,2,16,87.56,-99.67,0.99678,17,-73.47,-94.2,0.00322,3,16,-66.97,-139.51,0.85071,4,692.58,147.02,0.08935,27,-360.96,-81.08,0.05995,3,16,-230.47,-106.24,0.32711,4,744.12,-11.67,0.28146,27,-256.69,49.18,0.39143,4,16,-408.09,7.74,0.02034,4,732.38,-222.39,0.03185,27,-74.18,155.16,0.94688,28,-234.45,124.54,0.00093,1,41,-83.06,-24.21,1,1,41,-36.25,-94.46,1,1,41,36.87,-126.32,1,1,41,90.05,-125.66,1,1,41,117.55,-87.33,1,1,41,96.22,-36.62,1,1,41,37.42,13.77,1,2,4,486.06,49.1,0.9,42,276.04,-70.9,0.1,2,4,502.71,-33.5,0.9,42,292.7,-153.5,0.1,2,4,450.53,-126.8,0.9,42,240.51,-246.8,0.1,2,4,394.82,-182.99,0.95,42,184.8,-302.99,0.05,2,4,531.43,120.41,0.9,42,321.41,0.4,0.1,2,4,519.54,188.19,0.9,42,309.53,68.19,0.1,2,4,410.51,259.15,0.95,42,200.49,139.15,0.05,2,4,358.03,281.1,0.95,42,148.01,161.1,0.05,2,4,388.09,79.87,0.6,42,178.08,-40.13,0.4,2,4,293.33,98.84,0.55,42,83.31,-21.16,0.45,2,4,192.68,114.72,0.4,42,-17.34,-5.29,0.6,2,4,130.89,111.32,0.55,42,-79.13,-8.69,0.45,2,4,160.13,42.38,0.55,42,-49.89,-77.62,0.45,2,4,171.18,154.35,0.55,42,-38.84,34.35,0.45,2,4,328.21,28.77,0.6,42,118.19,-91.24,0.4,2,4,353.65,-67.23,0.65,42,143.63,-187.23,0.35,2,4,298.09,-143.31,0.7,42,88.07,-263.31,0.3,2,4,227.82,-88.81,0.65,42,17.8,-208.81,0.35,2,4,237.33,3.04,0.6,42,27.31,-116.96,0.4,2,4,323.76,146.32,0.6,42,113.74,26.31,0.4,2,4,347.04,222,0.65,42,137.02,102,0.35,2,4,288.33,247.26,0.7,42,78.31,127.26,0.3,2,4,240.98,226.44,0.65,42,30.97,106.44,0.35,2,4,234.72,166.67,0.6,42,24.7,46.67,0.4,2,4,169.07,-51.07,0.65,42,-40.95,-171.08,0.35,2,4,181.7,215.08,0.7,42,-28.32,95.08,0.3,2,4,83.93,170.33,0.5,42,-126.08,50.33,0.5,2,4,55.05,112.55,0.48,42,-154.96,-7.45,0.52,2,4,63.45,39.51,0.5,42,-146.57,-80.49,0.5,2,4,92.1,-51.53,0.7,42,-117.92,-171.53,0.3,1,41,6.82,-117.88,1,1,4,118.47,-317.88,1,1,4,117.67,-304.84,1],"edges":[36,38,38,40,40,42,42,44,44,46,46,0,0,2,2,4,4,6,6,8,8,10,10,12,12,14,14,16,16,48,48,50,50,52,52,54,54,56,56,58,58,60,60,16,60,18,18,16,18,20,20,22,22,24,24,26,26,28,28,30,30,32,34,36,32,34,62,64,64,66,66,68,68,60,62,70,70,72,72,74,74,76,76,32,50,122,122,124,124,14,50,126,126,14]},"head":{"type":"mesh","hull":24,"width":933,"height":813,"uvs":[0.81305,0.1068,0.8347,0.24327,0.96137,0.36343,1,0.45836,1,0.56517,0.91872,0.67197,0.86184,0.80103,0.74939,0.84998,0.63693,0.75059,0.62394,0.75862,0.60128,0.84241,0.48967,0.9366,0.3879,1,0.27537,1,0.22508,0.91874,0.16403,0.84867,0.11374,0.71678,0,0.59724,0,0.51918,0.04008,0.37678,0.11375,0.21805,0.23009,0.07417,0.39684,0,0.62304,0,0.67959,0.75801,0.75197,0.69571,0.7817,0.60374,0.77782,0.53847,0.73517,0.50732,0.68217,0.53698,0.63176,0.61264,0.3472,0.32109,0.4346,0.29498,0.53756,0.35269,0.60101,0.41726,0.26818,0.27025,0.19635,0.28949,0.12691,0.42825,0.10656,0.4942,0.32011,0.44351,0.30546,0.56119,0.29447,0.68588,0.3018,0.76153,0.37382,0.7209,0.25334,0.715,0.37837,0.51356,0.47958,0.47574,0.56431,0.53877,0.51018,0.6288,0.41132,0.6234,0.25284,0.52706,0.17046,0.50365,0.14692,0.57748,0.17203,0.6342,0.23636,0.63781,0.4733,0.70353,0.18772,0.70623,0.24144,0.82324,0.30499,0.85475,0.38267,0.83945,0.47838,0.79803,0.77447,0.64122,0.76184,0.74742,0.74794,0.74929],"triangles":[27,28,1,2,27,1,29,34,28,5,26,27,29,30,34,29,27,26,27,29,28,29,26,30,26,25,30,61,26,5,26,61,25,62,25,61,30,24,8,30,25,24,63,24,25,30,8,9,7,8,24,28,34,1,4,5,27,6,62,5,3,27,2,27,3,4,33,0,1,32,22,23,33,23,0,43,55,60,59,43,60,41,54,40,41,40,49,42,41,43,44,41,42,58,42,59,57,42,58,44,54,41,43,41,49,57,44,42,42,43,59,35,21,22,35,36,21,35,22,32,31,35,32,33,32,23,34,33,1,37,19,36,39,35,31,46,32,33,46,33,34,38,19,37,39,51,37,38,37,51,36,35,39,39,37,36,31,46,39,46,31,32,45,39,46,18,19,38,50,51,39,40,50,39,47,46,34,30,47,34,45,40,39,52,38,51,17,18,38,16,17,38,49,45,46,48,49,46,40,45,49,47,48,46,48,47,30,50,52,51,54,53,52,50,54,52,54,50,40,55,49,48,56,53,54,56,54,44,52,16,38,16,52,53,16,53,56,43,49,55,62,61,5,63,25,62,9,48,30,9,55,48,60,55,9,57,56,44,10,60,9,15,16,56,15,56,57,7,63,62,7,62,6,24,63,7,14,15,57,14,57,58,11,60,10,59,60,11,13,14,58,12,59,11,58,59,12,13,58,12,19,20,36,36,20,21],"vertices":[2,27,124.32,166.67,0.74837,28,-39.34,162.84,0.25163,3,27,197.49,80.86,0.20105,28,44.79,87.74,0.7473,29,-78.19,64.79,0.05165,3,28,198.06,83.33,0.01328,29,67.8,111.68,0.68374,30,-57.25,97.88,0.30298,3,29,152.24,100.43,0.20661,30,26.1,115.48,0.73768,31,-89.24,86.31,0.05571,3,29,225.37,53.62,0.00475,30,110.67,95.78,0.52504,31,-3.76,101.58,0.47021,3,4,168.67,-467.43,0.00009,30,178.04,2.23,0.00023,31,95.05,42.19,0.99968,3,4,66.87,-408.61,0.05079,28,343.48,-254.38,0.00014,31,207.67,8.39,0.94907,1,4,32.97,-301.64,1,1,41,-77.72,15.19,1,2,4,113.64,-188.91,0.95,42,-96.38,-308.91,0.05,2,4,46.8,-164.01,0.95,42,-163.22,-284.01,0.05,2,4,-23.86,-55.78,0.95,42,-233.88,-175.78,0.05,2,4,-70.04,41.89,0.95,42,-280.06,-78.11,0.05,2,4,-64.2,146.72,0.95,42,-274.22,26.72,0.05,2,4,4.37,189.89,0.95,42,-205.65,69.89,0.05,2,4,64.42,243.6,0.95,42,-145.6,123.6,0.05,2,4,174.09,284.47,0.95,42,-35.92,164.47,0.05,3,18,127.49,79.69,0.49652,20,40.4,38.37,0.43,4,277.03,385.02,0.07348,3,18,85.2,32.37,0.44944,19,27.6,24.25,0.52,4,340.39,381.49,0.03056,2,17,60.9,-30.54,0.97663,18,-19.82,-29.05,0.02337,2,16,88.98,-97.15,0.99678,17,-71.86,-91.8,0.00322,3,16,-65.55,-136.99,0.85071,4,689.69,147.02,0.08935,27,-359.37,-83.5,0.05995,3,16,-229.05,-103.72,0.32711,4,741.24,-11.67,0.28146,27,-255.11,46.77,0.39143,4,16,-406.67,10.25,0.02034,4,729.49,-222.39,0.03185,27,-72.59,152.74,0.94688,28,-232.55,122.37,0.00093,1,41,-85.95,-24.21,1,1,41,-39.14,-94.46,1,1,41,33.98,-126.32,1,1,41,87.16,-125.66,1,1,41,114.66,-87.33,1,1,41,93.33,-36.62,1,1,41,34.54,13.77,1,2,4,483.17,49.1,0.9,42,273.16,-70.9,0.1,2,4,499.83,-33.5,0.9,42,289.81,-153.5,0.1,2,4,447.64,-126.8,0.9,42,237.62,-246.8,0.1,2,4,391.93,-182.99,0.95,42,181.91,-302.99,0.05,2,4,528.54,120.41,0.9,42,318.52,0.4,0.1,2,4,516.66,188.19,0.9,42,306.64,68.19,0.1,2,4,407.62,259.15,0.95,42,197.6,139.15,0.05,2,4,355.14,281.1,0.95,42,145.12,161.1,0.05,2,4,385.21,79.87,0.6,42,175.19,-40.13,0.4,2,4,290.44,98.84,0.55,42,80.42,-21.16,0.45,2,4,189.79,114.72,0.4,42,-20.22,-5.29,0.6,2,4,128,111.32,0.55,42,-82.02,-8.69,0.45,2,4,157.24,42.38,0.55,42,-52.77,-77.62,0.45,2,4,168.29,154.35,0.55,42,-41.72,34.35,0.45,2,4,325.32,28.77,0.6,42,115.3,-91.24,0.4,2,4,350.76,-67.23,0.65,42,140.74,-187.23,0.35,2,4,295.2,-143.31,0.7,42,85.18,-263.31,0.3,2,4,224.93,-88.81,0.65,42,14.91,-208.81,0.35,2,4,234.44,3.04,0.6,42,24.43,-116.96,0.4,2,4,320.87,146.32,0.6,42,110.86,26.31,0.4,2,4,344.15,222,0.65,42,134.14,102,0.35,2,4,285.44,247.26,0.7,42,75.43,127.26,0.3,2,4,238.1,226.44,0.65,42,28.08,106.44,0.35,2,4,231.83,166.67,0.6,42,21.81,46.67,0.4,2,4,166.18,-51.07,0.65,42,-43.84,-171.08,0.35,2,4,178.81,215.08,0.7,42,-31.21,95.08,0.3,2,4,81.05,170.33,0.5,42,-128.97,50.33,0.5,2,4,52.17,112.55,0.48,42,-157.85,-7.45,0.52,2,4,60.56,39.51,0.5,42,-149.46,-80.5,0.5,2,4,89.21,-51.53,0.7,42,-120.81,-171.53,0.3,1,41,3.93,-117.88,1,1,4,115.58,-317.88,1,1,4,114.78,-304.84,1],"edges":[36,38,38,40,40,42,42,44,44,46,46,0,0,2,2,4,4,6,6,8,8,10,10,12,12,14,14,16,16,48,48,50,50,52,52,54,54,56,56,58,58,60,60,16,60,18,18,16,18,20,20,22,22,24,24,26,26,28,28,30,30,32,34,36,32,34,62,64,64,66,66,68,68,60,62,70,70,72,72,74,74,76,76,32,50,122,122,124,124,14,50,126,126,14]}},"neck":{"neck":{"x":134.71,"y":7.2,"rotation":-90.5,"width":310,"height":389}}}}],"animations":{"Talk":{"slots":{"Head2":{"attachment":[{"name":null}]},"L_Eyebrow1":{"attachment":[{"name":"L_Eyebrow1"}]},"Mouth":{"attachment":[{"name":"Mouth"},{"time":0.2333,"name":"Mouth1"},{"time":0.6,"name":"Mouth"},{"time":0.8333,"name":"Lip copy"},{"time":1.1,"name":"Mouth3"},{"time":1.3333,"name":"Mouth1"},{"time":1.6,"name":"Mouth3"},{"time":1.8667,"name":"Lip copy"},{"time":2.1,"name":"Mouth3"}]},"R_Eyebrow1":{"attachment":[{"name":"R_Eyebrow1"}]},"head":{"attachment":[{"name":"Head1"}]}},"bones":{"Body":{"rotate":[{"angle":13.04,"curve":0.25,"c3":0.75},{"time":0.5333,"angle":13.4,"curve":0.25,"c3":0.75},{"time":1.0667,"angle":12.84}],"translate":[{"x":-15.43,"y":-23.15,"curve":0.25,"c3":0.75},{"time":0.5333,"x":-15.43,"y":-25.31,"curve":0.25,"c3":0.75},{"time":1.0667,"x":-15.43,"y":-22.13,"curve":0.25,"c3":0.75},{"time":1.6,"x":-15.43,"y":-24.26}],"scale":[{}]},"R_Arm":{"rotate":[{"angle":-13.15}],"translate":[{}],"scale":[{}]},"L_Arm":{"rotate":[{"angle":-7.98}],"translate":[{}],"scale":[{}]},"Head":{"rotate":[{"angle":-9.5,"curve":0.25,"c3":0.75},{"time":0.6,"angle":-8.57,"curve":0.25,"c3":0.75},{"time":1.1333,"angle":-10.68,"curve":0.25,"c3":0.75},{"time":1.6667,"angle":-10.11,"curve":0.25,"c3":0.75},{"time":2.2333,"angle":-10.35}],"translate":[{"x":-17.2,"y":9.38,"curve":0.25,"c3":0.75},{"time":0.5667,"x":-23.1,"y":9.93,"curve":0.25,"c3":0.75},{"time":1.1,"x":-12.27,"y":9.19,"curve":0.25,"c3":0.75},{"time":1.6333,"x":-13.54,"y":12.1,"curve":0.25,"c3":0.75},{"time":2.2,"x":-8.47,"y":10.16}],"scale":[{}]},"L_Pupil":{"rotate":[{}],"translate":[{"x":3.9,"y":19.33,"curve":"stepped"},{"time":1.2333,"x":3.9,"y":19.33,"curve":0.25,"c3":0.75},{"time":1.3333,"x":-0.62,"y":18.78,"curve":"stepped"},{"time":1.7333,"x":-0.62,"y":18.78,"curve":0.25,"c3":0.75},{"time":1.8333,"x":3.9,"y":19.33}],"scale":[{}]},"R_Pupil":{"rotate":[{}],"translate":[{"x":-3.44,"y":21.07,"curve":"stepped"},{"time":1.2333,"x":-3.44,"y":21.07,"curve":0.25,"c3":0.75},{"time":1.3333,"x":-7.96,"y":20.52,"curve":"stepped"},{"time":1.7333,"x":-7.96,"y":20.52,"curve":0.25,"c3":0.75},{"time":1.8333,"x":-3.44,"y":21.07}],"scale":[{}]},"Neck":{"rotate":[{"curve":0.25,"c3":0.75},{"time":0.5333,"angle":1.39,"curve":0.25,"c3":0.75},{"time":1.0667,"angle":-1.49,"curve":0.25,"c3":0.75},{"time":1.6,"angle":-1.06}],"translate":[{}],"scale":[{}]},"R_Eye":{"rotate":[{}],"translate":[{}],"scale":[{}]},"L_Eye":{"rotate":[{}],"translate":[{}],"scale":[{}]},"Mouth":{"rotate":[{}],"translate":[{}],"scale":[{"curve":"stepped"},{"time":0.1,"curve":0.25,"c3":0.75},{"time":0.4,"x":1.228,"y":0.844,"curve":0.25,"c3":0.75},{"time":0.7333,"x":1.1,"y":1.006,"curve":0.25,"c3":0.75},{"time":1,"x":1.144,"y":0.929,"curve":0.25,"c3":0.75},{"time":1.2333,"x":1.1,"y":1.006,"curve":0.25,"c3":0.75},{"time":1.5,"x":1.144,"y":0.929,"curve":0.25,"c3":0.75},{"time":1.7333,"x":1.1,"y":1.006,"curve":0.25,"c3":0.75},{"time":2,"x":1.144,"y":0.929,"curve":0.25,"c3":0.75},{"time":2.2333,"x":1.1,"y":1.006}]},"R_Eyebrow":{"rotate":[{"curve":"stepped"},{"time":0.5667,"curve":0.25,"c3":0.75},{"time":1.1,"angle":-0.8,"curve":0.25,"c3":0.75},{"time":1.6333,"angle":-0.14,"curve":0.25,"c3":0.75},{"time":2.2,"angle":-0.69}],"translate":[{"curve":0.25,"c3":0.75},{"time":0.5667,"x":-4.61,"y":0.61,"curve":0.25,"c3":0.75},{"time":1.1,"x":8.39,"y":0.56}],"scale":[{}]},"L_Eyebrow":{"rotate":[{"curve":"stepped"},{"time":0.5667,"curve":0.25,"c3":0.75},{"time":1.1,"angle":0.89,"curve":0.25,"c3":0.75},{"time":1.6333,"angle":-0.45,"curve":0.25,"c3":0.75},{"time":2.2,"angle":0.24}],"translate":[{"x":1.65,"y":-0.2,"curve":0.25,"c3":0.75},{"time":0.5667,"x":-4.61,"y":0.61,"curve":0.25,"c3":0.75},{"time":1.1,"x":8.39,"y":0.56}],"scale":[{}]},"L_Hair":{"rotate":[{}],"translate":[{}],"scale":[{}]},"bone11":{"rotate":[{}],"translate":[{}],"scale":[{}]},"bone12":{"rotate":[{"curve":0.25,"c3":0.75},{"time":0.5333,"angle":0.99,"curve":0.25,"c3":0.75},{"time":1.0667,"angle":-1.27,"curve":0.25,"c3":0.75},{"time":1.6,"angle":-0.53,"curve":0.25,"c3":0.75},{"time":2.1667,"angle":-1.32}],"translate":[{}],"scale":[{}]},"bone13":{"rotate":[{"curve":0.25,"c3":0.75},{"time":0.5667,"angle":0.99,"curve":0.25,"c3":0.75},{"time":1.1,"angle":-1.27,"curve":0.25,"c3":0.75},{"time":1.6333,"angle":-0.53,"curve":0.25,"c3":0.75},{"time":2.2,"angle":-1.32}],"translate":[{}],"scale":[{}]},"bone14":{"rotate":[{"curve":0.25,"c3":0.75},{"time":0.6,"angle":0.99,"curve":0.25,"c3":0.75},{"time":1.1333,"angle":-1.27,"curve":0.25,"c3":0.75},{"time":1.6667,"angle":-0.53,"curve":0.25,"c3":0.75},{"time":2.2333,"angle":-1.32}],"translate":[{}],"scale":[{}]},"bone15":{"rotate":[{"curve":0.25,"c3":0.75},{"time":0.6333,"angle":0.99,"curve":0.25,"c3":0.75},{"time":1.1667,"angle":-1.27,"curve":0.25,"c3":0.75},{"time":1.7,"angle":-0.53,"curve":0.25,"c3":0.75},{"time":2.2667,"angle":-1.32}],"translate":[{}],"scale":[{}]},"L_Hair1":{"rotate":[{}],"translate":[{}],"scale":[{}]},"bone17":{"rotate":[{"curve":0.25,"c3":0.75},{"time":0.5333,"angle":1.79,"curve":0.25,"c3":0.75},{"time":1.0667,"angle":0.21,"curve":0.25,"c3":0.75},{"time":1.6,"angle":1.25,"curve":0.25,"c3":0.75},{"time":2.1667,"angle":0.4}],"translate":[{}],"scale":[{}]},"bone18":{"rotate":[{"curve":0.25,"c3":0.75},{"time":0.5333,"angle":1.79,"curve":0.25,"c3":0.75},{"time":1.0667,"angle":0.21,"curve":0.25,"c3":0.75},{"time":1.6,"angle":1.25,"curve":0.25,"c3":0.75},{"time":2.1667,"angle":0.4}],"translate":[{}],"scale":[{}]},"bone19":{"rotate":[{"curve":0.25,"c3":0.75},{"time":0.5333,"angle":1.79,"curve":0.25,"c3":0.75},{"time":1.0667,"angle":0.21,"curve":0.25,"c3":0.75},{"time":1.6,"angle":1.25,"curve":0.25,"c3":0.75},{"time":2.1667,"angle":0.4}],"translate":[{}],"scale":[{}]},"bone20":{"rotate":[{"curve":0.25,"c3":0.75},{"time":0.5667,"angle":1.79,"curve":0.25,"c3":0.75},{"time":1.1,"angle":0.21,"curve":0.25,"c3":0.75},{"time":1.6333,"angle":1.25,"curve":0.25,"c3":0.75},{"time":2.2,"angle":0.4}],"translate":[{}],"scale":[{}]},"bone21":{"rotate":[{"curve":0.25,"c3":0.75},{"time":0.6,"angle":1.79,"curve":0.25,"c3":0.75},{"time":1.1333,"angle":0.21,"curve":0.25,"c3":0.75},{"time":1.6667,"angle":1.25,"curve":0.25,"c3":0.75},{"time":2.2333,"angle":0.4}],"translate":[{}],"scale":[{}]},"R_Hair":{"rotate":[{}],"translate":[{}],"scale":[{}]},"bone23":{"rotate":[{"curve":0.25,"c3":0.75},{"time":0.5333,"angle":-2.59,"curve":0.25,"c3":0.75},{"time":1.0667,"angle":-1.57,"curve":0.25,"c3":0.75},{"time":1.6,"angle":-1.95,"curve":0.25,"c3":0.75},{"time":2.1667,"angle":-1.42}],"translate":[{}],"scale":[{}]},"bone24":{"rotate":[{"curve":0.25,"c3":0.75},{"time":0.5333,"angle":-2.59,"curve":0.25,"c3":0.75},{"time":1.0667,"angle":-1.57,"curve":0.25,"c3":0.75},{"time":1.6,"angle":-1.95,"curve":0.25,"c3":0.75},{"time":2.1667,"angle":-1.42}],"translate":[{}],"scale":[{}]},"bone25":{"rotate":[{"curve":0.25,"c3":0.75},{"time":0.5667,"angle":-2.59,"curve":0.25,"c3":0.75},{"time":1.1,"angle":-1.57,"curve":0.25,"c3":0.75},{"time":1.6333,"angle":-1.95,"curve":0.25,"c3":0.75},{"time":2.2,"angle":-1.42}],"translate":[{}],"scale":[{}]},"bone26":{"rotate":[{"curve":0.25,"c3":0.75},{"time":0.6,"angle":-2.59,"curve":0.25,"c3":0.75},{"time":1.1333,"angle":-1.57,"curve":0.25,"c3":0.75},{"time":1.6667,"angle":-1.95,"curve":0.25,"c3":0.75},{"time":2.2333,"angle":-1.42}],"translate":[{}],"scale":[{}]},"R_Hair2":{"rotate":[{}],"translate":[{}],"scale":[{}]},"bone28":{"rotate":[{"curve":0.25,"c3":0.75},{"time":0.5333,"angle":-0.72,"curve":0.25,"c3":0.75},{"time":1.0667,"angle":-0.24,"curve":0.25,"c3":0.75},{"time":1.6,"angle":-0.96,"curve":0.25,"c3":0.75},{"time":2.1667,"angle":-0.47}],"translate":[{}],"scale":[{}]},"bone29":{"rotate":[{"curve":0.25,"c3":0.75},{"time":0.5333,"angle":-0.72,"curve":0.25,"c3":0.75},{"time":1.0667,"angle":-0.24,"curve":0.25,"c3":0.75},{"time":1.6,"angle":-0.96,"curve":0.25,"c3":0.75},{"time":2.1667,"angle":-0.47}],"translate":[{}],"scale":[{}]},"bone30":{"rotate":[{"curve":0.25,"c3":0.75},{"time":0.5333,"angle":-0.72,"curve":0.25,"c3":0.75},{"time":1.0667,"angle":-0.24,"curve":0.25,"c3":0.75},{"time":1.6,"angle":-0.96,"curve":0.25,"c3":0.75},{"time":2.1667,"angle":-0.47}],"translate":[{}],"scale":[{}]},"bone31":{"rotate":[{"curve":0.25,"c3":0.75},{"time":0.5667,"angle":-0.72,"curve":0.25,"c3":0.75},{"time":1.1,"angle":-0.24,"curve":0.25,"c3":0.75},{"time":1.6333,"angle":-0.96,"curve":0.25,"c3":0.75},{"time":2.2,"angle":-0.47}],"translate":[{}],"scale":[{}]},"R_Hair1":{"rotate":[{}],"translate":[{}],"scale":[{}]},"bone33":{"rotate":[{"curve":0.25,"c3":0.75},{"time":0.5333,"angle":-0.72,"curve":0.25,"c3":0.75},{"time":1.0667,"angle":0.06,"curve":0.25,"c3":0.75},{"time":1.6,"angle":-0.7,"curve":0.25,"c3":0.75},{"time":2.1667,"angle":-0.32}],"translate":[{}],"scale":[{}]},"bone34":{"rotate":[{"curve":0.25,"c3":0.75},{"time":0.5667,"angle":-0.72,"curve":0.25,"c3":0.75},{"time":1.1,"angle":0.06,"curve":0.25,"c3":0.75},{"time":1.6333,"angle":-0.7,"curve":0.25,"c3":0.75},{"time":2.2,"angle":-0.32}],"translate":[{}],"scale":[{}]},"bone35":{"rotate":[{"curve":0.25,"c3":0.75},{"time":0.6,"angle":-0.72,"curve":0.25,"c3":0.75},{"time":1.1333,"angle":0.06,"curve":0.25,"c3":0.75},{"time":1.6667,"angle":-0.7,"curve":0.25,"c3":0.75},{"time":2.2333,"angle":-0.32}],"translate":[{}],"scale":[{}]},"bone36":{"rotate":[{"curve":0.25,"c3":0.75},{"time":0.6333,"angle":-0.72,"curve":0.25,"c3":0.75},{"time":1.1667,"angle":0.06,"curve":0.25,"c3":0.75},{"time":1.7,"angle":-0.7,"curve":0.25,"c3":0.75},{"time":2.2667,"angle":-0.32}],"translate":[{}],"scale":[{}]},"Ear":{"rotate":[{}],"translate":[{}],"scale":[{}]},"Face":{"rotate":[{}],"translate":[{"curve":0.25,"c3":0.75},{"time":0.5667,"x":-21.83,"y":0.34,"curve":0.25,"c3":0.75},{"time":1.1,"x":2.24,"y":0.69,"curve":0.25,"c3":0.75},{"time":1.6333,"x":-24.72,"y":4.07,"curve":0.25,"c3":0.75},{"time":2.2,"x":0.88,"y":4.07}],"scale":[{}]}}},"WakeUp":{"slots":{"L_Eye":{"attachment":[{"name":"L_Eye"},{"time":0.2333,"name":"L_Eye"},{"time":1.5333,"name":null}]},"L_Eye1":{"attachment":[{"name":"L_Eye1"},{"time":0.2333,"name":"L_Eye1"},{"time":1.5333,"name":null}]},"L_Eye1_1":{"attachment":[{"name":null},{"time":0.2333,"name":null},{"time":1.5333,"name":"L_Eye1_1"}]},"L_Eye1_2":{"attachment":[{"name":null},{"time":0.2333,"name":null},{"time":1.5333,"name":"L_Eye1_2"}]},"L_EyeClose":{"attachment":[{"name":"L_EyeClose"},{"time":0.2333,"name":"L_EyeClose"},{"time":0.4333,"name":null},{"time":1.3,"name":"L_EyeClose1"},{"time":1.5333,"name":null},{"time":2.7,"name":"L_EyeClose2"},{"time":2.8667,"name":null}]},"L_Pupil":{"attachment":[{"name":"L_Pupil"},{"time":0.2333,"name":"L_Pupil"},{"time":1.5333,"name":null}]},"L_Pupil1":{"attachment":[{"name":null},{"time":0.2333,"name":null},{"time":1.5333,"name":"L_Pupil1"}]},"Mouth":{"attachment":[{"name":"Mouth"},{"time":0.2333,"name":"Mouth"},{"time":1.5333,"name":"Lip copy"},{"time":2.3333,"name":"Mouth3"}]},"R_Eye":{"attachment":[{"name":"R_Eye"},{"time":0.2333,"name":"R_Eye"},{"time":1.5333,"name":null}]},"R_Eye1":{"attachment":[{"name":"R_Eye1"},{"time":0.2333,"name":"R_Eye1"},{"time":1.5333,"name":null}]},"R_Eye1_1":{"attachment":[{"name":null},{"time":0.2333,"name":null},{"time":1.5333,"name":"R_Eye1_1"}]},"R_Eye1_2":{"attachment":[{"name":null},{"time":0.2333,"name":null},{"time":1.5333,"name":"R_Eye1_2"}]},"R_EyeClose":{"attachment":[{"name":"R_EyeClose"},{"time":0.2333,"name":"R_EyeClose"},{"time":0.4333,"name":null},{"time":1.3,"name":"R_EyeClose1"},{"time":1.5333,"name":null},{"time":2.7,"name":"R_EyeClose2"},{"time":2.8667,"name":null}]},"R_Pupil":{"attachment":[{"name":"R_Pupil"},{"time":0.2333,"name":"R_Pupil"},{"time":1.5333,"name":null}]},"R_Pupil1":{"attachment":[{"name":null},{"time":0.2333,"name":null},{"time":1.5333,"name":"R_Pupil1"}]},"bg":{"attachment":[{"name":"bg"}]},"blanket":{"attachment":[{"name":"blanket"}]}},"bones":{"Body":{"rotate":[{"angle":-141.84,"curve":"stepped"},{"time":0.2333,"angle":-141.84,"curve":"stepped"},{"time":0.9333,"angle":-141.84,"curve":"stepped"},{"time":1.1,"angle":-141.84,"curve":"stepped"},{"time":1.4333,"angle":-141.84},{"time":1.7333,"angle":-141.9},{"time":2,"angle":-142.78,"curve":0.25,"c3":0.75},{"time":2.4333,"angle":-169.64}],"translate":[{"x":-454.63,"y":690.3,"curve":"stepped"},{"time":0.2333,"x":-454.63,"y":690.3,"curve":"stepped"},{"time":0.9333,"x":-454.63,"y":690.3,"curve":"stepped"},{"time":1.1,"x":-454.63,"y":690.3},{"time":1.4333,"x":-454.04,"y":690.88},{"time":1.7333,"x":-452.86,"y":707.62},{"time":2,"x":-452.86,"y":706.36,"curve":0.25,"c3":0.75},{"time":2.4333,"x":-467.49,"y":798.04,"curve":0.25,"c3":0.75},{"time":2.8333,"x":-467.49,"y":796.05,"curve":0.25,"c3":0.75},{"time":3.2,"x":-467.49,"y":799.2}],"scale":[{"x":-0.2,"y":0.2,"curve":"stepped"},{"time":0.2333,"x":-0.2,"y":0.2,"curve":"stepped"},{"time":0.9333,"x":-0.2,"y":0.2,"curve":"stepped"},{"time":1.1,"x":-0.2,"y":0.2,"curve":"stepped"},{"time":1.4333,"x":-0.2,"y":0.2,"curve":"stepped"},{"time":2,"x":-0.2,"y":0.2}],"shear":[{"y":-2.3,"curve":"stepped"},{"time":0.2333,"y":-2.3}]},"L_Arm":{"rotate":[{"curve":"stepped"},{"time":0.2333,"curve":"stepped"},{"time":0.9333,"curve":"stepped"},{"time":1.1,"curve":"stepped"},{"time":1.4333},{"time":1.7333,"angle":-8.45,"curve":"stepped"},{"time":2,"angle":-8.45,"curve":0.25,"c3":0.75},{"time":2.4333,"angle":1.62}],"translate":[{"x":-18.24,"y":-60.61,"curve":"stepped"},{"time":0.2333,"x":-18.24,"y":-60.61,"curve":"stepped"},{"time":0.9333,"x":-18.24,"y":-60.61,"curve":"stepped"},{"time":1.1,"x":-18.24,"y":-60.61,"curve":"stepped"},{"time":1.4333,"x":-18.24,"y":-60.61,"curve":"stepped"},{"time":2,"x":-18.24,"y":-60.61,"curve":0.25,"c3":0.75},{"time":2.4333,"x":-21.15,"y":-20.29}],"scale":[{"curve":"stepped"},{"time":0.2333,"curve":"stepped"},{"time":0.9333,"curve":"stepped"},{"time":1.1,"curve":"stepped"},{"time":1.4333,"curve":"stepped"},{"time":2}]},"R_Arm":{"rotate":[{"angle":-7.87,"curve":"stepped"},{"time":0.2333,"angle":-7.87,"curve":"stepped"},{"time":0.9333,"angle":-7.87,"curve":"stepped"},{"time":1.1,"angle":-7.87,"curve":"stepped"},{"time":1.4333,"angle":-7.87},{"time":1.7333,"angle":-35.69},{"time":2,"angle":-11.35},{"time":2.1667,"angle":1.06},{"time":2.4,"angle":-1.49}],"translate":[{"curve":"stepped"},{"time":0.2333,"curve":"stepped"},{"time":0.9333,"curve":"stepped"},{"time":1.1,"curve":"stepped"},{"time":1.4333,"curve":"stepped"},{"time":2}],"scale":[{"curve":"stepped"},{"time":0.2333,"curve":"stepped"},{"time":0.9333,"curve":"stepped"},{"time":1.1,"curve":"stepped"},{"time":1.4333,"curve":"stepped"},{"time":2}]},"Head":{"rotate":[{"angle":-11.67,"curve":0.25,"c3":0.75},{"time":0.2333,"angle":-11.42,"curve":0.25,"c3":0.75},{"time":0.5667,"angle":-11.85,"curve":"stepped"},{"time":0.9333,"angle":-11.85,"curve":"stepped"},{"time":1.1,"angle":-11.85},{"time":1.4333,"angle":-8.5},{"time":1.7333,"angle":-12.9},{"time":2,"angle":-12.49,"curve":0.25,"c3":0.75},{"time":2.2333,"angle":-15.93,"curve":0.25,"c3":0.75},{"time":2.4667,"angle":-2.89,"curve":0.25,"c3":0.75},{"time":2.8667,"angle":-5.09,"curve":0.25,"c3":0.75},{"time":3.2,"angle":-7.11}],"translate":[{"x":-31.16,"y":-17.33,"curve":"stepped"},{"time":0.2333,"x":-31.16,"y":-17.33,"curve":0.25,"c3":0.75},{"time":0.5667,"x":-28.14,"y":-18.14,"curve":"stepped"},{"time":0.9333,"x":-28.14,"y":-18.14,"curve":"stepped"},{"time":1.1,"x":-28.14,"y":-18.14,"curve":"stepped"},{"time":1.4333,"x":-28.14,"y":-18.14,"curve":"stepped"},{"time":2,"x":-28.14,"y":-18.14,"curve":0.25,"c3":0.75},{"time":2.4333,"x":-2.64,"y":-0.94,"curve":0.25,"c3":0.75},{"time":2.8333,"x":-5.1,"y":-3.41}],"scale":[{"curve":"stepped"},{"time":0.2333,"curve":"stepped"},{"time":0.9333,"curve":"stepped"},{"time":1.1,"curve":"stepped"},{"time":1.4333,"curve":"stepped"},{"time":2}]},"L_Eye":{"rotate":[{"curve":"stepped"},{"time":0.2333,"curve":"stepped"},{"time":0.9333,"curve":"stepped"},{"time":1.1,"curve":"stepped"},{"time":1.4333,"curve":"stepped"},{"time":2}],"translate":[{"curve":"stepped"},{"time":0.2333,"curve":"stepped"},{"time":0.9333,"curve":"stepped"},{"time":1.1,"curve":"stepped"},{"time":1.4333},{"time":1.5333,"x":0.69,"y":8.54}],"scale":[{"curve":"stepped"},{"time":0.2333,"curve":"stepped"},{"time":0.9333,"curve":"stepped"},{"time":1.1,"curve":"stepped"},{"time":1.4333,"curve":"stepped"},{"time":2}]},"L_Pupil":{"rotate":[{"curve":"stepped"},{"time":0.2333,"curve":"stepped"},{"time":0.9333,"curve":"stepped"},{"time":1.1,"curve":"stepped"},{"time":1.4333,"curve":"stepped"},{"time":2}],"translate":[{"x":12.31,"y":20.04,"curve":"stepped"},{"time":0.2333,"x":12.31,"y":20.04,"curve":"stepped"},{"time":0.6333,"x":12.31,"y":20.04,"curve":0.25,"c3":0.75},{"time":0.7,"x":13.86,"y":24.55,"curve":"stepped"},{"time":0.8667,"x":13.86,"y":24.55,"curve":0.25,"c3":0.75},{"time":0.9333,"x":12.31,"y":20.04,"curve":"stepped"},{"time":1.1,"x":12.31,"y":20.04},{"time":1.2667,"x":-21.18,"y":28.68,"curve":"stepped"},{"time":1.4333,"x":-21.18,"y":28.68,"curve":"stepped"},{"time":2,"x":-21.18,"y":28.68},{"time":2.4,"x":-27.42,"y":13.04,"curve":"stepped"},{"time":2.6667,"x":-27.42,"y":13.04},{"time":2.9333,"x":1.41,"y":29.18}],"scale":[{"curve":"stepped"},{"time":0.2333,"curve":"stepped"},{"time":0.9333,"curve":"stepped"},{"time":1.1,"curve":"stepped"},{"time":1.4333,"curve":"stepped"},{"time":2}]},"R_Eye":{"rotate":[{"curve":"stepped"},{"time":0.2333,"curve":"stepped"},{"time":0.9333,"curve":"stepped"},{"time":1.1,"curve":"stepped"},{"time":1.4333,"curve":"stepped"},{"time":2}],"translate":[{"curve":"stepped"},{"time":0.2333,"curve":"stepped"},{"time":0.9333,"curve":"stepped"},{"time":1.1,"curve":"stepped"},{"time":1.4333,"curve":"stepped"},{"time":2}],"scale":[{"curve":"stepped"},{"time":0.2333,"curve":"stepped"},{"time":0.9333,"curve":"stepped"},{"time":1.1,"curve":"stepped"},{"time":1.4333,"curve":"stepped"},{"time":2}]},"R_Pupil":{"rotate":[{"curve":"stepped"},{"time":0.2333,"curve":"stepped"},{"time":0.9333,"curve":"stepped"},{"time":1.1,"curve":"stepped"},{"time":1.4333,"curve":"stepped"},{"time":2}],"translate":[{"x":12.31,"y":20.04,"curve":"stepped"},{"time":0.2333,"x":12.31,"y":20.04,"curve":"stepped"},{"time":0.6333,"x":12.31,"y":20.04,"curve":0.25,"c3":0.75},{"time":0.7,"x":13.86,"y":24.55,"curve":"stepped"},{"time":0.8667,"x":13.86,"y":24.55,"curve":0.25,"c3":0.75},{"time":0.9333,"x":12.31,"y":20.04,"curve":"stepped"},{"time":1.1,"x":12.31,"y":20.04},{"time":1.2667,"x":-21.18,"y":28.68,"curve":"stepped"},{"time":1.4333,"x":-21.18,"y":28.68,"curve":"stepped"},{"time":2,"x":-21.18,"y":28.68},{"time":2.4,"x":-27.42,"y":13.04,"curve":"stepped"},{"time":2.6667,"x":-27.42,"y":13.04},{"time":2.9333,"x":1.41,"y":29.18}],"scale":[{"curve":"stepped"},{"time":0.2333,"curve":"stepped"},{"time":0.9333,"curve":"stepped"},{"time":1.1,"curve":"stepped"},{"time":1.4333,"curve":"stepped"},{"time":2}]},"Face":{"rotate":[{"curve":"stepped"},{"time":0.2333,"curve":"stepped"},{"time":0.9333,"curve":"stepped"},{"time":1.1,"curve":"stepped"},{"time":1.4333,"curve":"stepped"},{"time":2}],"translate":[{"x":20.93,"y":15.19,"curve":"stepped"},{"time":0.2333,"x":20.93,"y":15.19,"curve":"stepped"},{"time":0.9333,"x":20.93,"y":15.19,"curve":"stepped"},{"time":1.1,"x":20.93,"y":15.19},{"time":1.4333,"x":6.22,"y":92.26,"curve":"stepped"},{"time":2,"x":6.22,"y":92.26,"curve":0.25,"c3":0.75},{"time":2.4333,"x":-46.98,"y":90.03,"curve":"stepped"},{"time":2.8,"x":-46.98,"y":90.03,"curve":0.25,"c3":0.75},{"time":3.2,"x":18.12,"y":111.45}],"scale":[{"curve":"stepped"},{"time":0.2333,"curve":"stepped"},{"time":0.9333,"curve":"stepped"},{"time":1.1,"curve":"stepped"},{"time":1.4333,"curve":"stepped"},{"time":2}]},"Mouth":{"rotate":[{"curve":"stepped"},{"time":0.2333,"curve":"stepped"},{"time":0.9333,"curve":"stepped"},{"time":1.1,"curve":"stepped"},{"time":1.4333,"curve":"stepped"},{"time":2}],"translate":[{"curve":"stepped"},{"time":0.2333,"curve":"stepped"},{"time":0.9333,"curve":"stepped"},{"time":1.1,"curve":"stepped"},{"time":1.4333,"curve":"stepped"},{"time":2}],"scale":[{"curve":"stepped"},{"time":0.2333,"curve":"stepped"},{"time":0.9333,"curve":"stepped"},{"time":1.1,"curve":"stepped"},{"time":1.4333,"curve":"stepped"},{"time":2}]},"bone28":{"rotate":[{"angle":-4.08,"curve":0.25,"c3":0.75},{"time":0.2333,"angle":-3.6,"curve":0.25,"c3":0.75},{"time":0.5667,"angle":-4.92,"curve":"stepped"},{"time":0.9333,"angle":-4.92,"curve":"stepped"},{"time":1.1,"angle":-4.92},{"time":1.4333,"angle":-4.81},{"time":1.7333,"angle":-3.4},{"time":2,"angle":-3.12,"curve":0.25,"c3":0.75},{"time":2.4333,"angle":-2.41,"curve":0.25,"c3":0.75},{"time":2.8667,"angle":-2.7,"curve":0.25,"c3":0.75},{"time":3.2,"angle":-2.07}],"translate":[{"curve":"stepped"},{"time":0.2333,"curve":"stepped"},{"time":0.9333,"curve":"stepped"},{"time":1.1,"curve":"stepped"},{"time":1.4333,"curve":"stepped"},{"time":2}],"scale":[{"curve":"stepped"},{"time":0.2333,"curve":"stepped"},{"time":0.9333,"curve":"stepped"},{"time":1.1,"curve":"stepped"},{"time":1.4333,"curve":"stepped"},{"time":2}]},"bone29":{"rotate":[{"angle":-4.08,"curve":0.25,"c3":0.75},{"time":0.2333,"angle":-3.6,"curve":0.25,"c3":0.75},{"time":0.5667,"angle":-4.92,"curve":"stepped"},{"time":0.9333,"angle":-4.92,"curve":"stepped"},{"time":1.1,"angle":-4.92},{"time":1.4333,"angle":-4.81},{"time":1.7333,"angle":-3.4},{"time":2,"angle":-3.12,"curve":0.25,"c3":0.75},{"time":2.4333,"angle":-2.41,"curve":0.25,"c3":0.75},{"time":2.8667,"angle":-2.7,"curve":0.25,"c3":0.75},{"time":3.2,"angle":-2.07}],"translate":[{"curve":"stepped"},{"time":0.2333,"curve":"stepped"},{"time":0.9333,"curve":"stepped"},{"time":1.1,"curve":"stepped"},{"time":1.4333,"curve":"stepped"},{"time":2}],"scale":[{"curve":"stepped"},{"time":0.2333,"curve":"stepped"},{"time":0.9333,"curve":"stepped"},{"time":1.1,"curve":"stepped"},{"time":1.4333,"curve":"stepped"},{"time":2}]},"bone30":{"rotate":[{"angle":-4.08,"curve":0.25,"c3":0.75},{"time":0.2333,"angle":-3.6,"curve":0.25,"c3":0.75},{"time":0.5667,"angle":-4.92,"curve":"stepped"},{"time":0.9333,"angle":-4.92,"curve":"stepped"},{"time":1.1,"angle":-4.92},{"time":1.4333,"angle":-4.81},{"time":1.7333,"angle":-3.4},{"time":2,"angle":-3.12,"curve":0.25,"c3":0.75},{"time":2.4333,"angle":-2.41,"curve":0.25,"c3":0.75},{"time":2.8667,"angle":-2.7,"curve":0.25,"c3":0.75},{"time":3.2,"angle":-2.07}],"translate":[{"curve":"stepped"},{"time":0.2333,"curve":"stepped"},{"time":0.9333,"curve":"stepped"},{"time":1.1,"curve":"stepped"},{"time":1.4333,"curve":"stepped"},{"time":2}],"scale":[{"curve":"stepped"},{"time":0.2333,"curve":"stepped"},{"time":0.9333,"curve":"stepped"},{"time":1.1,"curve":"stepped"},{"time":1.4333,"curve":"stepped"},{"time":2}]},"bone31":{"rotate":[{"angle":-4.08,"curve":0.25,"c3":0.75},{"time":0.2333,"angle":-3.6,"curve":0.25,"c3":0.75},{"time":0.5667,"angle":-4.92,"curve":"stepped"},{"time":0.9333,"angle":-4.92,"curve":"stepped"},{"time":1.1,"angle":-4.92},{"time":1.4333,"angle":-4.81},{"time":1.7333,"angle":-3.4},{"time":2,"angle":-3.12,"curve":0.25,"c3":0.75},{"time":2.4333,"angle":-2.41,"curve":0.25,"c3":0.75},{"time":2.8667,"angle":-2.7,"curve":0.25,"c3":0.75},{"time":3.2,"angle":-2.07}],"translate":[{"curve":"stepped"},{"time":0.2333,"curve":"stepped"},{"time":0.9333,"curve":"stepped"},{"time":1.1,"curve":"stepped"},{"time":1.4333,"curve":"stepped"},{"time":2}],"scale":[{"curve":"stepped"},{"time":0.2333,"curve":"stepped"},{"time":0.9333,"curve":"stepped"},{"time":1.1,"curve":"stepped"},{"time":1.4333,"curve":"stepped"},{"time":2}]},"Neck":{"rotate":[{"curve":0.25,"c3":0.75},{"time":0.2333,"angle":0.34,"curve":0.25,"c3":0.75},{"time":0.5667,"angle":-0.38,"curve":"stepped"},{"time":0.9333,"angle":-0.38,"curve":"stepped"},{"time":1.1,"angle":-0.38},{"time":1.4333,"angle":0.11},{"time":1.7333,"angle":-1.49},{"time":2,"angle":-0.16,"curve":0.25,"c3":0.75},{"time":2.4333,"angle":0.75,"curve":0.25,"c3":0.75},{"time":2.8333,"angle":0.48}],"translate":[{"curve":0.25,"c3":0.75},{"time":0.2333,"x":-1.18,"y":1.84,"curve":"stepped"},{"time":0.9333,"x":-1.18,"y":1.84,"curve":"stepped"},{"time":1.1,"x":-1.18,"y":1.84,"curve":"stepped"},{"time":1.4333,"x":-1.18,"y":1.84,"curve":"stepped"},{"time":2,"x":-1.18,"y":1.84}],"scale":[{"curve":"stepped"},{"time":0.2333,"curve":"stepped"},{"time":0.9333,"curve":"stepped"},{"time":1.1,"curve":"stepped"},{"time":1.4333,"curve":"stepped"},{"time":2}]},"bone33":{"rotate":[{"curve":0.25,"c3":0.75},{"time":0.2333,"angle":0.74,"curve":0.25,"c3":0.75},{"time":0.5667,"angle":-1,"curve":0.25,"c3":0.75},{"time":0.9333,"angle":-0.85,"curve":"stepped"},{"time":1.1,"angle":-0.85},{"time":1.4333,"angle":-0.63},{"time":1.7333,"angle":-1.72},{"time":2,"angle":-1.17,"curve":0.25,"c3":0.75},{"time":2.4333,"angle":-0.13,"curve":0.25,"c3":0.75},{"time":2.8667,"angle":-0.61,"curve":0.25,"c3":0.75},{"time":3.2,"angle":-0.26}],"translate":[{"curve":"stepped"},{"time":0.2333,"curve":"stepped"},{"time":0.9333,"curve":"stepped"},{"time":1.1,"curve":"stepped"},{"time":1.4333,"curve":"stepped"},{"time":2}],"scale":[{"curve":"stepped"},{"time":0.2333,"curve":"stepped"},{"time":0.9333,"curve":"stepped"},{"time":1.1,"curve":"stepped"},{"time":1.4333,"curve":"stepped"},{"time":2}]},"bone34":{"rotate":[{"curve":0.25,"c3":0.75},{"time":0.2333,"angle":0.74,"curve":0.25,"c3":0.75},{"time":0.5667,"angle":-1,"curve":0.25,"c3":0.75},{"time":0.9333,"angle":-0.85,"curve":"stepped"},{"time":1.1,"angle":-0.85},{"time":1.4333,"angle":-0.63},{"time":1.7333,"angle":-1.72},{"time":2,"angle":-1.17,"curve":0.25,"c3":0.75},{"time":2.4333,"angle":-0.13,"curve":0.25,"c3":0.75},{"time":2.8667,"angle":-0.61,"curve":0.25,"c3":0.75},{"time":3.2,"angle":-0.26}],"translate":[{"curve":"stepped"},{"time":0.2333,"curve":"stepped"},{"time":0.9333,"curve":"stepped"},{"time":1.1,"curve":"stepped"},{"time":1.4333,"curve":"stepped"},{"time":2}],"scale":[{"curve":"stepped"},{"time":0.2333,"curve":"stepped"},{"time":0.9333,"curve":"stepped"},{"time":1.1,"curve":"stepped"},{"time":1.4333,"curve":"stepped"},{"time":2}]},"bone35":{"rotate":[{"curve":0.25,"c3":0.75},{"time":0.2667,"angle":0.74,"curve":0.25,"c3":0.75},{"time":0.6,"angle":-1,"curve":0.25,"c3":0.75},{"time":0.9667,"angle":-0.85,"curve":"stepped"},{"time":1.1333,"angle":-0.85},{"time":1.4667,"angle":-0.63},{"time":1.7667,"angle":-1.72},{"time":2.0333,"angle":-1.17,"curve":0.25,"c3":0.75},{"time":2.4667,"angle":-0.13,"curve":0.25,"c3":0.75},{"time":2.9,"angle":-0.61,"curve":0.25,"c3":0.75},{"time":3.2333,"angle":-0.26}],"translate":[{"curve":"stepped"},{"time":0.2333,"curve":"stepped"},{"time":0.9333,"curve":"stepped"},{"time":1.1,"curve":"stepped"},{"time":1.4333,"curve":"stepped"},{"time":2}],"scale":[{"curve":"stepped"},{"time":0.2333,"curve":"stepped"},{"time":0.9333,"curve":"stepped"},{"time":1.1,"curve":"stepped"},{"time":1.4333,"curve":"stepped"},{"time":2}]},"bone36":{"rotate":[{"curve":0.25,"c3":0.75},{"time":0.3,"angle":0.74,"curve":0.25,"c3":0.75},{"time":0.6333,"angle":-1,"curve":0.25,"c3":0.75},{"time":1,"angle":-0.85,"curve":"stepped"},{"time":1.1667,"angle":-0.85},{"time":1.5,"angle":-0.63},{"time":1.8,"angle":-1.72},{"time":2.0667,"angle":-1.17,"curve":0.25,"c3":0.75},{"time":2.5,"angle":-0.13,"curve":0.25,"c3":0.75},{"time":2.9333,"angle":-0.61,"curve":0.25,"c3":0.75},{"time":3.2667,"angle":-0.26}],"translate":[{"curve":"stepped"},{"time":0.2333,"curve":"stepped"},{"time":0.9333,"curve":"stepped"},{"time":1.1,"curve":"stepped"},{"time":1.4333,"curve":"stepped"},{"time":2}],"scale":[{"curve":"stepped"},{"time":0.2333,"curve":"stepped"},{"time":0.9333,"curve":"stepped"},{"time":1.1,"curve":"stepped"},{"time":1.4333,"curve":"stepped"},{"time":2}]},"bone23":{"rotate":[{"curve":0.25,"c3":0.75},{"time":0.2333,"angle":0.56,"curve":0.25,"c3":0.75},{"time":0.5667,"angle":-0.98,"curve":0.25,"c3":0.75},{"time":0.9333,"angle":-0.83,"curve":"stepped"},{"time":1.1,"angle":-0.83},{"time":1.4333,"angle":0.08},{"time":1.7333,"angle":-1.82},{"time":2,"angle":-0.69,"curve":0.25,"c3":0.75},{"time":2.4333,"angle":0.46,"curve":0.25,"c3":0.75},{"time":2.8667,"angle":-0.13,"curve":0.25,"c3":0.75},{"time":3.2,"angle":0.26}],"translate":[{"curve":"stepped"},{"time":0.2333,"curve":"stepped"},{"time":0.9333,"curve":"stepped"},{"time":1.1,"curve":"stepped"},{"time":1.4333,"curve":"stepped"},{"time":2}],"scale":[{"curve":"stepped"},{"time":0.2333,"curve":"stepped"},{"time":0.9333,"curve":"stepped"},{"time":1.1,"curve":"stepped"},{"time":1.4333,"curve":"stepped"},{"time":2}]},"bone24":{"rotate":[{"curve":0.25,"c3":0.75},{"time":0.2333,"angle":0.56,"curve":0.25,"c3":0.75},{"time":0.5667,"angle":-0.98,"curve":0.25,"c3":0.75},{"time":0.9333,"angle":-0.83,"curve":"stepped"},{"time":1.1,"angle":-0.83},{"time":1.4333,"angle":0.08},{"time":1.7333,"angle":-1.82},{"time":2,"angle":-0.69,"curve":0.25,"c3":0.75},{"time":2.4333,"angle":0.46,"curve":0.25,"c3":0.75},{"time":2.8667,"angle":-0.13,"curve":0.25,"c3":0.75},{"time":3.2,"angle":0.26}],"translate":[{"curve":"stepped"},{"time":0.2333,"curve":"stepped"},{"time":0.9333,"curve":"stepped"},{"time":1.1,"curve":"stepped"},{"time":1.4333,"curve":"stepped"},{"time":2}],"scale":[{"curve":"stepped"},{"time":0.2333,"curve":"stepped"},{"time":0.9333,"curve":"stepped"},{"time":1.1,"curve":"stepped"},{"time":1.4333,"curve":"stepped"},{"time":2}]},"bone25":{"rotate":[{"curve":0.25,"c3":0.75},{"time":0.2333,"angle":0.56,"curve":0.25,"c3":0.75},{"time":0.5667,"angle":-0.98,"curve":0.25,"c3":0.75},{"time":0.9333,"angle":-0.83,"curve":"stepped"},{"time":1.1,"angle":-0.83},{"time":1.4333,"angle":0.08},{"time":1.7333,"angle":-1.82},{"time":2,"angle":-0.69,"curve":0.25,"c3":0.75},{"time":2.4333,"angle":0.46,"curve":0.25,"c3":0.75},{"time":2.8667,"angle":-0.13,"curve":0.25,"c3":0.75},{"time":3.2,"angle":0.26}],"translate":[{"curve":"stepped"},{"time":0.2333,"curve":"stepped"},{"time":0.9333,"curve":"stepped"},{"time":1.1,"curve":"stepped"},{"time":1.4333,"curve":"stepped"},{"time":2}],"scale":[{"curve":"stepped"},{"time":0.2333,"curve":"stepped"},{"time":0.9333,"curve":"stepped"},{"time":1.1,"curve":"stepped"},{"time":1.4333,"curve":"stepped"},{"time":2}]},"bone26":{"rotate":[{"curve":0.25,"c3":0.75},{"time":0.2667,"angle":0.56,"curve":0.25,"c3":0.75},{"time":0.6,"angle":-0.98,"curve":0.25,"c3":0.75},{"time":0.9667,"angle":-0.83,"curve":"stepped"},{"time":1.1333,"angle":-0.83},{"time":1.4667,"angle":0.08},{"time":1.7667,"angle":-1.82},{"time":2.0333,"angle":-0.69,"curve":0.25,"c3":0.75},{"time":2.4667,"angle":0.46,"curve":0.25,"c3":0.75},{"time":2.9,"angle":-0.13,"curve":0.25,"c3":0.75},{"time":3.2333,"angle":0.26}],"translate":[{"curve":"stepped"},{"time":0.2333,"curve":"stepped"},{"time":0.9333,"curve":"stepped"},{"time":1.1,"curve":"stepped"},{"time":1.4333,"curve":"stepped"},{"time":2}],"scale":[{"curve":"stepped"},{"time":0.2333,"curve":"stepped"},{"time":0.9333,"curve":"stepped"},{"time":1.1,"curve":"stepped"},{"time":1.4333,"curve":"stepped"},{"time":2}]},"bone17":{"rotate":[{"curve":0.25,"c3":0.75},{"time":0.2333,"angle":-0.54,"curve":0.25,"c3":0.75},{"time":0.5667,"angle":0.92,"curve":0.25,"c3":0.75},{"time":0.9333,"angle":0.57,"curve":"stepped"},{"time":1.1,"angle":0.57},{"time":1.4333,"angle":0.04},{"time":1.7333,"angle":1.88},{"time":2,"angle":2.12,"curve":0.25,"c3":0.75},{"time":2.4333,"angle":1.29,"curve":0.25,"c3":0.75},{"time":2.8667,"angle":1.98,"curve":0.25,"c3":0.75},{"time":3.2,"angle":1.48}],"translate":[{"curve":"stepped"},{"time":0.2333,"curve":"stepped"},{"time":0.9333,"curve":"stepped"},{"time":1.1,"curve":"stepped"},{"time":1.4333,"curve":"stepped"},{"time":2}],"scale":[{"curve":"stepped"},{"time":0.2333,"curve":"stepped"},{"time":0.9333,"curve":"stepped"},{"time":1.1,"curve":"stepped"},{"time":1.4333,"curve":"stepped"},{"time":2}]},"bone18":{"rotate":[{"curve":0.25,"c3":0.75},{"time":0.2333,"angle":-0.54,"curve":0.25,"c3":0.75},{"time":0.5667,"angle":0.92,"curve":0.25,"c3":0.75},{"time":0.9333,"angle":0.57,"curve":"stepped"},{"time":1.1,"angle":0.57},{"time":1.4333,"angle":0.04},{"time":1.7333,"angle":1.88},{"time":2,"angle":2.12,"curve":0.25,"c3":0.75},{"time":2.4333,"angle":1.29,"curve":0.25,"c3":0.75},{"time":2.8667,"angle":1.98,"curve":0.25,"c3":0.75},{"time":3.2,"angle":1.48}],"translate":[{"curve":"stepped"},{"time":0.2333,"curve":"stepped"},{"time":0.9333,"curve":"stepped"},{"time":1.1,"curve":"stepped"},{"time":1.4333,"curve":"stepped"},{"time":2}],"scale":[{"curve":"stepped"},{"time":0.2333,"curve":"stepped"},{"time":0.9333,"curve":"stepped"},{"time":1.1,"curve":"stepped"},{"time":1.4333,"curve":"stepped"},{"time":2}]},"bone19":{"rotate":[{"curve":0.25,"c3":0.75},{"time":0.2333,"angle":-0.54,"curve":0.25,"c3":0.75},{"time":0.5667,"angle":0.92,"curve":0.25,"c3":0.75},{"time":0.9333,"angle":0.57,"curve":"stepped"},{"time":1.1,"angle":0.57},{"time":1.4333,"angle":0.04},{"time":1.7333,"angle":1.88},{"time":2,"angle":2.12,"curve":0.25,"c3":0.75},{"time":2.4333,"angle":1.29,"curve":0.25,"c3":0.75},{"time":2.8667,"angle":1.98,"curve":0.25,"c3":0.75},{"time":3.2,"angle":1.48}],"translate":[{"curve":"stepped"},{"time":0.2333,"curve":"stepped"},{"time":0.9333,"curve":"stepped"},{"time":1.1,"curve":"stepped"},{"time":1.4333,"curve":"stepped"},{"time":2}],"scale":[{"curve":"stepped"},{"time":0.2333,"curve":"stepped"},{"time":0.9333,"curve":"stepped"},{"time":1.1,"curve":"stepped"},{"time":1.4333,"curve":"stepped"},{"time":2}]},"bone20":{"rotate":[{"curve":0.25,"c3":0.75},{"time":0.2667,"angle":-0.54,"curve":0.25,"c3":0.75},{"time":0.6,"angle":0.92,"curve":0.25,"c3":0.75},{"time":0.9667,"angle":0.57,"curve":"stepped"},{"time":1.1333,"angle":0.57},{"time":1.4667,"angle":0.04},{"time":1.7667,"angle":1.88},{"time":2.0333,"angle":2.12,"curve":0.25,"c3":0.75},{"time":2.4667,"angle":1.29,"curve":0.25,"c3":0.75},{"time":2.9,"angle":1.98,"curve":0.25,"c3":0.75},{"time":3.2333,"angle":1.48}],"translate":[{"curve":"stepped"},{"time":0.2667,"curve":"stepped"},{"time":0.9667,"curve":"stepped"},{"time":1.1333,"curve":"stepped"},{"time":1.4667,"curve":"stepped"},{"time":2.0333}],"scale":[{"curve":"stepped"},{"time":0.2333,"curve":"stepped"},{"time":0.9333,"curve":"stepped"},{"time":1.1,"curve":"stepped"},{"time":1.4333,"curve":"stepped"},{"time":2}]},"bone21":{"rotate":[{"curve":0.25,"c3":0.75},{"time":0.3,"angle":-0.54,"curve":0.25,"c3":0.75},{"time":0.6333,"angle":0.92,"curve":0.25,"c3":0.75},{"time":1,"angle":0.57,"curve":"stepped"},{"time":1.1667,"angle":0.57},{"time":1.5,"angle":0.04},{"time":1.8,"angle":1.88},{"time":2.0667,"angle":2.12,"curve":0.25,"c3":0.75},{"time":2.5,"angle":1.29,"curve":0.25,"c3":0.75},{"time":2.9333,"angle":1.98,"curve":0.25,"c3":0.75},{"time":3.2667,"angle":1.48}],"translate":[{"curve":"stepped"},{"time":0.2333,"curve":"stepped"},{"time":0.9333,"curve":"stepped"},{"time":1.1,"curve":"stepped"},{"time":1.4333,"curve":"stepped"},{"time":2}],"scale":[{"curve":"stepped"},{"time":0.2333,"curve":"stepped"},{"time":0.9333,"curve":"stepped"},{"time":1.1,"curve":"stepped"},{"time":1.4333,"curve":"stepped"},{"time":2}]},"bone12":{"rotate":[{"curve":0.25,"c3":0.75},{"time":0.2333,"angle":-0.54,"curve":0.25,"c3":0.75},{"time":0.5667,"angle":0.45,"curve":0.25,"c3":0.75},{"time":0.9333,"angle":0.17,"curve":"stepped"},{"time":1.1,"angle":0.17},{"time":1.4333,"angle":-0.54},{"time":1.7333,"angle":0.27},{"time":2,"angle":0.44,"curve":0.25,"c3":0.75},{"time":2.4333,"angle":-0.84,"curve":0.25,"c3":0.75},{"time":2.8667,"angle":-0.41,"curve":0.25,"c3":0.75},{"time":3.2,"angle":-1.12}],"translate":[{"curve":"stepped"},{"time":0.2333,"curve":"stepped"},{"time":0.9333,"curve":"stepped"},{"time":1.1,"curve":"stepped"},{"time":1.4333,"curve":"stepped"},{"time":2}],"scale":[{"curve":"stepped"},{"time":0.2333,"curve":"stepped"},{"time":0.9333,"curve":"stepped"},{"time":1.1,"curve":"stepped"},{"time":1.4333,"curve":"stepped"},{"time":2}]},"bone13":{"rotate":[{"curve":0.25,"c3":0.75},{"time":0.2667,"angle":-0.54,"curve":0.25,"c3":0.75},{"time":0.6,"angle":0.45,"curve":0.25,"c3":0.75},{"time":0.9667,"angle":0.17,"curve":"stepped"},{"time":1.1333,"angle":0.17},{"time":1.4667,"angle":-0.54},{"time":1.7667,"angle":0.27},{"time":2.0333,"angle":0.44,"curve":0.25,"c3":0.75},{"time":2.4667,"angle":-0.84,"curve":0.25,"c3":0.75},{"time":2.9,"angle":-0.41,"curve":0.25,"c3":0.75},{"time":3.2333,"angle":-1.12}],"translate":[{"curve":"stepped"},{"time":0.2333,"curve":"stepped"},{"time":0.9333,"curve":"stepped"},{"time":1.1,"curve":"stepped"},{"time":1.4333,"curve":"stepped"},{"time":2}],"scale":[{"curve":"stepped"},{"time":0.2333,"curve":"stepped"},{"time":0.9333,"curve":"stepped"},{"time":1.1,"curve":"stepped"},{"time":1.4333,"curve":"stepped"},{"time":2}]},"bone14":{"rotate":[{"curve":0.25,"c3":0.75},{"time":0.3,"angle":-0.54,"curve":0.25,"c3":0.75},{"time":0.6333,"angle":0.45,"curve":0.25,"c3":0.75},{"time":1,"angle":0.17,"curve":"stepped"},{"time":1.1667,"angle":0.17},{"time":1.5,"angle":-0.54},{"time":1.8,"angle":0.27},{"time":2.0667,"angle":0.44,"curve":0.25,"c3":0.75},{"time":2.5,"angle":-3.69,"curve":0.25,"c3":0.75},{"time":2.9333,"angle":-0.41,"curve":0.25,"c3":0.75},{"time":3.2667,"angle":-1.12}],"translate":[{"curve":"stepped"},{"time":0.2333,"curve":"stepped"},{"time":0.9333,"curve":"stepped"},{"time":1.1,"curve":"stepped"},{"time":1.4333,"curve":"stepped"},{"time":2}],"scale":[{"curve":"stepped"},{"time":0.2333,"curve":"stepped"},{"time":0.9333,"curve":"stepped"},{"time":1.1,"curve":"stepped"},{"time":1.4333,"curve":"stepped"},{"time":2}]},"bone15":{"rotate":[{"curve":0.25,"c3":0.75},{"time":0.3333,"angle":-0.54,"curve":0.25,"c3":0.75},{"time":0.6667,"angle":0.45,"curve":0.25,"c3":0.75},{"time":1.0333,"angle":0.17,"curve":"stepped"},{"time":1.2,"angle":0.17},{"time":1.5333,"angle":-0.54},{"time":1.8333,"angle":0.27},{"time":2.1,"angle":0.44,"curve":0.25,"c3":0.75},{"time":2.5333,"angle":-3.82,"curve":0.25,"c3":0.75},{"time":2.9667,"angle":-0.41,"curve":0.25,"c3":0.75},{"time":3.3,"angle":-1.12}],"translate":[{"curve":"stepped"},{"time":0.2333,"curve":"stepped"},{"time":0.9333,"curve":"stepped"},{"time":1.1,"curve":"stepped"},{"time":1.4333,"curve":"stepped"},{"time":2}],"scale":[{"curve":"stepped"},{"time":0.2333,"curve":"stepped"},{"time":0.9333,"curve":"stepped"},{"time":1.1,"curve":"stepped"},{"time":1.4333,"curve":"stepped"},{"time":2}]},"R_Eyebrow":{"rotate":[{"curve":0.25,"c3":0.75},{"time":0.2333,"angle":1.17,"curve":0.25,"c3":0.75},{"time":0.5667,"angle":-1.01,"curve":"stepped"},{"time":0.9333,"angle":-1.01,"curve":"stepped"},{"time":1.1,"angle":-1.01,"curve":"stepped"},{"time":1.4333,"angle":-1.01},{"time":1.7333,"angle":-6.85},{"time":2,"angle":-1.01,"curve":"stepped"},{"time":2.8333,"angle":-1.01,"curve":0.25,"c3":0.75},{"time":3.1333,"angle":-5.3}],"translate":[{"curve":"stepped"},{"time":0.2333,"curve":"stepped"},{"time":0.9333,"curve":"stepped"},{"time":1.1,"curve":"stepped"},{"time":1.4333,"curve":"stepped"},{"time":2}],"scale":[{"curve":"stepped"},{"time":0.2333,"curve":"stepped"},{"time":0.9333,"curve":"stepped"},{"time":1.1,"curve":"stepped"},{"time":1.4333,"curve":"stepped"},{"time":2}]},"L_Eyebrow":{"rotate":[{"curve":0.25,"c3":0.75},{"time":0.2333,"angle":-0.61,"curve":0.25,"c3":0.75},{"time":0.5667,"angle":1.4,"curve":"stepped"},{"time":0.9333,"angle":1.4,"curve":"stepped"},{"time":1.1,"angle":1.4,"curve":"stepped"},{"time":1.4333,"angle":1.4},{"time":1.7333,"angle":9.03},{"time":2,"angle":1.4,"curve":"stepped"},{"time":2.8333,"angle":1.4,"curve":0.25,"c3":0.75},{"time":3.1333,"angle":5.62}],"translate":[{"curve":"stepped"},{"time":0.2333,"curve":"stepped"},{"time":0.9333,"curve":"stepped"},{"time":1.1,"curve":"stepped"},{"time":1.4333,"curve":"stepped"},{"time":2}],"scale":[{"curve":"stepped"},{"time":0.2333,"curve":"stepped"},{"time":0.9333,"curve":"stepped"},{"time":1.1,"curve":"stepped"},{"time":1.4333,"curve":"stepped"},{"time":2}]},"L_Hair":{"rotate":[{"curve":"stepped"},{"time":0.2333,"curve":"stepped"},{"time":0.9333,"curve":"stepped"},{"time":1.1,"curve":"stepped"},{"time":1.4333,"curve":"stepped"},{"time":2}],"translate":[{"curve":"stepped"},{"time":0.2333,"curve":"stepped"},{"time":0.9333,"curve":"stepped"},{"time":1.1,"curve":"stepped"},{"time":1.4333,"curve":"stepped"},{"time":2}],"scale":[{"curve":"stepped"},{"time":0.2333,"curve":"stepped"},{"time":0.9333,"curve":"stepped"},{"time":1.1,"curve":"stepped"},{"time":1.4333,"curve":"stepped"},{"time":2}]},"bone11":{"rotate":[{"curve":"stepped"},{"time":0.2333,"curve":"stepped"},{"time":0.9333,"curve":"stepped"},{"time":1.1,"curve":"stepped"},{"time":1.4333,"curve":"stepped"},{"time":2,"curve":0.25,"c3":0.75},{"time":2.4333,"angle":-1.28,"curve":0.25,"c3":0.75},{"time":2.8667,"angle":-0.85,"curve":0.25,"c3":0.75},{"time":3.2,"angle":-1.56}],"translate":[{"curve":"stepped"},{"time":0.2333,"curve":"stepped"},{"time":0.9333,"curve":"stepped"},{"time":1.1,"curve":"stepped"},{"time":1.4333,"curve":"stepped"},{"time":2}],"scale":[{"curve":"stepped"},{"time":0.2333,"curve":"stepped"},{"time":0.9333,"curve":"stepped"},{"time":1.1,"curve":"stepped"},{"time":1.4333,"curve":"stepped"},{"time":2}]},"L_Hair1":{"rotate":[{"curve":"stepped"},{"time":0.2333,"curve":"stepped"},{"time":0.9333,"curve":"stepped"},{"time":1.1,"curve":"stepped"},{"time":1.4333,"curve":"stepped"},{"time":2}],"translate":[{"curve":"stepped"},{"time":0.2333,"curve":"stepped"},{"time":0.9333,"curve":"stepped"},{"time":1.1,"curve":"stepped"},{"time":1.4333,"curve":"stepped"},{"time":2}],"scale":[{"curve":"stepped"},{"time":0.2333,"curve":"stepped"},{"time":0.9333,"curve":"stepped"},{"time":1.1,"curve":"stepped"},{"time":1.4333,"curve":"stepped"},{"time":2}]},"R_Hair":{"rotate":[{"curve":"stepped"},{"time":0.2333,"curve":"stepped"},{"time":0.9333,"curve":"stepped"},{"time":1.1,"curve":"stepped"},{"time":1.4333,"curve":"stepped"},{"time":2}],"translate":[{"curve":"stepped"},{"time":0.2333,"curve":"stepped"},{"time":0.9333,"curve":"stepped"},{"time":1.1,"curve":"stepped"},{"time":1.4333,"curve":"stepped"},{"time":2}],"scale":[{"curve":"stepped"},{"time":0.2333,"curve":"stepped"},{"time":0.9333,"curve":"stepped"},{"time":1.1,"curve":"stepped"},{"time":1.4333,"curve":"stepped"},{"time":2}]},"R_Hair2":{"rotate":[{"curve":"stepped"},{"time":0.2333,"curve":"stepped"},{"time":0.9333,"curve":"stepped"},{"time":1.1,"curve":"stepped"},{"time":1.4333,"curve":"stepped"},{"time":2}],"translate":[{"curve":"stepped"},{"time":0.2333,"curve":"stepped"},{"time":0.9333,"curve":"stepped"},{"time":1.1,"curve":"stepped"},{"time":1.4333,"curve":"stepped"},{"time":2}],"scale":[{"curve":"stepped"},{"time":0.2333,"curve":"stepped"},{"time":0.9333,"curve":"stepped"},{"time":1.1,"curve":"stepped"},{"time":1.4333,"curve":"stepped"},{"time":2}]},"R_Hair1":{"rotate":[{"curve":"stepped"},{"time":0.2333,"curve":"stepped"},{"time":0.9333,"curve":"stepped"},{"time":1.1,"curve":"stepped"},{"time":1.4333,"curve":"stepped"},{"time":2}],"translate":[{"curve":"stepped"},{"time":0.2333,"curve":"stepped"},{"time":0.9333,"curve":"stepped"},{"time":1.1,"curve":"stepped"},{"time":1.4333,"curve":"stepped"},{"time":2}],"scale":[{"curve":"stepped"},{"time":0.2333,"curve":"stepped"},{"time":0.9333,"curve":"stepped"},{"time":1.1,"curve":"stepped"},{"time":1.4333,"curve":"stepped"},{"time":2}]},"Ear":{"rotate":[{"curve":"stepped"},{"time":0.2333,"curve":"stepped"},{"time":0.9333,"curve":"stepped"},{"time":1.1,"curve":"stepped"},{"time":1.4333,"curve":"stepped"},{"time":2}],"translate":[{"curve":"stepped"},{"time":0.2333,"curve":"stepped"},{"time":0.9333,"curve":"stepped"},{"time":1.1,"curve":"stepped"},{"time":1.4333,"curve":"stepped"},{"time":2}],"scale":[{"curve":"stepped"},{"time":0.2333,"curve":"stepped"},{"time":0.9333,"curve":"stepped"},{"time":1.1,"curve":"stepped"},{"time":1.4333,"curve":"stepped"},{"time":2}]},"All2":{"rotate":[{"curve":"stepped"},{"time":0.2333,"curve":"stepped"},{"time":0.9333,"curve":"stepped"},{"time":1.1,"curve":"stepped"},{"time":1.4333}],"translate":[{"curve":0.252,"c3":0.622,"c4":0.49},{"time":0.2667,"x":1.19,"y":-1.19,"curve":0.372,"c2":0.48,"c3":0.752},{"time":0.5667,"curve":"stepped"},{"time":0.9333,"curve":"stepped"},{"time":1.1,"curve":"stepped"},{"time":1.4333},{"time":1.7333,"y":4.86},{"time":2,"x":-0.63,"y":4.86,"curve":0.25,"c3":0.75},{"time":2.4333,"x":-6.97,"y":15,"curve":0.25,"c3":0.75},{"time":2.8,"x":-6.97,"y":12.1,"curve":0.25,"c3":0.75},{"time":3.2,"x":-6.97,"y":14.28}],"scale":[{"curve":"stepped"},{"time":0.2333,"curve":"stepped"},{"time":0.9333,"curve":"stepped"},{"time":1.1,"curve":"stepped"},{"time":1.4333}]}},"deform":{"default":{"arm_1":{"arm_1":[{"time":2},{"time":2.4333,"offset":2,"vertices":[53.77222,-13.3938,211.49805,-32.01416,211.49805,-32.01416]}]},"body":{"body":[{"time":2,"curve":0.25,"c3":0.75},{"time":2.4333,"offset":2,"vertices":[-115.4126,-12.93726]}]}}}}}},[0]]],0,0,[0],[-1],[0]]