[1,0,0,[["cc.JsonAsset",["_name","json"],1]],[[0,0,1,3]],[[0,"task_2",[{"data":{"EN":{"title":"Mystery Manor Lab","task":"Discover abandoned Laboratory"},"JA":{"title":"ミステリーマナーラボ","task":"放棄された研究室を発見する"},"ID":{"title":"Lab Misteri Manor","task":"Temukan Laboratorium yang ditinggalkan"},"DE":{"title":"Mystery Manor Lab","task":"Entdecken Sie ein verlassenes Labor"}}},{"data":{"EN":{"title":"Mystery Manor Lab","task":"Encounter werewolf"},"JA":{"title":"ミステリーマナーラボ","task":"狼男との遭遇"},"ID":{"title":"Lab Misteri Manor","task":"Bertemu dengan manusia serigala"},"DE":{"title":"Mystery Manor Lab","task":"Begegnung mit einem Werwolf"}}},{"data":{"EN":{"title":"Mystery Manor Lab","task":"Search werewolf's information"},"JA":{"title":"ミステリーマナーラボ","task":"人狼の情報を調べる"},"ID":{"title":"Lab Misteri Manor","task":"Cari informasi manusia serigala"},"DE":{"title":"Mystery Manor Lab","task":"Durchsuchen Sie die Informationen zum Werwolf"}}},{"data":{"EN":{"title":"Mystery Manor Lab","task":"Open experiment documents"},"JA":{"title":"ミステリーマナーラボ","task":"実験ドキュメントを開く"},"ID":{"title":"Lab Misteri Manor","task":"Buka dokumen eksperimen"},"DE":{"title":"Mystery Manor Lab","task":"Experimentdokumente öffnen"}}},{"data":{"EN":{"title":"Mystery Manor Lab","task":"Is Elizabeth the victim or the culprit behind the matter?"},"JA":{"title":"ミステリーマナーラボ","task":"エリザベスは被害者なのか、それとも事件の犯人なのか？"},"ID":{"title":"Lab Misteri Manor","task":"Apakah Elizabeth korban atau pelaku di balik masalah ini?"},"DE":{"title":"Mystery Manor Lab","task":"Ist Elizabeth das Opfer oder die Schuldige hinter der Angelegenheit?"}}},{"data":{"EN":{"title":"Mystery Manor Lab","task":"Sin of human experiment"},"JA":{"title":"ミステリーマナーラボ","task":"人体実験の罪"},"ID":{"title":"Lab Misteri Manor","task":"Dosa eksperimen manusia"},"DE":{"title":"Mystery Manor Lab","task":"Sünde des menschlichen Experiments"}}}]]],0,0,[],[],[]]