[1,["ecpdLyjvZBwrvm+cedCcQy","79wmTKNBtM95ripqaCYMLx","a2MjXRFdtLlYQ5ouAFv/+R","20yvbr5MFOFYQPaslUVg0k","65T7v2XzxLAYvVQV057Fuk"],["node","_spriteFrame","_textureSetter","root","data","_N$file"],[["cc.Node",["_name","_opacity","_prefab","_parent","_components","_contentSize","_children","_color","_trs"],1,4,1,9,5,2,5,7],["cc.PrefabInfo",["fileId","root"],2,1],"cc.SpriteFrame",["cc.Prefab",["_name"],2],["cc.Sprite",["_sizeMode","node","_materials","_spriteFrame"],2,1,3,6],["cc.BlockInputEvents",["node"],3,1],["cc.Widget",["_alignFlags","_left","_right","_top","_bottom","_originalWidth","_originalHeight","node"],-4,1],["cc.Label",["_string","_lineHeight","_isSystemFontUsed","_N$horizontalAlign","_N$verticalAlign","node","_materials","_N$file"],-2,1,3,6]],[[1,0,1,2],[0,0,3,4,2,5,8,2],[4,0,1,2,3,2],[3,0,2],[0,0,6,2,2],[0,0,1,3,4,2,7,5,3],[1,1,1],[5,0,1],[6,0,1,2,3,4,5,6,7,8],[7,0,1,2,3,4,5,6,7,6]],[[[{"name":"RotatePhone","rect":[0,2,448,350],"offset":[0,-1],"originalSize":[448,352],"capInsets":[0,0,0,0]}],[2],0,[0],[2],[1]],[[[3,"RotatePhone"],[4,"RotatePhone",[-2,-3,-4],[6,-1]],[5,"bg",230,1,[[2,0,-5,[0],1],[7,-6],[8,13,-1500,-1500,-1500,-1500,3000,3000,-7]],[0,"72p1TK3Z9Mzbr58ai5aXm2",1],[4,4278190080],[5,3000,3000]],[1,"Logo",1,[[2,0,-8,[2],3]],[0,"e1gLiR8ytHLapACRhRWOG2",1],[5,284,223],[0,68,0,0,0,0,1,1,1,1]],[1,"New Label",1,[[9,"Please turn your device",60,false,1,1,-9,[4],5]],[0,"31Hk6Oc11OqKPWm3spCK8G",1],[5,397.96,75.6],[0,-113.433,0,0,0,0,1,1,1,1]]],0,[0,3,1,0,-1,2,0,-2,3,0,-3,4,0,0,2,0,0,2,0,0,2,0,0,3,0,0,4,0,4,1,9],[0,0,0,0,0,0],[-1,1,-1,1,-1,5],[0,2,0,3,0,4]]]]