[1,["90gKjUBVFBIZMNK2fNMPNO","40axzzAkdK5ZAosTiqpc/y","3bwdVVMa9HvoSs8r84LpWE","e81OSeaLxMNIWJkhTVOEMU","e7gn15g3dM8bhyCMNz1I5s"],["_textureSetter"],["cc.SpriteFrame"],0,[[[{"name":"win_icon_chest","rect":[0,0,97,85],"offset":[0,0],"originalSize":[97,85],"capInsets":[0,0,0,0]}],[0],0,[0],[0],[0]],[[{"name":"popup_gift_open_coin","rect":[0,0,73,75],"offset":[0,0],"originalSize":[73,75],"capInsets":[0,0,0,0]}],[0],0,[0],[0],[1]],[[{"name":"detective_board_bg_2","rect":[0,0,810,1440],"offset":[0,0],"originalSize":[810,1440],"capInsets":[0,0,0,0]}],[0],0,[0],[0],[2]],[[{"name":"task_progressbar_1","rect":[0,0,452,40],"offset":[0,0],"originalSize":[452,40],"capInsets":[0,0,0,0]}],[0],0,[0],[0],[3]],[[{"name":"task_progressbar_2","rect":[0,0,444,32],"offset":[0,0],"originalSize":[444,32],"capInsets":[0,0,0,0]}],[0],0,[0],[0],[4]]]]