[1,["ecpdLyjvZBwrvm+cedCcQy","65T7v2XzxLAYvVQV057Fuk","93V0CJy2JJB4jS1cpdtHxm","7c7ymjifVHTqcqHtxjNwKY","f5gVM/TRxOkZRNMBBmtvUZ","21Oox4lRNHUopx6ww9TU6r","e0n1kKnDdHdbv0H6QY7P9k","87uhRZYlFKJbZ8LmWsls96","a2MjXRFdtLlYQ5ouAFv/+R","27YhB1A2tMYJVlDFBBVUZ7","bf/A3exYBGuYEVd1gmSrlu","15uns0DhVEb4Jaa7uZUGmj","0eJhJPQ9xMW4V1CGyBUXHD","c7y/Wrbj5GALvCbZukLnLO","e4qrW1hXdOg4QvNhiec+R3","5aJVly7C1LnJa8jFFXnCfR","3e2G03w4NCvrkc1Yaxupgo","805I9TM9pE75+V9j2xbEOs","c7JThxat5PF7cH2sBqsb/j","6fuir5uNFAdZaCnVL1qR9a","dbYr+6hBdF3bIVjn0N/dLr","b9OCB+UlpEBKGMgzejZ/Sz","6eNQEJBQhCv7UPRcptJb7A","8axBOJ0ctLU6GvSlbQqgIY","09CSu1rz5Anr7fESSoM0VJ","56k/8Vz1JJPLBjicxd+cYO","e7+53Nm+5HWIzyXgaaGn5k","f0qO0u/LhPHpKIt9OuFNUQ","4bnktOAk9IKIQM32yZFLKw","69udTZCXBGdJUveP0WtcqD","38oiKrfpVI9qqTDiCrWiiM","40pihhG3FM875Zb0geGNg+","f4VNjg9plH1b8FRsf4xJNY","9akHsQoB9EjIcuddyo+OYs","31upLh6VNEsZObFvXY/QJP","17sFZtQy9F9rujtrW05MDX","2fI75GUuxHlaZZo9gOlH4j","bbjn3P6SVDr4tkUyfviaWQ","0ap6bH+R9IMYQ7Q3EAU0bO"],["node","_spriteFrame","_N$file","_textureSetter","root","_parent","flash","_content","coinLabel","data","claim_btn","model","content"],["cc.SpriteFrame",["cc.Node",["_name","_active","_opacity","_prefab","_parent","_components","_contentSize","_trs","_children","_color","_anchorPoint"],0,4,1,9,5,7,2,5,5],["cc.Label",["_string","_isSystemFontUsed","_N$horizontalAlign","_N$verticalAlign","_fontSize","_N$overflow","_lineHeight","_enableWrapText","_materials","node","_N$file"],-5,3,1,6],["cc.Node",["_name","_opacity","_active","_components","_prefab","_contentSize","_trs","_parent","_children","_color","_eulerAngles"],0,2,4,5,7,1,2,5,5],["cc.Sprite",["_sizeMode","_type","node","_materials","_spriteFrame"],1,1,3,6],["cc.Node",["_name","_components","_prefab","_contentSize","_parent","_trs","_color","_children"],2,12,4,5,1,7,5,2],["cc.Widget",["_alignFlags","_top","_originalWidth","_originalHeight","_right","_bottom","node"],-3,1],["LabelOptions",["bold","off_font","size","height"],-1],["cc.Button",["_N$transition","zoomScale","node","clickEvents"],1,1,9],["cc.Layout",["_resize","_N$layoutType","_N$spacingX","_N$spacingY","_N$paddingLeft","_N$paddingRight","_N$verticalDirection","_N$affectedByScale","node","_layoutSize"],-5,1,5],["cc.PrefabInfo",["fileId","root"],2,1],["cc.ParticleSystem",["_custom","totalParticles","emissionRate","life","angle","angleVar","startSize","_positionType","speed","speedVar","tangentialAccel","lifeVar","startSizeVar","emitterMode","startRadius","endRadius","endRadiusVar","endSize","node","_materials","_startColor","_startColorVar","_endColor","_endColorVar","_spriteFrame"],-15,1,3,8,8,8,8,6],["AIOLabelLanguageOption",["_key","_name","base","_target","option"],1,4,1,4],["FOpacityHelper",["duration","byto","value"],0],["cc.Prefab",["_name","optimizationPolicy"],1],["f3bac20r4dHqpcPTVdAtd8H",["node","flash","_content","dailyButton"],3,1,1,1,2],["cc.BlockInputEvents",["node"],3,1],["def57j8iv5L9Z5pfmT80yzl",[],3],["cc.LabelOutline",["_width","node","_color"],2,1,5],["cc.ClickEvent",["_componentId","handler","target"],1,1],["5d36ebViqhIBLi21qfwydPG",["node","coinLabel"],3,1,1],["44b348RxClInoxB1/DHCu4r",["_key","node","_option"],2,1,9],["AIOLanguageOptionHelper",[],3],["d3429uhkxRPfZN18yZ8VeZ4",["executeMode","loopTime","node","options"],1,1,9],["FRotationOptions",["duration","option"],2,4],["FRotationSingle",["_data"],2],["8bc5eOwdfJBhrxOBh6pVzfA",["executeMode","loopTime","node","options"],1,1,9],["b047d4AbchKmLptDu1oSCaf",["executeMode","loopTime","node","options"],1,1,9],["FScalerHelper",["byto","duration","option"],1,4],["FScalerSingleOptions",["_data"],2],["7df49ybAtNNkrPSR+NIQ5fB",["node","reward_root","reward","common_coin","secret_pin","light","day","claim_today","claimed","normal_claim_button","x5_claim_button","random"],3,1,1,1,1,1,1,4,1,1,1,1,1],["DailyLabelButtonSupport",["_target","_renderer"],3,1,1]],[[10,0,1,2],[4,0,2,3,4,2],[22,1],[3,0,7,3,4,5,6,2],[5,0,4,1,2,6,3,5,2],[4,2,3,1],[4,2,3,4,1],[12,1,0,2,3,4,3],[1,0,4,8,3,2],[1,0,1,4,5,3,6,7,3],[1,0,4,5,3,6,2],[3,0,2,7,3,4,5,6,3],[6,0,1,6,3],[6,0,5,6,3],[4,0,2,3,2],[2,0,4,6,1,2,3,9,8,7],[30,0,1,2,3,4,5,6,7,8,9,10,11,1],[31,0,1,1],[1,0,1,4,5,3,6,3],[3,0,1,8,3,4,9,5,6,3],[2,0,4,1,2,3,5,9,8,7],[18,0,1,2,2],[7,1],[7,2,3,3],[1,0,4,5,3,6,7,2],[5,0,4,1,2,3,5,2],[16,0,1],[21,0,1,2,2],[12,0,2,3,4,2],[5,0,4,7,1,2,3,5,2],[1,0,8,5,3,6,7,2],[1,0,4,8,3,7,2],[1,0,4,8,5,3,6,7,2],[1,0,2,4,5,3,9,6,7,3],[1,0,2,4,5,3,9,6,3],[8,0,2],[4,1,0,2,3,4,3],[2,0,4,6,7,1,2,3,5,8,9],[11,0,1,2,3,11,4,5,6,12,7,13,8,9,10,14,15,16,18,19,20,21,22,23,24,18],[19,0,1,2,3],[7,0,1,3],[7,2,3,0,1,5],[13,1,2,0,4],[28,0,1,2,3],[29,0,2],[14,0,1,3],[1,0,1,4,8,5,3,6,10,7,3],[1,0,4,8,5,3,2],[1,0,4,5,3,2],[3,0,7,8,3,4,9,5,6,2],[3,0,7,8,3,4,2],[3,0,7,3,4,5,6,10,2],[5,0,1,2,6,3,2],[15,0,1,2,3,1],[6,0,2,3,6,4],[6,0,4,1,6,4],[10,1,1],[8,1,0,2,3,3],[8,0,2,3,2],[9,0,1,2,3,8,9,5],[9,0,1,4,5,8,9,5],[9,0,1,2,6,7,8,9,6],[17,1],[4,1,0,2,3,3],[2,0,7,1,2,3,5,8,7],[2,0,1,2,3,5,8,6],[2,0,1,2,3,9,8,10,5],[2,0,4,1,9,8,4],[2,0,4,6,7,1,2,3,5,9,8,9],[11,0,1,2,3,4,5,6,17,7,8,9,10,18,19,20,21,22,23,24,13],[20,0,1,1],[23,0,1,2,3,3],[24,0,1,2],[25,0,2],[26,0,1,2,3,3],[13,0,2],[27,0,1,2,3,3]],[[[{"name":"Common_Coin","rect":[1,1,95,98],"offset":[0,0],"originalSize":[97,100],"capInsets":[0,0,0,0]}],[0],0,[0],[3],[10]],[[{"name":"daily_light_day7","rect":[13,15,295,338],"offset":[-2,2.5],"originalSize":[325,373],"capInsets":[0,0,0,0]}],[0],0,[0],[3],[11]],[[{"name":"daily_popup_day16_1","rect":[0,0,270,271],"offset":[0,0],"originalSize":[270,271],"capInsets":[0,0,0,0]}],[0],0,[0],[3],[12]],[[{"name":"Commom_money-bar","rect":[0,0,285,88],"offset":[0,0],"originalSize":[285,88],"capInsets":[0,0,0,0]}],[0],0,[0],[3],[13]],[[{"name":"daily_button_claimx2","rect":[0,0,360,147],"offset":[0,0],"originalSize":[360,147],"capInsets":[0,0,0,0]}],[0],0,[0],[3],[14]],[[{"name":"daily_icon_coin_1","rect":[0,0,88,86],"offset":[0,0],"originalSize":[88,86],"capInsets":[0,0,0,0]}],[0],0,[0],[3],[15]],[[{"name":"daily_popup_1","rect":[0,0,475,738],"offset":[0,0],"originalSize":[475,738],"capInsets":[0,0,0,0]}],[0],0,[0],[3],[16]],[[{"name":"daily_icon_popup_done","rect":[0,0,116,116],"offset":[0,0],"originalSize":[116,116],"capInsets":[0,0,0,0]}],[0],0,[0],[3],[17]],[[{"name":"daily_popup_day7_2","rect":[0,0,836,279],"offset":[0,0],"originalSize":[836,279],"capInsets":[0,0,0,0]}],[0],0,[0],[3],[18]],[[{"name":"daily_button_claim","rect":[1,0,360,147],"offset":[0.5,0],"originalSize":[361,147],"capInsets":[0,0,0,0]}],[0],0,[0],[3],[19]],[[[45,"DailyPopup",1],[30,"Common_PopupMiddle_Bg",[-14,-15,-16],[[53,-11,-10,-9,[-2,-3,-4,-5,-6,-7,-8]],[54,45,720,1280,-12],[26,-13]],[56,-1],[5,800,1422.2222222222222],[360,640,0,0,0,0,1,0.9,0.9,1]],[19,"D1",208,[-19,-20,-21,-22,-23],[-18],[0,"0bohP8xFxAGa1SgZyE+X9z",-17],[4,4278190080],[5,180,180],[-195,97.5,0,0,0,0,1,1,1,1]],[19,"D2",208,[-26,-27,-28,-29,-30],[-25],[0,"38wY0StLlECaHdaWW7ElBz",-24],[4,4278190080],[5,180,180],[0,97.5,0,0,0,0,1,1,1,1]],[19,"D3",208,[-33,-34,-35,-36,-37],[-32],[0,"93rpBS4MRFh6AFsoaKPqHW",-31],[4,4278190080],[5,180,180],[195,97.5,0,0,0,0,1,1,1,1]],[19,"D4",208,[-40,-41,-42,-43,-44],[-39],[0,"f3yyUP5DlMT5ieVycZ+Tx1",-38],[4,4278190080],[5,180,180],[-195,-97.5,0,0,0,0,1,1,1,1]],[19,"D5",208,[-47,-48,-49,-50,-51],[-46],[0,"44FJZ99LZEA4429rXFabWe",-45],[4,4278190080],[5,180,180],[0,-97.5,0,0,0,0,1,1,1,1]],[19,"D6",208,[-54,-55,-56,-57,-58],[-53],[0,"3emIiNO7RH751/fi0H1U9k",-52],[4,4278190080],[5,180,180],[195,-97.5,0,0,0,0,1,1,1,1]],[35,1],[35,1],[30,"Prize",[2,3,4,5,6,7],[[59,1,3,15,15,-59,[5,570,375]]],[0,"5fRV6YZBNHMrmPfWs/pS/g",1],[5,570,375],[0,136.636,0,0,0,0,1,1,1,1]],[62],[8,"Content",1,[-60,-61,-62,10,-63],[0,"b94Ty9i1FO9YarDe/vsDpM",1]],[49,"DailyRewardButton 7",12,[-65,-66,-67,-68,-69],[-64],[0,"d8IdopDFpJ6ZA59qYFUGUy",1],[4,4278190080],[5,555.3,158.4],[0,-178.066,0,0,0,0,1,1,1,1]],[46,"bg_coin",false,12,[-73,-74],[[36,1,0,-70,[15],16],[55,33,17.5,34.75400000000002,-71],[60,1,1,-7.300000000000005,10,-72,[5,182,60]]],[0,"00UCAddvNLXaNw3x4FaRtt",1],[5,182,60],[0,1,0.5],[378.408,666.919,0,0,0,0,1,1,1,1]],[8,"Reward",2,[-75,-76,-77,-78],[0,"01mEc8JsRP17QJ765YrQj1",2]],[50,"RanDomPinPopup",1,[-79,-80],[11],[0,"10xIsf1MdGm5jjXjHwnve7",1]],[8,"Content",16,[-81,-82,-83,-84],[0,"316x2GsSlLFZEA5xQDOiGm",1]],[8,"Reward",3,[-85,-86,-87,-88],[0,"01mEc8JsRP17QJ765YrQj1",3]],[8,"Reward",4,[-89,-90,-91,-92],[0,"01mEc8JsRP17QJ765YrQj1",4]],[8,"Reward",5,[-93,-94,-95,-96],[0,"01mEc8JsRP17QJ765YrQj1",5]],[8,"Reward",6,[-97,-98,-99,-100],[0,"01mEc8JsRP17QJ765YrQj1",6]],[8,"Reward",7,[-101,-102,-103,-104],[0,"01mEc8JsRP17QJ765YrQj1",7]],[31,"Reward",13,[-105,-106,-107,-108],[0,"521YMrte5NT52iJ0dAk1hf",1],[0,1.16,0,0,0,0,1,1,1,1]],[32,"DaiLyBackground",12,[-111,-112],[[26,-109],[6,-110,[10],11]],[0,"17uFoi6pBPybdcbHUW2D1S",1],[5,475,738],[0,66.322,0,0,0,0,1,1.35,1.35,1.35]],[37,"Claim",52,52,false,false,1,1,2,[4]],[37,"Claim X5",52,52,false,false,1,1,2,[7]],[64,"Daily Reward",false,false,1,1,2,[17]],[8,"FX",17,[-113,-114,-115,-116],[0,"30MRdg7EdEiIUiiERtRLLW",1]],[47,"FX_HightLight",28,[-119],[[38,true,15,4,1.5,0.5,360,360,30,10,1,1,50,30,0,100,130,20,-118,[37],[4,4278252799],[4,0],[4,48127],[4,0],38]],[0,"0fUmj8OaxGC77btESnL+1V",-117]],[65,"Claim",false,1,1,2,[42]],[4,"Day",13,[[-120,[12,1,-8.016000000000005,-121],[21,2,-122,[4,4278255615]]],1,4,4],[0,"9au0yjgAZE1YOyQXDrAOsE",1],[4,4283322021],[5,83.24,60.7],[0,56.86600000000001,0,0,0,0,1,1,1,1]],[33,"Flash",150,1,[[1,0,-123,[0],1],[26,-124]],[0,"6eAANXL99KA7DHJEstVaqq",1],[4,4278190080],[5,800,1422.2222222222222],[0,0,0,0,0,0,1,5,5,1]],[24,"Commom_blue_btn",24,[[1,0,-125,[2],3],[57,1.1,3,-126,[[39,"f3bac20r4dHqpcPTVdAtd8H","close",1]]],[13,4,663.5450000000001,-127]],[0,"2fPUQ0vaRMD4LBQakx169B",1],[5,121,124],[201.178,331.74500000000006,0,0,0,0,1,0.6,0.6,0]],[32,"ButtonContainer",24,[-129,-130],[[61,1,1,15,0,true,-128,[5,388.33439999999996,76.22243999999999]]],[0,"dbuko+xHdEx4rV48WI1fNM",1],[5,388.33439999999996,76.22243999999999],[0,-306.166,0,0,0,0,1,1,1,1]],[29,"Button_Claim",34,[-132],[[[6,-131,[5],6],8],4,1],[0,"81nzgkNPpK8bteEIgRy3K6",1],[5,360,147],[-100.83359999999999,0,0,0,0,0,1,0.51852,0.51852,0.51852]],[29,"Button_Claim_X5",34,[-134],[[[6,-133,[8],9],9],4,1],[0,"59/zOkeZxCRLChYqIuc2Z/",1],[5,360,147],[100.83359999999999,0,0,0,0,0,1,0.51852,0.51852,0.51852]],[25,"label_coin",14,[[-135,[21,2,-136,[4,4278190080]],[70,-138,-137]],1,4,4],[0,"5bItjF1YhNs6dKOo8woIMq",1],[5,109.3,54.4],[-64.65,-4.917,0,0,0,0,1,1,1,1]],[52,"New Label",[[27,[21,2,-139,[4,4278190160]],[27,"daily_reward",-140,[[28,"daily_reward",[2],27,[22]],[7,"JA","daily_reward",[2],27,[40,true,true]],[7,"ID","daily_reward",[2],27,[22]],[7,"DE","daily_reward",[2],27,[22]]]]],1,4,4],[0,"b1tKWqreFO94mNktxfxhwQ",1],[4,4278250495],[5,290,54.4]],[4,"Day",2,[[-141,[12,1,-1.4979999999999976,-142]],1,4],[0,"1e37SZbz1IPKexOvZXvNZB",2],[4,4283322021],[5,145,50.4],[0,66.29799999999999,0,0,0,0,1,1,1,1]],[33,"FLASH",200,16,[[1,0,-143,[29],30],[26,-144]],[0,"1ec4EKbDxPOpUeK0OtTpDF",1],[4,4278190080],[5,800,1422.2222222222222],[0,0,0,0,0,0,1,5,5,5]],[34,"glow2",65,28,[[6,-145,[33],34],[71,2,0,-146,[[72,1,[73,45]]]],[74,2,0,-147,[[42,1,67,2],[42,1,200,3],[75,0.5]]]],[0,"bfrVmtXDJGj7/K9DReYgCI",1],[4,4278763519],[5,498,487]],[29,"CLAM_BTN",17,[-150],[[[6,-148,[43],44],-149],4,1],[0,"cb87M5ThpBgockjglCLMzl",1],[5,352,137],[0,-300,0,0,0,0,1,1,1,1]],[25,"TXT",42,[[30,[21,2,-151,[4,4278190080]],[27,"claim",-152,[[28,"claim",[2],30,[22]],[7,"JA","claim",[2],30,[40,true,true]],[7,"ID","claim",[2],30,[22]],[7,"DE","claim",[2],30,[22]]]]],1,4,4],[0,"fan8SnVRtIsYZxNoFAwwqC",1],[5,300,54.4],[0,6.282,0,0,0,0,1,1,1,1]],[4,"Day",3,[[-153,[12,1,-1.4979999999999976,-154]],1,4],[0,"1e37SZbz1IPKexOvZXvNZB",3],[4,4283322021],[5,145,50.4],[0,66.29799999999999,0,0,0,0,1,1,1,1]],[4,"Day",4,[[-155,[12,1,-1.4979999999999976,-156]],1,4],[0,"1e37SZbz1IPKexOvZXvNZB",4],[4,4283322021],[5,145,50.4],[0,66.29799999999999,0,0,0,0,1,1,1,1]],[4,"Day",5,[[-157,[12,1,-1.4979999999999976,-158]],1,4],[0,"1e37SZbz1IPKexOvZXvNZB",5],[4,4283322021],[5,145,50.4],[0,66.29799999999999,0,0,0,0,1,1,1,1]],[4,"Day",6,[[-159,[12,1,-1.4979999999999976,-160]],1,4],[0,"1e37SZbz1IPKexOvZXvNZB",6],[4,4283322021],[5,145,50.4],[0,66.29799999999999,0,0,0,0,1,1,1,1]],[4,"Day",7,[[-161,[12,1,-1.4979999999999976,-162]],1,4],[0,"1e37SZbz1IPKexOvZXvNZB",7],[4,4283322021],[5,145,50.4],[0,66.29799999999999,0,0,0,0,1,1,1,1]],[25,"Label",35,[[25,[27,"claim",-163,[[28,"claim",[2],25,[23,52,52]],[7,"JA","claim",[2],25,[41,52,52,true,true]],[7,"ID","claim",[2],25,[23,52,52]],[7,"DE","claim",[2],25,[23,52,52]]]]],1,4],[0,"42eoEwHqFLvJka5jcCAw5w",1],[5,270,65.52],[0,8.308,0,0,0,0,1,1,1,1]],[25,"Label",36,[[26,[27,"claim_x5",-164,[[28,"claim_x5",[2],26,[23,52,52]],[7,"JA","claim_x5",[2],26,[41,52,52,true,true]],[7,"ID","claim_x5",[2],26,[23,52,52]],[7,"DE","claim_x5",[2],26,[23,52,52]]]]],1,4],[0,"da2iwR0AVOFpZEWfbcYNz9",1],[5,270,65.52],[0,8.308,0,0,0,0,1,1,1,1]],[18,"Daily_Reward_Today",false,2,[[1,0,-165,[20],21]],[0,"434Zi6+PFEqIJkmXeZw5NO",2],[5,180,180]],[4,"RewardName",15,[[-166,[13,4,-83.053,-167]],1,4],[0,"d1j7cuv9BIILi1fdCUsx8y",2],[4,4279318683],[5,60.1,31.5],[0,-67.303,0,0,0,0,1,1,1,1]],[9,"Daily_Reward_Check",false,2,[[6,-168,[27],28]],[0,"79EcMgpfZK3pi2dr8J37xj",2],[5,116,116],[0,-16.789,0,0,0,0,1,0.75,0.75,1]],[34,"Glow_2_1",175,28,[[6,-169,[31],32],[76,2,0,-170,[[43,1,1,[44,1.05]],[43,1,1,[44,0.95]]]]],[0,"a7rXl73KpCebFjbV+XRhF1",1],[4,4278231525],[5,345,345]],[24,"NOTIFY",17,[[66,"YOU'VE GOT A NEW PIN",false,1,1,-171,[45],46],[21,2,-172,[4,4278190080]]],[0,"3ewhcmeY5EppEVlkf1JPia",1],[5,433.96,54.4],[0,300,0,0,0,0,1,1,1,1]],[18,"Daily_Reward_Today",false,3,[[1,0,-173,[49],50]],[0,"434Zi6+PFEqIJkmXeZw5NO",3],[5,180,180]],[4,"RewardName",18,[[-174,[13,4,-83.053,-175]],1,4],[0,"d1j7cuv9BIILi1fdCUsx8y",3],[4,4279318683],[5,60.1,31.5],[0,-67.303,0,0,0,0,1,1,1,1]],[9,"Daily_Reward_Check",false,3,[[6,-176,[56],57]],[0,"79EcMgpfZK3pi2dr8J37xj",3],[5,116,116],[0,-16.789,0,0,0,0,1,0.75,0.75,1]],[18,"Daily_Reward_Today",false,4,[[1,0,-177,[60],61]],[0,"434Zi6+PFEqIJkmXeZw5NO",4],[5,180,180]],[4,"RewardName",19,[[-178,[13,4,-83.053,-179]],1,4],[0,"d1j7cuv9BIILi1fdCUsx8y",4],[4,4279318683],[5,150,31.5],[0,-67.303,0,0,0,0,1,1,1,1]],[9,"Daily_Reward_Check",false,4,[[6,-180,[67],68]],[0,"79EcMgpfZK3pi2dr8J37xj",4],[5,116,116],[0,-16.789,0,0,0,0,1,0.75,0.75,1]],[18,"Daily_Reward_Today",false,5,[[1,0,-181,[71],72]],[0,"434Zi6+PFEqIJkmXeZw5NO",5],[5,180,180]],[4,"RewardName",20,[[-182,[13,4,-83.053,-183]],1,4],[0,"d1j7cuv9BIILi1fdCUsx8y",5],[4,4279318683],[5,60.1,31.5],[0,-67.303,0,0,0,0,1,1,1,1]],[9,"Daily_Reward_Check",false,5,[[6,-184,[78],79]],[0,"79EcMgpfZK3pi2dr8J37xj",5],[5,116,116],[0,-16.789,0,0,0,0,1,0.75,0.75,1]],[18,"Daily_Reward_Today",false,6,[[1,0,-185,[82],83]],[0,"434Zi6+PFEqIJkmXeZw5NO",6],[5,180,180]],[4,"RewardName",21,[[-186,[13,4,-83.053,-187]],1,4],[0,"d1j7cuv9BIILi1fdCUsx8y",6],[4,4279318683],[5,60.1,31.5],[0,-67.303,0,0,0,0,1,1,1,1]],[9,"Daily_Reward_Check",false,6,[[6,-188,[89],90]],[0,"79EcMgpfZK3pi2dr8J37xj",6],[5,116,116],[0,-16.789,0,0,0,0,1,0.75,0.75,1]],[18,"Daily_Reward_Today",false,7,[[1,0,-189,[93],94]],[0,"434Zi6+PFEqIJkmXeZw5NO",7],[5,180,180]],[4,"RewardName",22,[[-190,[13,4,-83.053,-191]],1,4],[0,"d1j7cuv9BIILi1fdCUsx8y",7],[4,4279318683],[5,60.1,31.5],[0,-67.303,0,0,0,0,1,1,1,1]],[9,"Daily_Reward_Check",false,7,[[6,-192,[100],101]],[0,"79EcMgpfZK3pi2dr8J37xj",7],[5,116,116],[0,-16.789,0,0,0,0,1,0.75,0.75,1]],[9,"Daily_Reward_Today",false,13,[[1,0,-193,[104],105]],[0,"11XKKI0T5KqoiqKpoS/0nM",1],[5,617,176],[0,0,0,0,0,0,1,0.9,0.9,1]],[4,"RewardName",23,[[-194,[21,1.5,-195,[4,4278255615]]],1,4],[0,"4a4LsWZetBobY9iBLkgaDN",1],[4,4279318683],[5,75.12,40.8],[0,-58.133,0,0,0,0,1,1,1,1]],[9,"Daily_Reward_Check",false,13,[[6,-196,[111],112]],[0,"2eXvDkib5A9L+Nl9pT14TQ",1],[5,116,116],[0,-22.835,0,0,0,0,1,0.75,0.75,0.75]],[24,"Common_Coin",14,[[1,0,-197,[12],13]],[0,"fbfyBpYhVLtKR+KLKCBXNn",1],[5,70,70],[-154.3,0,0,0,0,0,1,1,1,1]],[67,"100.00",33,false,37,[14]],[31,"Common_MiddlePopup_Title",12,[38],[0,"3dyNLIvXZM3bSb2p5xvyy1",1],[0.5,525.005,0,0,0,0,1,1,1,1]],[10,"Daily_Normal",2,[[1,0,-198,[18],19]],[0,"f9efvJ/7dOep2CrNaxuVXb",2],[5,180,180]],[11,"Daily_Light",false,15,[-199],[0,"56WVCJL/lG1LLNbfWG9NJG",2],[5,187,214],[4.368,0,0,0,0,0,1,1.25,1.25,1.25]],[5,78,[22]],[3,"Common_Coin",15,[-200],[0,"b3XHBSPMBDRZluuAOqO2Qd",2],[5,66,66],[0,-0.175,0,0,0,0,1,1,1,1]],[14,0,80,[23]],[3,"Secret_Pin",15,[-201],[0,"5dB4WjD/hGV5UfPdM0sOln",2],[5,210,74],[0,0,0,0,0,0,1,0.72,0.72,0.72]],[5,82,[24]],[15,"+500",25,25,false,1,1,52,[25]],[20,"Day 111111111111",30,false,1,1,2,39,[26]],[16,2,15,84,81,83,79,[17,39,85],51,53,8,9,11],[48,"Buble",29,[[38,true,15,5,1.5,0.5,360,360,20,10,1,1,50,30,0,100,130,20,-202,[35],[4,4278252799],[4,0],[4,48127],[4,0],36]],[0,"9fy7jaFlpHw6+kuTxQxAQv",29]],[10,"Bubble_02",28,[[69,true,5,1,2.5,0,0,0,400,1,0,0,0,-203,[39],[4,4278763519],[4,0],[4,573439],[4,0],40]],[0,"50ZcPGQhBJDIeWFRB9BHat",1],[5,175,172]],[51,"MODEL",17,[-204],[0,"27ovUoetFFcIhEfuauS5py",1],[5,175,47],[0,0,0,0,0,0.9238795325112867,0.38268343236508984,1,1,1],[1,0,0,135]],[63,2,0,89,[41]],[58,1,42,[[39,"def57j8iv5L9Z5pfmT80yzl","claim_BTN",16]]],[10,"Daily_Normal",3,[[1,0,-205,[47],48]],[0,"f9efvJ/7dOep2CrNaxuVXb",3],[5,180,180]],[11,"Daily_Light",false,18,[-206],[0,"56WVCJL/lG1LLNbfWG9NJG",3],[5,187,214],[4.368,0,0,0,0,0,1,1.25,1.25,1.25]],[5,93,[51]],[3,"Common_Coin",18,[-207],[0,"b3XHBSPMBDRZluuAOqO2Qd",3],[5,66,66],[0,-0.175,0,0,0,0,1,1,1,1]],[14,0,95,[52]],[3,"Secret_Pin",18,[-208],[0,"5dB4WjD/hGV5UfPdM0sOln",3],[5,210,74],[0,0,0,0,0,0,1,0.72,0.72,0.72]],[5,97,[53]],[15,"+500",25,25,false,1,1,57,[54]],[20,"Day 111111111111",30,false,1,1,2,44,[55]],[16,3,18,99,96,98,94,[17,44,100],56,58,8,9,11],[10,"Daily_Normal",4,[[1,0,-209,[58],59]],[0,"f9efvJ/7dOep2CrNaxuVXb",4],[5,180,180]],[11,"Daily_Light",false,19,[-210],[0,"56WVCJL/lG1LLNbfWG9NJG",4],[5,187,214],[4.368,0,0,0,0,0,1,1.25,1.25,1.25]],[5,103,[62]],[3,"Common_Coin",19,[-211],[0,"b3XHBSPMBDRZluuAOqO2Qd",4],[5,66,66],[0,-0.175,0,0,0,0,1,1,1,1]],[14,0,105,[63]],[3,"Secret_Pin",19,[-212],[0,"5dB4WjD/hGV5UfPdM0sOln",4],[5,210,74],[0,0,0,0,0,0,1,0.72,0.72,0.72]],[5,107,[64]],[68,"+500",25,25,false,false,1,1,2,60,[65]],[20,"Day 111111111111",30,false,1,1,2,45,[66]],[16,4,19,109,106,108,104,[17,45,110],59,61,8,9,11],[10,"Daily_Normal",5,[[1,0,-213,[69],70]],[0,"f9efvJ/7dOep2CrNaxuVXb",5],[5,180,180]],[11,"Daily_Light",false,20,[-214],[0,"56WVCJL/lG1LLNbfWG9NJG",5],[5,187,214],[4.368,0,0,0,0,0,1,1.25,1.25,1.25]],[5,113,[73]],[3,"Common_Coin",20,[-215],[0,"b3XHBSPMBDRZluuAOqO2Qd",5],[5,66,66],[0,-0.175,0,0,0,0,1,1,1,1]],[14,0,115,[74]],[3,"Secret_Pin",20,[-216],[0,"5dB4WjD/hGV5UfPdM0sOln",5],[5,210,74],[0,0,0,0,0,0,1,0.72,0.72,0.72]],[5,117,[75]],[15,"+500",25,25,false,1,1,63,[76]],[20,"Day 111111111111",30,false,1,1,2,46,[77]],[16,5,20,119,116,118,114,[17,46,120],62,64,8,9,11],[10,"Daily_Normal",6,[[1,0,-217,[80],81]],[0,"f9efvJ/7dOep2CrNaxuVXb",6],[5,180,180]],[11,"Daily_Light",false,21,[-218],[0,"56WVCJL/lG1LLNbfWG9NJG",6],[5,187,214],[4.368,0,0,0,0,0,1,1.25,1.25,1.25]],[5,123,[84]],[3,"Common_Coin",21,[-219],[0,"b3XHBSPMBDRZluuAOqO2Qd",6],[5,66,66],[0,-0.175,0,0,0,0,1,1,1,1]],[14,0,125,[85]],[3,"Secret_Pin",21,[-220],[0,"5dB4WjD/hGV5UfPdM0sOln",6],[5,210,74],[0,0,0,0,0,0,1,0.72,0.72,0.72]],[5,127,[86]],[15,"+500",25,25,false,1,1,66,[87]],[20,"Day 111111111111",30,false,1,1,2,47,[88]],[16,6,21,129,126,128,124,[17,47,130],65,67,8,9,11],[10,"Daily_Normal",7,[[1,0,-221,[91],92]],[0,"f9efvJ/7dOep2CrNaxuVXb",7],[5,180,180]],[11,"Daily_Light",false,22,[-222],[0,"56WVCJL/lG1LLNbfWG9NJG",7],[5,187,214],[4.368,0,0,0,0,0,1,1.25,1.25,1.25]],[5,133,[95]],[3,"Common_Coin",22,[-223],[0,"b3XHBSPMBDRZluuAOqO2Qd",7],[5,66,66],[0,-0.175,0,0,0,0,1,1,1,1]],[14,0,135,[96]],[3,"Secret_Pin",22,[-224],[0,"5dB4WjD/hGV5UfPdM0sOln",7],[5,210,74],[0,0,0,0,0,0,1,0.72,0.72,0.72]],[5,137,[97]],[15,"+500",25,25,false,1,1,69,[98]],[20,"Day 111111111111",30,false,1,1,2,48,[99]],[16,7,22,139,136,138,134,[17,48,140],68,70,8,9,11],[24,"Daily_Normal",13,[[36,1,0,-225,[102],103]],[0,"aa9XSiBlZGn4MZka6AqyQc",1],[5,617,176],[0,0,0,0,0,0,1,0.9,0.9,0.477]],[11,"daily_light_day7",false,23,[-226],[0,"a8F+wag/FDFJ4keMzD0VmX",1],[5,325,373],[0,-11.307,0,0,0,0,1,0.8,0.8,0.8]],[5,143,[106]],[3,"Common_Coin",23,[-227],[0,"feek8nxl9Kg7lCL8gav/6n",1],[5,66,66],[0,-9.78,0,0,0,0,1,1,1,1]],[14,0,145,[107]],[3,"Sceret_Pin",23,[-228],[0,"7eydA9eExK5bGO+1Ww8FaE",1],[5,210,74],[0,-9.78,0,0,0,0,1,0.8,0.8,0.8]],[5,147,[108]],[15,"+500",30,30,false,1,1,72,[109]],[15,"Day 1",35,45,false,1,1,31,[110]],[16,13,23,149,146,148,144,[17,31,150],71,73,8,9,11]],0,[0,4,1,0,-1,86,0,-2,101,0,-3,111,0,-4,121,0,-5,131,0,-6,141,0,-7,151,0,7,12,0,6,32,0,0,1,0,0,1,0,0,1,0,-1,32,0,-2,12,0,-3,16,0,4,2,0,-1,86,0,-1,77,0,-2,51,0,-3,15,0,-4,39,0,-5,53,0,4,3,0,-1,101,0,-1,92,0,-2,56,0,-3,18,0,-4,44,0,-5,58,0,4,4,0,-1,111,0,-1,102,0,-2,59,0,-3,19,0,-4,45,0,-5,61,0,4,5,0,-1,121,0,-1,112,0,-2,62,0,-3,20,0,-4,46,0,-5,64,0,4,6,0,-1,131,0,-1,122,0,-2,65,0,-3,21,0,-4,47,0,-5,67,0,4,7,0,-1,141,0,-1,132,0,-2,68,0,-3,22,0,-4,48,0,-5,70,0,0,10,0,-1,24,0,-2,14,0,-3,76,0,-5,13,0,-1,151,0,-1,142,0,-2,71,0,-3,23,0,-4,31,0,-5,73,0,0,14,0,0,14,0,0,14,0,-1,74,0,-2,37,0,-1,78,0,-2,80,0,-3,82,0,-4,52,0,-1,40,0,-2,17,0,-1,28,0,-2,89,0,-3,42,0,-4,55,0,-1,93,0,-2,95,0,-3,97,0,-4,57,0,-1,103,0,-2,105,0,-3,107,0,-4,60,0,-1,113,0,-2,115,0,-3,117,0,-4,63,0,-1,123,0,-2,125,0,-3,127,0,-4,66,0,-1,133,0,-2,135,0,-3,137,0,-4,69,0,-1,143,0,-2,145,0,-3,147,0,-4,72,0,0,24,0,0,24,0,-1,33,0,-2,34,0,-1,54,0,-2,41,0,-3,29,0,-4,88,0,4,29,0,0,29,0,-1,87,0,-1,150,0,0,31,0,0,31,0,0,32,0,0,32,0,0,33,0,0,33,0,0,33,0,0,34,0,-1,35,0,-2,36,0,0,35,0,-1,49,0,0,36,0,-1,50,0,-1,75,0,0,37,0,8,75,0,0,37,0,0,38,0,0,38,0,-1,85,0,0,39,0,0,40,0,0,40,0,0,41,0,0,41,0,0,41,0,0,42,0,-2,91,0,-1,43,0,0,43,0,0,43,0,-1,100,0,0,44,0,-1,110,0,0,45,0,-1,120,0,0,46,0,-1,130,0,0,47,0,-1,140,0,0,48,0,0,49,0,0,50,0,0,51,0,-1,84,0,0,52,0,0,53,0,0,54,0,0,54,0,0,55,0,0,55,0,0,56,0,-1,99,0,0,57,0,0,58,0,0,59,0,-1,109,0,0,60,0,0,61,0,0,62,0,-1,119,0,0,63,0,0,64,0,0,65,0,-1,129,0,0,66,0,0,67,0,0,68,0,-1,139,0,0,69,0,0,70,0,0,71,0,-1,149,0,0,72,0,0,73,0,0,74,0,0,77,0,-1,79,0,-1,81,0,-1,83,0,0,87,0,0,88,0,-1,90,0,0,92,0,-1,94,0,-1,96,0,-1,98,0,0,102,0,-1,104,0,-1,106,0,-1,108,0,0,112,0,-1,114,0,-1,116,0,-1,118,0,0,122,0,-1,124,0,-1,126,0,-1,128,0,0,132,0,-1,134,0,-1,136,0,-1,138,0,0,142,0,-1,144,0,-1,146,0,-1,148,0,9,1,2,5,10,3,5,10,4,5,10,5,5,10,6,5,10,7,5,10,8,0,35,9,0,36,10,5,12,11,10,91,11,11,90,11,12,17,11,6,40,11,4,16,11,0,16,25,0,49,26,0,50,27,0,38,30,0,43,38,5,76,228],[0,0,0,0,0,0,0,0,0,0,0,0,0,0,0,0,0,0,0,0,0,0,0,0,0,0,0,0,0,0,0,0,0,0,0,0,0,0,0,0,0,0,0,0,0,0,0,0,0,0,0,0,0,0,0,0,0,0,0,0,0,0,0,0,0,0,0,0,0,0,0,0,0,0,0,0,0,0,0,0,0,0,0,0,0,0,0,0,0,0,0,0,0,0,0,0,0,0,0,0,0,0,0,0,0,0,0,0,0,0,0,0,0,25,26,75,27,79,81,83,84,85,90,30,94,96,98,99,100,104,106,108,109,110,114,116,118,119,120,124,126,128,129,130,134,136,138,139,140,144,146,148,149,150],[-1,1,-1,1,-1,-1,1,-1,-1,1,-1,1,-1,1,-1,-1,1,-1,-1,1,-1,1,-1,-1,-1,-1,-1,-1,1,-1,1,-1,1,-1,1,-1,1,-1,1,-1,1,-1,-1,-1,1,-1,2,-1,1,-1,1,-1,-1,-1,-1,-1,-1,1,-1,1,-1,1,-1,-1,-1,-1,-1,-1,1,-1,1,-1,1,-1,-1,-1,-1,-1,-1,1,-1,1,-1,1,-1,-1,-1,-1,-1,-1,1,-1,1,-1,1,-1,-1,-1,-1,-1,-1,1,-1,1,-1,1,-1,-1,-1,-1,-1,-1,1,2,2,2,2,1,1,1,2,2,1,2,1,1,1,2,2,1,1,1,2,2,1,1,1,2,2,1,1,1,2,2,1,1,1,2,2,1,1,1,2,2],[0,8,0,20,0,0,21,0,0,22,0,23,0,24,0,0,25,0,0,5,0,6,0,0,0,0,0,0,2,0,8,0,26,0,27,0,28,0,29,0,30,0,0,0,31,0,9,0,5,0,6,0,0,0,0,0,0,2,0,5,0,6,0,0,0,0,0,0,2,0,5,0,6,0,0,0,0,0,0,2,0,5,0,6,0,0,0,0,0,0,2,0,5,0,6,0,0,0,0,0,0,2,0,32,0,33,0,0,0,0,0,0,2,1,1,1,1,7,3,4,1,1,34,9,7,3,4,1,1,7,3,4,1,1,7,3,4,1,1,7,3,4,1,1,7,3,4,1,1,35,3,4,1,1]],[[{"name":"daily_popup_day16_2","rect":[0,0,270,271],"offset":[0,0],"originalSize":[270,271],"capInsets":[0,0,0,0]}],[0],0,[0],[3],[36]],[[{"name":"daily_popup_day7_1","rect":[0,0,840,283],"offset":[0,0],"originalSize":[840,283],"capInsets":[0,0,0,0]}],[0],0,[0],[3],[37]],[[{"name":"daily_day7_secretpin","rect":[0,0,210,74],"offset":[0,0],"originalSize":[210,74],"capInsets":[0,0,0,0]}],[0],0,[0],[3],[38]]]]