[1,["ecpdLyjvZBwrvm+cedCcQy","7a/QZLET9IDreTiBfRn2PD","3fO43uQHpK8qCCAS2WIUHc","a2MjXRFdtLlYQ5ouAFv/+R","bct35gzj5MeZQ5hi5Jyh7p","f0SmqXPq5AF5Mm2bfDuX1I","39rm0CwihDn7Callvm3IVc","37QBSX8GVFhYz8FlkJemik","18Qd8GBKxPoLsvpRQqJxWE","79jl2cVMJNAY+WtBUkdQwA","f0BIwQ8D5Ml7nTNQbh1YlS","bbiKSAGa5MpZcPo19IJ9Tw","ddZDgRMchKdJfF/yCIGSwo","71VhFCTINJM6/Ky3oX9nBT","a0U8Su5atMJYZMC11iJoto","d2ldgPj39K65IQr7+7cST0","b1/i8bc0pB9ZeN3MkhlQJM","7dwH54iq1HJrqv6Z5VuOhI","43gbC9Nl9BqLmnFwNLKS1Y","69udTZCXBGdJUveP0WtcqD","b0h54PCpVICavyA/s6xgMY","51jqwlhLJNvKXDHlmDxxFB","d0dogmN5xKpLOivNeLaFl2","05vmVTEUhIV5n6YK4U4qJI","e97GVMl6JHh5Ml5qEDdSGa","29FYIk+N1GYaeWH/q1NxQO","e2LG7TvYFKybIvlt3yGQ19","abH9YD3NdMbKYe0vL8BHey","82migssElAGb04Ws6NimQX","36UMwlxpdHMJ8jv/duyekd","27EYV5ZXtG34c0VaZjE2XD","b4P/PCArtIdIH38t6mlw8Y"],["node","_parent","_spriteFrame","_textureSetter","_N$skeletonData","root","_target_","_N$target","data","_N$file","_N$normalSprite","_N$pressedSprite","_N$hoverSprite","_N$disabledSprite","_defaultClip","mainTexture","_effectAsset"],[["cc.Node",["_name","_active","_is3DNode","_prefab","_parent","_components","_trs","_children","_contentSize","_anchorPoint","_color"],0,4,1,9,7,2,5,5,5],"cc.SpriteFrame",["cc.ParticleSystem",["_custom","emissionRate","life","lifeVar","startSize","endSize","speed","tangentialAccel","angle","angleVar","speedVar","endSpin","rotatePerS","rotatePerSVar","endSizeVar","_stopped","totalParticles","endSpinVar","radialAccel","tangentialAccelVar","startSpinVar","startRadius","startRadiusVar","startSizeVar","node","_materials","_startColor","_startColorVar","_endColor","_endColorVar","_spriteFrame","gravity","posVar"],-21,1,3,8,8,8,8,6,5,5],["cc.Widget",["_alignFlags","_originalWidth","_originalHeight","_right","_top","_bottom","node"],-3,1],["sp.Skeleton",["defaultSkin","defaultAnimation","_preCacheMode","_animationName","timeScale","loop","_playTimes","node","_materials","_N$skeletonData"],-4,1,3,6],["cc.Mask",["_N$inverted","_type","node","_materials","_spriteFrame"],1,1,3,6],["cc.CurveRange",["mode","constantMin","constantMax","constant"],-1],["cc.Node",["_name","_parent","_prefab","_children","_components","_contentSize","_trs"],2,1,4,9,12,5,7],["cc.PrefabInfo",["fileId","root"],2,1],["AllLanguage",["preview_text","name"],1],["cc.Sprite",["_sizeMode","node","_materials","_spriteFrame"],2,1,3,6],["cc.TTFFont",["_name","_native"],1],["cc.Prefab",["_name"],2],["cc.Node",["_name","_parent","_children","_components","_prefab","_contentSize","_trs"],2,1,2,2,4,5,7],["fe878txHCxOPKpXHLg6Es57",["node"],3,1],["cc.Animation",["node","_clips","_defaultClip"],3,1,3,6],["575eanEO8FJ971kCFjcwy5O",["loop_at_end","selects","node","_target_"],1,1,1],["4dbea0lmVpG1I5bkQIqiedJ",["enable_at_editor","node","_target_"],2,1,1],["cc.Button",["_N$transition","node","clickEvents","_N$normalColor","_N$pressedColor","_N$disabledColor","_N$target","_N$normalSprite","_N$pressedSprite","_N$hoverSprite","_N$disabledSprite"],2,1,9,5,5,5,1,6,6,6,6],["cc.ClickEvent",["_componentId","handler","target"],1,1],["cc.Label",["_string","_enableWrapText","_isSystemFontUsed","_N$horizontalAlign","_N$verticalAlign","_N$overflow","node","_materials","_N$file"],-3,1,3,6],["5ef8fZvO6NH/akYFs+STrhx",["_key","_surfix","node","_sizeLanguage"],1,1,9],["ada88s0oM1KIbYeV1VrqdkM",["node","_target_","list"],3,1,1,9],["SPHelper",["_name_","_duration_"],1],["cc.ParticleSystem3D",["duration","_capacity","_prewarm","_velocityScale","node","_materials","startDelay","startLifetime","startColor","startSize","startSpeed","startRotation","gravityModifier","rateOverTime","rateOverDistance","_shapeModule","_colorOverLifetimeModule","_sizeOvertimeModule","_velocityOvertimeModule","_rotationOvertimeModule"],-1,1,3,4,4,4,4,4,4,4,4,4,4,4,4,4,4],["cc.GradientRange",[],3],["cc.ShapeModule",["enable","sphericalDirectionAmount","randomPositionAmount","arcSpeed","_position","_rotation"],0,4,5,5],["cc.ColorOvertimeModule",["enable","color"],2,4],["cc.SizeOvertimeModule",["enable","size","x","y","z"],2,4,4,4,4],["cc.VelocityOvertimeModule",["enable","x","y","z","speedModifier"],2,4,4,4,4],["cc.RotationOvertimeModule",["enable","x","y","z"],2,4,4,4],["cc.BlockInputEvents",["node"],3,1],["cc.Material",["_name","_techniqueIndex","_techniqueData"],1,11],["cc.AnimationClip",["_name","_duration","events","curveData"],0,11]],[[8,0,1,2],[0,0,4,7,3,2],[6,3,2],[6,1],[0,0,4,3,2],[0,0,4,5,3,8,6,2],[7,0,1,3,2,2],[10,1,2,3,1],[0,0,7,3,2],[0,0,1,4,7,3,3],[0,0,4,5,3,6,2],[25,1],[0,0,7,5,3,8,6,2],[9,1,0,3],[10,0,1,2,3,2],[4,0,1,2,4,3,7,8,9,6],[0,0,4,7,3,8,2],[0,0,4,7,5,3,8,6,2],[0,0,4,5,3,10,8,6,2],[0,0,4,5,3,8,2],[0,0,2,4,5,3,6,3],[5,0,2,3,2],[5,1,0,2,3,4,3],[23,0,1,3],[24,0,1,2,3,4,5,6,7,8,9,10,11,12,13,14,15,16,17,18,19,5],[6,0,1,2,4],[26,0,1,2,3,4,5,4],[27,0,1,2],[28,0,1,2,3,4,2],[29,0,1,2,3,4,2],[30,0,1,2,3,2],[11,0,1,3],[12,0,2],[0,0,4,7,5,3,8,9,6,2],[0,0,4,5,3,8,9,6,2],[0,0,4,7,3,6,2],[0,0,1,4,7,3,6,3],[0,0,4,5,3,2],[0,0,3,6,2],[0,0,1,4,5,3,10,8,3],[7,0,1,4,2,5,6,2],[13,0,1,2,3,4,5,6,2],[14,0,1],[3,0,1,2,6,4],[3,0,3,4,6,4],[3,0,6,2],[3,0,5,6,3],[15,0,1,2,1],[16,0,1,2,3,3],[5,2,3,1],[8,1,1],[2,0,1,2,3,8,9,4,5,11,6,10,7,18,12,13,24,25,26,27,28,29,31,30,16],[2,0,15,16,1,2,3,8,9,4,5,14,11,17,6,10,7,19,12,13,24,25,26,27,28,29,32,31,30,20],[2,0,16,1,2,3,8,9,4,5,14,11,17,6,10,7,19,12,13,24,25,26,27,28,29,32,31,30,19],[2,0,15,1,2,3,8,9,4,5,11,6,10,7,18,12,13,24,25,26,27,28,29,31,30,17],[2,0,15,16,1,2,3,8,9,4,5,14,20,17,6,10,7,21,22,24,25,26,27,28,29,32,31,30,19],[2,0,1,2,3,4,23,5,14,6,7,24,25,26,27,28,29,32,30,11],[17,0,1,2,2],[18,0,1,2,3,4,5,6,7,8,9,10,2],[19,0,1,2,3],[20,0,1,2,3,4,5,6,7,8,7],[21,0,1,2,3,3],[9,0,2],[22,0,1,2,1],[4,0,1,2,5,4,3,6,7,8,8],[4,0,1,2,3,7,8,9,5],[4,0,1,2,3,7,8,5],[31,0,1],[32,0,1,2,3],[33,0,1,2,3,4]],[[[[31,"BoldenVan","BoldenVan.ttf"],-1],0,0,[],[],[]],[[{"name":"smoke","rect":[0,0,261,303],"offset":[0,0],"originalSize":[261,303],"capInsets":[0,0,0,0]}],[1],0,[0],[3],[12]],[[{"name":"default_btn_disabled","rect":[0,0,40,40],"offset":[0,0],"originalSize":[40,40],"capInsets":[12,12,12,12]}],[1],0,[0],[3],[13]],[[{"name":"mask","rect":[0,0,97,480],"offset":[0,0],"originalSize":[97,480],"capInsets":[0,0,0,0]}],[1],0,[0],[3],[14]],[[{"name":"grandma_room","rect":[0,0,540,480],"offset":[0,0],"originalSize":[540,480],"capInsets":[0,0,0,0]}],[1],0,[0],[3],[15]],[[[32,"Intro"],[12,"Intro",[-8,-9],[[42,-2],[43,45,720,1280,-3],[47,-4,[57],56],[48,true,["Magic"],-6,-5],[49,-7,[58]]],[50,-1],[5,720,1280],[360,640,0,0,0,0,1,1,1,1]],[16,"ROOT",1,[-10,-11,-12,-13,-14,-15,-16,-17,-18],[0,"b12mQ8575HE5ZjcxtXOsx0",1],[5,720,1280]],[8,"ATTACHED_NODE:Body",[-19,-20,-21,-22,-23,-24],[0,"7e370ptttEE5mefbXsWKRl",1]],[12,"MASK_2nd",[-26,-27,-28],[[21,true,-25,[34]]],[0,"6f0609/NxL47bBvydfeLT1",1],[5,1341.75,1570.551],[829.075,-0.725,0,0,0,0,1,1,1,1]],[16,"UI",1,[-29,-30,-31,-32],[0,"15ZeLLY/dHVodURUbazP3n",1],[5,720,1280]],[1,"GATE_SCENE",2,[-33,-34,-35],[0,"d3EvBzguJDdqZR+v3BLJNk",1]],[9,"GRANDMA_SCENE",false,2,[-36,-37,-38],[0,"3eCRc89ttD3Z+4WEDPRLsb",1]],[12,"MASK_2nd",[-40,-41],[[21,true,-39,[17]]],[0,"68DGKCz5tF9ZwPRp2McWjH",1],[5,1341.75,1570.551],[829.075,-0.725,0,0,0,0,1,1,1,1]],[10,"ATTACK",4,[[51,true,50,4,1,0,0,0,1000,10,0,0,0,30,100,200,-43,[30],[4,4294967295],[4,0],[4,16777215],[4,0],[0,-500,-200],31],[57,true,-45,-44]],[0,"1b8St0GvRFIqUEL8LpX6NW",-42],[-1165.0632614857034,169.43336250175787,0,0,0,0,1,1,1,1]],[8,"ATTACHED_NODE:Body2",[-46,-47,-48],[0,"92TeBHeElMFa49a+kDyUy2",1]],[6,"ATTACHED_NODE:Head",10,[[4,"ATTACHED_NODE:Hat",-49,[0,"8f3XBS4dxDsLjT15gxiGDo",1]],[4,"ATTACHED_NODE:Hat1",-50,[0,"f3gJtr1EhHrKWU06K00vdE",1]],[4,"ATTACHED_NODE:Face",-51,[0,"636Y9iZZdAyYmU4czyM+de",1]]],[0,"e6m0IRBWZOobsZVoLD+Fsc",1]],[33,"Skip",5,[-55],[[58,3,-53,[[59,"fe878txHCxOPKpXHLg6Es57","onFinishedIntro",1]],[4,4293322470],[4,4291348680],[4,3363338360],-52,52,53,54,55],[44,32,33.45599999999999,5.27800000000002,-54]],[0,"26XaXOTNFFZI1MNDm53YnA",1],[5,319.8,53],[0,1,0.5],[326.544,608.2,0,0,0,0,1,1,1,1]],[34,"Label",12,[[60,"Skip >>>>>",false,false,2,1,2,-56,[50],51],[61,"skip"," >>>",-57,[[62,"Skip >>>"],[13,1,"スキップ >>>"],[13,2,"LEWAT >>>"],[13,3,"ÜBERSPRINGEN >>>"]]]],[0,"f899kUUfxKWqyzYnJXXsjZ",1],[5,307.7,50.4],[0,1,0.5],[0,0,0,0,0,0,1,1,1,0]],[10,"FOG_PART",6,[[52,true,false,15,4,3,1,0,0,500,1000,500,60,-180,0,0,100,50,100,200,-59,[2],[4,721420287],[4,0],[4,16777215],[4,0],[0,0,300],[0,-150,200],3]],[0,"899+Um245HFbv1Mapsu0+W",-58],[580.2,-714.978,0,0,0,0,1,1,1,1]],[9,"MANOR_SCENE",false,2,[-60,-61],[0,"f9o1iYR81D/6AsqgYvq2l4",1]],[40,"Art_Grandma",7,[[-62,[63,-64,-63,[[23,"Talk",2.266700029373169],[23,"WakeUp",3.299999952316284]]]],1,4],[0,"90R+mLZ5JOFajhCN4h6vjh",1],[5,1244,1479],[-540.745,-793.788,0,0,0,0,1,0.803,0.803,0.803]],[17,"MASK",7,[8],[[22,2,true,-65,[18],19]],[0,"efMfx+9yRBAJGnoaV1x/nB",1],[5,316.4,1572],[280,-13,0,0,0,0,1,1,1,1]],[10,"FOG_PART",8,[[53,true,15,5,3,1,360,0,200,500,50,60,-180,0,0,100,50,100,200,-67,[15],[4,2181038079],[4,0],[4,16777215],[4,0],[0,0,50],[0,-200,70],16]],[0,"11yECbSy5EBbubWO2ZhMal",-66],[-676.959,-17.004,0,0,0,0,1,1,1,1]],[9,"PHANTOM_SCENE",false,2,[-68,-69],[0,"a6tyZXNhdC9ZsgwU6qBR/P",1]],[9,"TALKING_SCENE",false,2,[-70,-71],[0,"45BQjnxH1CJq75yokjmYN0",1]],[9,"PT_ATK_SCENE",false,2,[-72,-73],[0,"f2lLU23ExJW742vXzTjn/r",1]],[17,"MASK",21,[4],[[22,2,true,-74,[35],36]],[0,"e6Ei2qN/xHNJsuNjg5YwqI",1],[5,316.4,1572],[280,-13,0,0,0,0,1,1,1,1]],[1,"ATTACHED_NODE:L_UpperArm",10,[-75,-76],[0,"5biZX7/KZHhKj0+NSr6GUz",1]],[41,"Phantom",4,[-78],[-77],[0,"b19UpFKL9IT4qzC5Hlr1CZ",1],[5,1975,3441.33],[-1009.743,-85.208,0,0,0,0,1,0.187,0.187,0.187]],[1,"ATTACHED_NODE:R_UpperArm",10,[-79,-80],[0,"3fSCdiqcdDd7YUda3eDS+t",1]],[35,"MAIN_SCENE",2,[-81,-82],[0,"c8QMi2D65NsINuX5G7jki1",1],[0,0,0,0,0,0,1,1,1,1.201]],[36,"NEXT",false,2,[-83,-84],[0,"33ykb3qfhG5otlHolXPb0p",1],[489.917,0,0,0,0,0,1,1,1,1]],[10,"ATTACK",27,[[54,true,false,50,2,1,0,0,500,1000,10,0,0,0,30,100,200,-86,[41],[4,4294967295],[4,0],[4,2801795071],[4,0],[0,-1000,0],42]],[0,"6b0g3m0epCTYtfB2E6N7Pb",-85],[-16.829,-269.172,0,0,0,0,1,1,1,1]],[18,"DARK_TOP",5,[[14,0,-87,[46],47],[45,1,-88]],[0,"eb7+MDJXpB+rkYh5gCBi91",1],[4,4278190080],[5,3000,64],[0,608,0,0,0,0,1,1,1,1]],[18,"DARK_BOT",5,[[14,0,-89,[48],49],[46,4,-256,-90]],[0,"a3In0Bz0dNIKLrQ3EEcOlv",1],[4,4278190080],[5,3000,320],[0,-736,0,0,0,0,1,1,1,1]],[5,"GAT_BG",6,[[7,-91,[0],1]],[0,"13b2uzL6xHKITdi1gujPdR",1],[5,1010,1548],[0,0,0,0,0,0,1,0.854,0.854,0.854]],[10,"LEAF_PART",6,[[55,true,false,10,2,3,1,360,360,120,120,50,120,120,0,0,0,150,150,-92,[4],[4,16777215],[4,0],[4,4294967295],[4,0],[0,300,300],[0,0,-100],5]],[0,"37vi4c2GpGO57MFiopeBMY",1],[-15.415,158.157,0,0,0,0,1,1,1,1]],[19,"MANOR_BG",15,[[7,-93,[6],7]],[0,"f16AQvzEFAkK/oq0NkPYAx",1],[5,816,1456]],[37,"START_PART",15,[[56,true,20,2,1,30,10,30,10,30,0,-94,[8],[4,3338462976],[4,0],[4,3083851776],[4,0],[0,300.1,700],9]],[0,"fdvUfqqJ9F2oz90Lz9eiCk",1]],[5,"grandma_room",7,[[7,-95,[10],11]],[0,"45SxMXODpC+4N0f/T3Ut1a",1],[5,540,480],[-446.245,-13.25,0,0,0,0,1,3.276,3.276,3.276]],[64,"default","WakeUp",0,false,0,"WakeUp",1,16,[12]],[5,"Phantom",8,[[65,"default","Idle",0,"Idle",-96,[13],14]],[0,"a9O9qIKiNDy4vnqQn7RZDQ",1],[5,1975,3441.33],[-532.644,-68.092,0,0,0,0,1,0.187,0.187,0.187]],[5,"grandma_room",19,[[7,-97,[20],21]],[0,"7d/xS3+mVAmLKCg22IR7MZ",1],[5,540,480],[-974.801,-198.939,0,0,0,0,1,5.476,5.476,5.476]],[5,"Phantom_intro",19,[[15,"default","Idle",0,0,"Idle",-98,[22],23]],[0,"bbt5lFHK9MNaMoJByfZT12",1],[5,834.51,1409.66],[0,-421.898,0,0,0,0,1,0.775,0.775,0.775]],[5,"grandma_room",20,[[7,-99,[24],25]],[0,"8dprybzq9J0aIEpswHuWZn",1],[5,540,480],[1009.489,-538.507,0,0,0,0,1,8.074,8.074,8.074]],[5,"Art_Grandma",20,[[15,"default","Talk",0,0,"Talk",-100,[26],27]],[0,"acMz08IkVEWJUsAcwBikKC",1],[5,1244,1479],[-93.979,-716.888,0,0,0,0,1,-0.668,0.668,0.668]],[5,"grandma_room",21,[[7,-101,[28],29]],[0,"93QJu1AERG7ICn/CngwBJw",1],[5,540,480],[-446.245,-13.25,0,0,0,0,1,3.276,3.276,3.276]],[38,"L_HAND",[0,"cciP7g7DdEkrewBQmO0aw3",1],[271.683,13.575,0,0,0,0,1,1,1,1]],[8,"ATTACHED_NODE:L_Hand",[43],[0,"64FT0k7xBJ17qJeDY9BYhX",1]],[1,"ATTACHED_NODE:L_LowerArm",23,[44],[0,"74knAbYPxK96yi/q1gpHus",1]],[1,"ATTACHED_NODE:Body1",3,[10],[0,"22HNMfRcJCDZHPBwtiOKZW",1]],[8,"ATTACHED_NODE:All",[3],[0,"edGuHxZ4hCgq6OjmT84AKZ",1]],[8,"ATTACHED_NODE:root",[47],[0,"2dEq4rdwpCBoZwpaeURAdc",1]],[1,"ATTACHED_NODE_TREE",24,[48],[0,"19s+E2T/RHiotArYAohpM/",1]],[66,"default","Idle",0,"Idle",24,[32]],[1,"ATTACHED_NODE:bone12",3,[-102],[0,"feJpayawRApLh1KzB/s6qW",1]],[6,"ATTACHED_NODE:bone13",51,[[4,"ATTACHED_NODE:bone14",-103,[0,"34Wchn5RdG64jDZJFVGrHu",1]]],[0,"20WbLlREFG4pz5LMZf0Yeu",1]],[1,"ATTACHED_NODE:bone15",3,[-104],[0,"afrtFXoP9EVrdIu1ybDn7e",1]],[6,"ATTACHED_NODE:bone16",53,[[4,"ATTACHED_NODE:bone17",-105,[0,"88d8qb5cND752gCjx9S0Hp",1]]],[0,"1bROQqDh1BJqlelWbcT46j",1]],[1,"ATTACHED_NODE:bone18",3,[-106],[0,"bb+FqfRC1CGJnD+B3Dn0ny",1]],[1,"ATTACHED_NODE:bone19",55,[-107],[0,"22nxtIBN1BkYu6WWhzivSh",1]],[1,"ATTACHED_NODE:bone20",56,[-108],[0,"95K/WA4MRAAJdBmxLqegtG",1]],[1,"ATTACHED_NODE:bone21",57,[-109],[0,"99Sn+yzk9GnL8Q3iiwAO/W",1]],[1,"ATTACHED_NODE:bone22",58,[-110],[0,"bduJwsKWJJabGiEtn+Odw6",1]],[1,"ATTACHED_NODE:bone23",59,[-111],[0,"88/2+C/KVLAbqnKB5mWKqS",1]],[1,"ATTACHED_NODE:bone24",60,[-112],[0,"4a0LKvUR9Eb7VlCLgRNnBX",1]],[6,"ATTACHED_NODE:bone25",61,[[4,"ATTACHED_NODE:bone26",-113,[0,"6evhW9FYNArJD1CnM/41KC",1]]],[0,"43WP0Vg0JLUo6gzuPMKcEu",1]],[1,"ATTACHED_NODE:bone27",3,[-114],[0,"d0JfdiD6lJmbnFwtl5Y70V",1]],[1,"ATTACHED_NODE:bone28",63,[-115],[0,"b4E6L2ootPv6O5BXgHYH6u",1]],[1,"ATTACHED_NODE:bone29",64,[-116],[0,"e1LvI0fy5HE7tQ6KVg2+jP",1]],[1,"ATTACHED_NODE:bone30",65,[-117],[0,"997giXakxL35+BS2QDziS/",1]],[1,"ATTACHED_NODE:bone31",66,[-118],[0,"3cIi0HpqxPjo3gYDq/us3W",1]],[1,"ATTACHED_NODE:bone32",67,[-119],[0,"31aNKQislBxLmBMIAEmzyS",1]],[1,"ATTACHED_NODE:bone33",68,[-120],[0,"e9TiNbnWFA9qBS1P9/G9Gm",1]],[1,"ATTACHED_NODE:bone34",69,[-121],[0,"beTPij8y1D/ozWlxtx00tb",1]],[6,"ATTACHED_NODE:bone35",70,[[4,"ATTACHED_NODE:bone36",-122,[0,"312mCOy6pC/49b4cjTUAwK",1]]],[0,"9c1Me2yD1MNbmRoK0YQR4n",1]],[1,"ATTACHED_NODE:bone37",3,[-123],[0,"b4BjOjckxHPbZsXsOi/Jpt",1]],[1,"ATTACHED_NODE:bone38",72,[-124],[0,"8cde33vdBJ9bf1v0Qj6B0F",1]],[1,"ATTACHED_NODE:bone39",73,[-125],[0,"84eJHaOxRKoZQtgtn70w7e",1]],[1,"ATTACHED_NODE:bone40",74,[-126],[0,"1efN7vuSBA3oqGM/WSiCWh",1]],[1,"ATTACHED_NODE:bone41",75,[-127],[0,"e9fnl81z9C7JzXpWMQlG+q",1]],[1,"ATTACHED_NODE:bone42",76,[-128],[0,"b0nWDujqxF3Ic7/wLIyL4e",1]],[1,"ATTACHED_NODE:bone43",77,[-129],[0,"6eveLLgo9Afp0g0VHIbh7+",1]],[1,"ATTACHED_NODE:bone44",78,[-130],[0,"6e8ENdx7tFvrtolELWuJ/7",1]],[6,"ATTACHED_NODE:bone45",79,[[4,"ATTACHED_NODE:bone46",-131,[0,"341WNgw5BM2K5Oralf1RY9",1]]],[0,"57OZkDIiZL5rDQT9NSmOLM",1]],[6,"ATTACHED_NODE:R_LowerArm",25,[[4,"ATTACHED_NODE:R_Hand",-132,[0,"38WaXx9ixKeKfk7diR0Axk",1]]],[0,"00ZDejhchGgYnxbyVhV7fV",1]],[1,"ATTACHED_NODE:R_Scarf",25,[-133],[0,"5evsylAeFC8LSfW3GKc0pM",1]],[6,"ATTACHED_NODE:bone50",82,[[4,"ATTACHED_NODE:bone51",-134,[0,"73zAKCnCFP7J7u6n+/Qd0m",1]]],[0,"a81jZIzX1K+LIgHEnZjuR7",1]],[1,"ATTACHED_NODE:L_Scarf",23,[-135],[0,"e8cpQ1cthKLacqgm06sjUC",1]],[6,"ATTACHED_NODE:bone53",84,[[4,"ATTACHED_NODE:bone54",-136,[0,"9eUfOiWXVFX7TXZOlUTr7O",1]]],[0,"2dStwH+JdA4ow/svRp3/1A",1]],[20,"LEAFS",true,4,[[24,3,40,true,5,-137,[33],[3],[25,3,1,3],[11],[2,1],[2,5],[3],[3],[2,30],[3],[26,true,50,250,[3],[1,0,70,0],[1,160,160,160]],[27,true,[11]],[28,true,[2,50],[3],[3],[3]],[29,true,[2,-1200],[3],[2,-200],[2,1]],[30,true,[2,30],[2,90],[2,5]]]],[0,"3f8817Dp9NJ75kFKMlFsOV",1],[-803.886,107.47,0,0,0,0,1,1,1,1]],[5,"BGTest_Gate_1",26,[[7,-138,[37],38]],[0,"e81nF2uTxNwpDT4eM6wgEb",1],[5,816,1451],[-61,179,0,0,0,0,1,1.143,1.143,1.143]],[5,"Main",26,[[15,"Base","Read",0,0,"Read",-139,[39],40]],[0,"ebggNMp9tGdLMnE/nOLbjN",1],[5,232.94,525.48],[199.883,-494.534,0,0,0,0,1,1,1,0.245]],[20,"LEAFS",true,27,[[24,3,50,true,5,-140,[43],[3],[25,3,1,3],[11],[2,1],[2,5],[3],[3],[2,30],[3],[26,true,50,250,[3],[1,0,70,0],[1,160,160,160]],[27,true,[11]],[28,true,[2,50],[3],[3],[3]],[29,true,[2,-1200],[3],[2,-200],[2,1]],[30,true,[2,30],[2,90],[2,5]]]],[0,"2aNFdjWwBESbYf5U3vjVph",1],[-0.6,-294.178,0,0,0,0,1,1,1,1]],[39,"DARK_FLASH",false,2,[[14,0,-141,[44],45]],[0,"d3At4K3QFDSqDCDBw4IGnt",1],[4,4278190080],[5,3000,3000]],[19,"BLOCK",5,[[67,-142]],[0,"e0nFB8glJHCZ9hUdA+gIEu",1],[5,3000,3000]]],0,[0,5,1,0,0,1,0,0,1,0,0,1,0,6,50,0,0,1,0,0,1,0,-1,2,0,-2,5,0,-1,6,0,-2,15,0,-3,7,0,-4,19,0,-5,20,0,-6,21,0,-7,26,0,-8,27,0,-9,90,0,-1,46,0,-2,51,0,-3,53,0,-4,55,0,-5,63,0,-6,72,0,0,4,0,-1,9,0,-2,24,0,-3,86,0,-1,29,0,-2,30,0,-3,91,0,-4,12,0,-1,31,0,-2,14,0,-3,32,0,-1,35,0,-2,16,0,-3,17,0,0,8,0,-1,37,0,-2,18,0,5,9,0,0,9,0,6,43,0,0,9,0,-1,11,0,-2,25,0,-3,23,0,1,11,0,1,11,0,1,11,0,7,13,0,0,12,0,0,12,0,-1,13,0,0,13,0,0,13,0,5,14,0,0,14,0,-1,33,0,-2,34,0,-1,36,0,6,36,0,0,16,0,0,17,0,5,18,0,0,18,0,-1,38,0,-2,39,0,-1,40,0,-2,41,0,-1,42,0,-2,22,0,0,22,0,-1,45,0,-2,84,0,-1,50,0,-1,49,0,-1,81,0,-2,82,0,-1,87,0,-2,88,0,-1,28,0,-2,89,0,5,28,0,0,28,0,0,29,0,0,29,0,0,30,0,0,30,0,0,31,0,0,32,0,0,33,0,0,34,0,0,35,0,0,37,0,0,38,0,0,39,0,0,40,0,0,41,0,0,42,0,-1,52,0,1,52,0,-1,54,0,1,54,0,-1,56,0,-1,57,0,-1,58,0,-1,59,0,-1,60,0,-1,61,0,-1,62,0,1,62,0,-1,64,0,-1,65,0,-1,66,0,-1,67,0,-1,68,0,-1,69,0,-1,70,0,-1,71,0,1,71,0,-1,73,0,-1,74,0,-1,75,0,-1,76,0,-1,77,0,-1,78,0,-1,79,0,-1,80,0,1,80,0,1,81,0,-1,83,0,1,83,0,-1,85,0,1,85,0,0,86,0,0,87,0,0,88,0,0,89,0,0,90,0,0,91,0,8,1,3,1,47,4,1,22,8,1,17,10,1,46,43,1,44,44,1,45,47,1,48,48,1,49,142],[0,0,0,0,0,0,0,0,0,0,0,0,0,0,0,0,0,0,0,0,0,0,0,0,0,0,0,0,0,0,0,0,0,0,0,0,0,0,0,0,0,0,0,0,0,0,0,0,0,0,0,0,0,0,0,0,0,0,0,36,50],[-1,2,-1,2,-1,2,-1,2,-1,2,-1,2,-1,-1,4,-1,2,-1,-1,2,-1,2,-1,4,-1,2,-1,4,-1,2,-1,2,-1,-1,-1,-1,2,-1,2,-1,4,-1,2,-1,-1,2,-1,2,-1,2,-1,9,10,11,12,13,14,-1,-1,4,4],[0,16,0,4,0,17,0,18,0,19,0,2,1,1,5,0,4,0,0,6,0,2,1,20,0,2,1,7,0,2,0,8,1,9,0,0,6,0,21,1,22,0,8,9,0,3,0,3,0,3,0,23,10,24,10,25,11,11,0,7,5]],[[{"name":"bg_intro_manor","rect":[0,0,816,1456],"offset":[0,0],"originalSize":[816,1456],"capInsets":[0,0,0,0]}],[1],0,[0],[3],[26]],[[[68,"Leaf",3,[{},"0",11,[{"defines":{}},"props",11,[{},"mainTexture",6,0]]]]],0,0,[0,0],[15,16],[27,28]],[[{"name":"autumn_leaf_sml","rect":[1,1,184,207],"offset":[0,0.5],"originalSize":[186,210],"capInsets":[0,0,0,0]}],[1],0,[0],[3],[29]],[[{"name":"intro_gate","rect":[0,0,1010,1548],"offset":[0,0],"originalSize":[1010,1548],"capInsets":[0,0,0,0]}],[1],0,[0],[3],[30]],[[[69,"intro_1",27,[{"frame":0,"func":"onSoundOpenIntro","params":[]},{"frame":2.85,"func":"onSoundBackgroundIntro","params":[]},{"frame":6.5,"func":"onSoundPhantomFly","params":[]},{"frame":7.15,"func":"onSoundPhantomHoHoHo","params":[]},{"frame":10.016666666666667,"func":"onSoundGrandmaScared","params":[]},{"frame":12.5,"func":"onSoundPhantomSay","params":[]},{"frame":15.616666666666667,"func":"onSoundGrandmaSay","params":[]},{"frame":17.383333333333333,"func":"onSoundWind","params":[]},{"frame":17.5,"func":"execute","params":[]},{"frame":17.5,"func":"onSoundPhantomBigSmile","params":[]},{"frame":20,"func":"onSoundGrandmaAhhh","params":[]},{"frame":21.016666666666666,"func":"onSoundSmokeBomb","params":[]}],[{"props":{"angle":[{"frame":27,"value":0}]}},"paths",11,[{"UI/Skip":{"props":{"active":[{"frame":0,"value":false},{"frame":2.5,"value":true}],"opacity":[{"frame":2.5,"value":0},{"frame":3,"value":255}]}},"UI/DARK_TOP":{"props":{"y":[{"frame":0,"value":672},{"frame":1,"value":672},{"frame":1.5,"value":608}]}},"UI/DARK_BOT":{"props":{"y":[{"frame":0,"value":-750},{"frame":1,"value":-750},{"frame":1.5,"value":-686}]}},"ROOT/GRANDMA_SCENE/MASK/MASK_2nd/Phantom":{"comps":{},"props":{"x":[{"frame":7,"value":-532.644},{"frame":8.5,"value":-1045.128}]}},"ROOT":{"props":{"x":[{"frame":8.5,"value":0},{"frame":9,"value":860.343},{"frame":12.15,"value":860.343},{"frame":12.166666666666666,"value":0}]}},"ROOT/GRANDMA_SCENE/Art_Grandma":{"props":{"position":[],"opacity":[{"frame":19.5,"value":255},{"frame":20.5,"value":0}]},"comps":{"sp.Skeleton":{"timeScale":[{"frame":8.983333333333333,"value":0},{"frame":9,"value":1.25},{"frame":12.116666666666667,"value":1.25},{"frame":12.133333333333333,"value":0}]}}},"ROOT/PHANTOM_SCENE/Phantom_intro":{"comps":{"sp.Skeleton":{"timeScale":[{"frame":12.2,"value":0},{"frame":12.216666666666667,"value":1}]}}},"ROOT/TALKING_SCENE":{"props":{"active":[{"frame":0,"value":false},{"frame":15.5,"value":true},{"frame":17.5,"value":false}]}},"ROOT/TALKING_SCENE/Art_Grandma":{"comps":{"sp.Skeleton":{"timeScale":[{"frame":13.483333333333333,"value":0},{"frame":13.5,"value":1}]}}},"ROOT/PT_ATK_SCENE":{"props":{"active":[{"frame":0,"value":false},{"frame":17.5,"value":true},{"frame":19.5,"value":false}],"position":[{"frame":17.5,"value":[0,0],"motionPath":[]},{"frame":17.583333333333332,"value":[15.9,15.8],"motionPath":[]},{"frame":17.666666666666668,"value":[-14.7,12.2],"motionPath":[]},{"frame":17.75,"value":[-16,-9.2],"motionPath":[]},{"frame":17.833333333333332,"value":[-5,-10.8],"motionPath":[]},{"frame":17.916666666666668,"value":[2.3,16.7],"motionPath":[]},{"frame":18,"value":[3.1,-18.9],"motionPath":[]},{"frame":18.083333333333332,"value":[23.3,12.3],"motionPath":[]},{"frame":18.166666666666668,"value":[-11,5.3],"motionPath":[]},{"frame":18.25,"value":[8.3,-18.7],"motionPath":[]},{"frame":18.333333333333332,"value":[-12.7,-3],"motionPath":[]},{"frame":18.416666666666668,"value":[-5.7,15],"motionPath":[]},{"frame":18.5,"value":[28.6,4.5],"motionPath":[]},{"frame":18.583333333333332,"value":[18,22.9],"motionPath":[]},{"frame":18.666666666666668,"value":[1.7,24.2],"motionPath":[]},{"frame":18.75,"value":[21.1,-3.7],"motionPath":[]},{"frame":18.833333333333332,"value":[-4.7,9.1],"motionPath":[]},{"frame":18.916666666666668,"value":[-11.3,-31.4],"motionPath":[]},{"frame":19,"value":[24.4,-13],"motionPath":[]},{"frame":19.083333333333332,"value":[-10.4,19.1],"motionPath":[]},{"frame":19.166666666666668,"value":[-10.9,-19.5],"motionPath":[]},{"frame":19.25,"value":[28.5,-9.8],"motionPath":[]},{"frame":19.333333333333332,"value":[-8,18.2],"motionPath":[]},{"frame":19.416666666666668,"value":[-4,-6.7],"motionPath":[]},{"frame":19.5,"value":[0,0],"motionPath":[]}]}},"ROOT/PT_ATK_SCENE/MASK/MASK_2nd/Phantom":{"comps":{"sp.Skeleton":{"timeScale":[{"frame":17.483333333333334,"value":0},{"frame":17.5,"value":1}]}},"props":{}},"ROOT/GRANDMA_SCENE/MASK":{"props":{"active":[{"frame":0,"value":true},{"frame":18.5,"value":false}]}},"ROOT/NEXT":{"comps":{},"props":{"active":[{"frame":0,"value":false},{"frame":19.416666666666668,"value":true},{"frame":23,"value":false}]}},"ROOT/NEXT/ATTACK":{"comps":{"cc.ParticleSystem":{"totalParticles":[{"frame":19.5,"value":150},{"frame":21.5,"value":0}]}},"props":{}},"ROOT/MAIN_SCENE/Main":{"comps":{"sp.Skeleton":{"timeScale":[{"frame":22.983333333333334,"value":0},{"frame":23,"value":1}]}}}},"ROOT/DARK_FLASH",11,[{"comps":{}},"props",11,[{"opacity":[{"frame":0,"value":255},{"frame":0.5,"value":0},{"frame":2.5,"value":0},{"frame":3,"value":255},{"frame":3.1666666666666665,"value":255},{"frame":3.6666666666666665,"value":0},{"frame":5.666666666666667,"value":0},{"frame":6.166666666666667,"value":255},{"frame":6.333333333333333,"value":255},{"frame":6.833333333333333,"value":0},{"frame":11.633333333333333,"value":0},{"frame":12.133333333333333,"value":255},{"frame":12.2,"value":255},{"frame":12.766666666666667,"value":0},{"frame":22.5,"value":0},{"frame":22.833333333333332,"value":255},{"frame":23.166666666666668,"value":255},{"frame":23.5,"value":0}],"active":[{"frame":0,"value":true}]},"color",12,[[[{"frame":0},"value",8,[4,4278190080]],[{"frame":22.466666666666665},"value",8,[4,4278190080]],[{"frame":22.5},"value",8,[4,4294967295]],[{"frame":23},"value",8,[4,4294967295]]],11,11,11,11]]],"ROOT/GATE_SCENE",11,[{"comps":{}},"props",11,[{"active":[{"frame":0,"value":true},{"frame":3.0833333333333335,"value":false}]},"scale",12,[[[{"frame":0.5},"value",8,[0,1,1]],[{"frame":2.5},"value",8,[0,1.25,1.25]],[{"frame":3},"value",8,[0,2,2]]],11,11,11]]],"ROOT/MANOR_SCENE",11,[{"comps":{}},"props",11,[{"active":[{"frame":0,"value":false},{"frame":3.0833333333333335,"value":true},{"frame":6.25,"value":false}]},"scale",12,[[[{"frame":3.6666666666666665},"value",8,[0,1,1]],[{"frame":5.666666666666667},"value",8,[0,1.25,1.25]],[{"frame":6.166666666666667},"value",8,[0,2,2]]],11,11,11]]],"ROOT/GRANDMA_SCENE",11,[{"comps":{}},"props",11,[{"active":[{"frame":0,"value":false},{"frame":6.25,"value":true},{"frame":12.166666666666666,"value":false},{"frame":18.5,"value":false},{"frame":19.5,"value":true},{"frame":23,"value":false}],"opacity":[],"position":[{"frame":11.633333333333333,"value":[0,0],"motionPath":[]},{"frame":12.133333333333333,"value":[1093,0],"motionPath":[]},{"frame":19.483333333333334,"value":[1095,0],"motionPath":[]},{"frame":19.5,"value":[1959,0],"motionPath":[]},{"frame":19.583333333333332,"value":[2017.9,-62.3],"motionPath":[]},{"frame":19.666666666666668,"value":[1899,38],"motionPath":[]},{"frame":19.75,"value":[2061.4,-66.2],"motionPath":[]},{"frame":19.833333333333332,"value":[1922,26],"motionPath":[]},{"frame":19.916666666666668,"value":[2008,-10],"motionPath":[]},{"frame":20,"value":[1967.8,-39.3],"motionPath":[]},{"frame":20.083333333333332,"value":[1916,-5],"motionPath":[]},{"frame":20.166666666666668,"value":[2043,1],"motionPath":[]},{"frame":20.25,"value":[1977.2,-68.7],"motionPath":[]},{"frame":20.333333333333332,"value":[1982.6,54.8],"motionPath":[]},{"frame":20.416666666666668,"value":[1932.4,-44.4],"motionPath":[]},{"frame":20.5,"value":[1999,-42.8],"motionPath":[]},{"frame":20.583333333333332,"value":[1914.8,-5.2],"motionPath":[]},{"frame":20.666666666666668,"value":[2040.7,22.9],"motionPath":[]},{"frame":20.75,"value":[2014,-54],"motionPath":[]},{"frame":20.833333333333332,"value":[1925,-58],"motionPath":[]},{"frame":20.916666666666668,"value":[1953.5,50],"motionPath":[]},{"frame":21,"value":[2015.9,37],"motionPath":[]},{"frame":21.083333333333332,"value":[1909,-34],"motionPath":[]},{"frame":21.166666666666668,"value":[1978,-14],"motionPath":[]},{"frame":21.25,"value":[1931.1,46.2],"motionPath":[]},{"frame":21.333333333333332,"value":[1995,-29],"motionPath":[]},{"frame":21.416666666666668,"value":[1895,6],"motionPath":[]},{"frame":21.5,"value":[1959,0],"motionPath":[]}]},"scale",12,[[[{"frame":11.633333333333333},"value",8,[0,1,1]],[{"frame":12.133333333333333},"value",8,[0,2,2]]],11,11]]],"ROOT/PHANTOM_SCENE",11,[{},"props",11,[{"active":[{"frame":0,"value":false},{"frame":12.166666666666666,"value":true},{"frame":15.5,"value":false}]},"scale",12,[[[{"frame":12.2},"value",8,[0,1,1]],[{"frame":15.5},"value",8,[0,1.1,1.1]]],11,11]]],"ROOT/MAIN_SCENE",11,[{},"props",11,[{"active":[{"frame":0,"value":false},{"frame":23,"value":true}],"position":[{"frame":23,"value":[-1500,1110],"motionPath":[]},{"frame":24.5,"value":[-1360.048,1074.947,0]},{"frame":25,"value":[-1,46],"motionPath":[]}]},"scale",12,[[[{"frame":23},"value",8,[0,8,8]],[{"frame":24.5},"value",8,[0,7.5,7.5]],[{"frame":25},"value",8,[0,1,1]]],11,11,11]]]]]]],0,0,[],[],[]],[[{"name":"default_btn_pressed","rect":[0,0,40,40],"offset":[0,0],"originalSize":[40,40],"capInsets":[12,12,12,12]}],[1],0,[0],[3],[31]]]]