[1,["34AbT2kfNHLLjJeqEW954J"],0,[["sp.SkeletonData",["_name","_atlasText","textureNames","_skeletonJson","textures"],-1,3]],[[0,0,1,2,3,4,5]],[[0,"Lose_Text","\nLose_Text.png\nsize: 156,156\nformat: RGBA8888\nfilter: Linear,Linear\nrepeat: none\ne\n  rotate: false\n  xy: 2, 77\n  size: 53, 74\n  orig: 54, 75\n  offset: 1, 1\n  index: -1\nl\n  rotate: false\n  xy: 2, 2\n  size: 50, 73\n  orig: 52, 74\n  offset: 1, 1\n  index: -1\no (1)\n  rotate: false\n  xy: 57, 81\n  size: 55, 70\n  orig: 61, 71\n  offset: 1, 1\n  index: -1\ns\n  rotate: false\n  xy: 54, 3\n  size: 57, 72\n  orig: 57, 73\n  offset: 0, 1\n  index: -1\n",["Lose_Text.png"],{"skeleton":{"hash":"bWNrqNfrFr+wIcWPCSt8uS7t9iQ","spine":"3.8.99","images":"","audio":""},"bones":[{"name":"root"},{"name":"bone","parent":"root"},{"name":"l","parent":"bone","x":-432.22,"y":8.76,"scaleX":2.3732,"scaleY":2.3732},{"name":"o (1)","parent":"bone","x":-137.47,"y":-13.02,"scaleX":2.3732,"scaleY":2.3732},{"name":"s","parent":"bone","x":203.63,"y":7.79,"scaleX":2.3732,"scaleY":2.3732},{"name":"e","parent":"bone","x":494.3,"y":-16.32,"scaleX":2.3732,"scaleY":2.3732}],"slots":[{"name":"e","bone":"e"},{"name":"s","bone":"s"},{"name":"o (1)","bone":"o (1)"},{"name":"l","bone":"l"}],"skins":[{"name":"default","attachments":{"e":{"e":{"x":-2.08,"y":-8.49,"width":120,"height":167}},"l":{"l":{"x":3.31,"y":16.05,"width":116,"height":164}},"o (1)":{"o (1)":{"x":5.43,"y":-10.14,"width":135,"height":158}},"s":{"s":{"x":-2.23,"y":-2.01,"width":126,"height":162}}}}],"animations":{"animation":{"slots":{"e":{"attachment":[{"name":"e"},{"time":1,"name":"e"}]},"l":{"attachment":[{"name":"l"},{"time":1,"name":"l"}]},"o (1)":{"attachment":[{"name":"o (1)"},{"time":1,"name":"o (1)"}]},"s":{"attachment":[{"name":"s"},{"time":1,"name":"s"}]}},"bones":{"e":{"rotate":[{"angle":-7.66,"curve":0.297,"c3":0.634,"c4":0.37},{"time":0.0667,"angle":-7.12,"curve":0.3,"c2":0.21,"c3":0.756},{"time":0.5,"angle":0.12},{"time":1,"angle":-7.66}],"translate":[{"x":-299.13,"y":28.97,"curve":"stepped"},{"time":1,"x":-299.13,"y":28.97}],"scale":[{"x":0.469,"y":0.469,"curve":0.3,"c2":0.21,"c3":0.756},{"time":0.4333,"x":0.421,"y":0.421,"curve":0.25,"c3":0.75},{"time":0.9333,"x":0.472,"y":0.472,"curve":0.297,"c3":0.634,"c4":0.37},{"time":1,"x":0.469,"y":0.469}]},"l":{"rotate":[{"angle":0.61,"curve":0.366,"c2":0.63,"c3":0.703},{"time":0.0667,"angle":0.12,"curve":0.25,"c3":0.75},{"time":0.5667,"angle":7.17,"curve":0.244,"c3":0.7,"c4":0.79},{"time":1,"angle":0.61}],"translate":[{"x":211.69,"y":25.91,"curve":"stepped"},{"time":1,"x":211.69,"y":25.91}],"scale":[{"x":0.421,"y":0.421,"curve":0.25,"c3":0.75},{"time":0.5,"x":0.472,"y":0.472,"curve":0.25,"c3":0.75},{"time":1,"x":0.421,"y":0.421}]},"o (1)":{"rotate":[{"angle":-3.32,"curve":0.342,"c2":0.36,"c3":0.678,"c4":0.7},{"time":0.0667,"angle":-1.79,"curve":0.38,"c2":0.59,"c3":0.727},{"time":0.2,"angle":0.12},{"time":0.7,"angle":-9.28,"curve":0.245,"c3":0.637,"c4":0.56},{"time":1,"angle":-3.32}],"translate":[{"x":64.43,"y":27.44,"curve":"stepped"},{"time":1,"x":64.43,"y":27.44}],"scale":[{"x":0.432,"y":0.432,"curve":0.38,"c2":0.59,"c3":0.727},{"time":0.1333,"x":0.421,"y":0.421,"curve":0.25,"c3":0.75},{"time":0.6333,"x":0.472,"y":0.472,"curve":0.242,"c3":0.663,"c4":0.65},{"time":1,"x":0.432,"y":0.432}]},"s":{"rotate":[{"angle":3.04,"curve":0.326,"c2":0.31,"c3":0.662,"c4":0.65},{"time":0.0667,"angle":2.33,"curve":0.372,"c2":0.48,"c3":0.752},{"time":0.3333,"angle":0.12},{"time":0.8333,"angle":4.19,"curve":0.265,"c3":0.618,"c4":0.43},{"time":1,"angle":3.04}],"translate":[{"x":-138.06,"y":32.04,"curve":"stepped"},{"time":1,"x":-138.06,"y":32.04}],"scale":[{"x":0.449,"y":0.449,"curve":0.372,"c2":0.48,"c3":0.752},{"time":0.2667,"x":0.421,"y":0.421,"curve":0.25,"c3":0.75},{"time":0.7667,"x":0.472,"y":0.472,"curve":0.252,"c3":0.622,"c4":0.48},{"time":1,"x":0.449,"y":0.449}]}}}}},[0]]],0,0,[0],[-1],[0]]