[1,["ecpdLyjvZBwrvm+cedCcQy","335FA+GRBI17Cv+na2GeNQ","1025i/KZ9KDIf3GF1RkNbA","02dJ2of8hDXoCbvVtuFrDv","b6R88HNA1BnJ2DGdXBi83g","4flwwmom5DnYfNGFw3EzMs","80O3iCc3pNy74AYPqSKNoa","7a/QZLET9IDreTiBfRn2PD","498SefaORCQqbCOA3W05Z8","be3ePK8IpIPIO+rJSkZg10","9cj1ljieFJz4toVN/BkStn","a2MjXRFdtLlYQ5ouAFv/+R","bfuX4uN+1MX7eMJrIsbf2c"],["node","_spriteFrame","_textureSetter","root","_target_","data","_parent","_defaultClip","_N$skeletonData"],[["cc.Node",["_name","_groupIndex","_opacity","_prefab","_components","_contentSize","_parent","_trs","_children","_color"],0,4,9,5,1,7,2,5],"cc.SpriteFrame",["cc.PrefabInfo",["fileId","root"],2,1],["cc.Sprite",["_sizeMode","node","_materials","_spriteFrame"],2,1,3,6],["cc.AnimationClip",["_name","_duration","events","curveData"],0,11],["cc.Prefab",["_name"],2],["cc.Node",["_name","_groupIndex","_parent","_components","_prefab","_contentSize","_trs"],1,1,2,4,5,7],["cd6b22ZYP5KJY4lmKPVk7Zu",["node","_clips","_defaultClip"],3,1,3,6],["575eanEO8FJ971kCFjcwy5O",["selects","node","_target_"],2,1,1],["sp.Skeleton",["defaultSkin","_preCacheMode","_animationName","node","_materials"],0,1,3],["cc.BlockInputEvents",["node"],3,1]],[[2,0,1,2],[3,1,2,3,1],[0,0,1,6,4,3,5,7,3],[4,0,1,2,3,4],[5,0,2],[0,0,1,8,4,3,7,3],[0,0,1,8,4,3,5,7,3],[0,0,1,6,8,3,3],[0,0,2,1,6,4,3,5,7,4],[0,0,1,6,4,3,9,5,3],[0,0,6,4,3,5,2],[6,0,1,2,3,4,5,6,3],[7,0,1,2,1],[8,0,1,2,2],[2,1,1],[3,0,1,2,3,2],[9,0,1,2,3,4,4],[10,0,1]],[[[[3,"intr_4",5.5,[{"frame":2.5,"func":"execute","params":[]},{"frame":2.5,"func":"onSoundKeyUnLock","params":[]},{"frame":3.466666666666667,"func":"onSoundOpenDoor","params":[]}],[{},"paths",11,[{"Flash":{"props":{"opacity":[{"frame":0,"value":255},{"frame":1,"value":0},{"frame":4.5,"value":0},{"frame":5.5,"value":255}],"active":[{"frame":0,"value":true}]}},"ALL/close/Hand":{"props":{"position":[{"frame":0,"value":[874.706,-369.615,0]},{"frame":1.8333333333333333,"value":[466.107,-717.115,0]},{"frame":2.5,"value":[161.384,-766.021,0]}]}},"ALL/open":{"props":{"opacity":[{"frame":0,"value":0},{"frame":3.5,"value":0},{"frame":4.5,"value":255}]}}},"ALL",11,[{},"props",11,[{"position":[{"frame":0,"value":[0,0,0]},{"frame":0.8333333333333334,"value":[0,0,0]},{"frame":1.8333333333333333,"value":[0,0,0]}]},"scale",12,[[[{"frame":0},"value",8,[0,1,1]],[{"frame":0.8333333333333334},"value",8,[0,1,1]],[{"frame":1.8333333333333333},"value",8,[0,1.436,1.436]],[{"frame":2.5},"value",8,[0,1.719,1.719]]],11,11,11,11]]]]]]],0,0,[],[],[]],[[{"name":"upper","rect":[2,2,124,283],"offset":[1,0],"originalSize":[126,287],"capInsets":[0,0,0,0]}],[1],0,[0],[2],[2]],[[{"name":"below","rect":[0,1,112,279],"offset":[-0.5,0.5],"originalSize":[113,282],"capInsets":[0,0,0,0]}],[1],0,[0],[2],[3]],[[{"name":"open","rect":[0,0,810,1440],"offset":[0,0],"originalSize":[810,1440],"capInsets":[0,0,0,0]}],[1],0,[0],[2],[4]],[[{"name":"close","rect":[0,0,810,1440],"offset":[0,0],"originalSize":[810,1440],"capInsets":[0,0,0,0]}],[1],0,[0],[2],[5]],[[[4,"CutSceneLevel4"],[5,"CutSceneLevel4",25,[-5,-6,-7],[[12,-2,[12],11],[13,["Open"],-4,-3]],[14,-1],[360,640,0,0,0,0,1,1,1,1]],[6,"close",25,[-9,-10,-11],[[1,-8,[5],6]],[0,"ddATh9U9NIHolgwYIKOqAK",1],[5,810,1440],[0,151.911,0,0,0,0,1,1,1,1]],[7,"ALL",25,1,[2,-12],[0,"46IIZ/gzZDlLQHjDW5B955",1]],[2,"below",25,2,[[1,-13,[0],1]],[0,"9dRABBmitETIGWqlERzsnA",1],[5,113,282],[75.079,-303.107,0,0,0,0,1,1,1,1]],[11,"Hand",25,2,[-14],[0,"f0sGipHTRFv5ZWPHV/bbfE",1],[5,869,430],[408.116,-814.534,0,0,0,0,1,0.5,0.5,0.5]],[16,"default",0,"Open",5,[2]],[2,"upper",25,2,[[1,-15,[3],4]],[0,"59g+jTzaVNf4P7m7VmV1KZ",1],[5,126,287],[-5.328,-305.673,0,0,0,0,1,1,1,1]],[8,"open",0,25,3,[[1,-16,[7],8]],[0,"b4EkCiqA9AQZ+dpe1vflSL",1],[5,810,1440],[0,151.911,0,0,0,0,1,1,1,1]],[9,"Flash",25,1,[[15,0,-17,[9],10]],[0,"e4I4mYtY9CZbIRcJ35ztQJ",1],[4,4278190080],[5,5000,5000]],[10,"BLOCK",1,[[17,-18]],[0,"32ffkhwkFOnICwQVwZU1JQ",1],[5,10000,10000]]],0,[0,3,1,0,0,1,0,4,6,0,0,1,0,-1,3,0,-2,9,0,-3,10,0,0,2,0,-1,4,0,-2,5,0,-3,7,0,-2,8,0,0,4,0,-1,6,0,0,7,0,0,8,0,0,9,0,0,10,0,5,1,2,6,3,18],[0,0,0,0,0,0,0,0,0,0,0,0,0,6],[-1,1,-1,-1,1,-1,1,-1,1,-1,1,7,-1,8],[0,6,7,0,8,0,9,0,10,0,11,1,1,12]]]]