[1,["ecpdLyjvZBwrvm+cedCcQy","7a/QZLET9IDreTiBfRn2PD","27YhB1A2tMYJVlDFBBVUZ7","448Oa1txxFh7CVPGfwXbj3","e7xhBRnp9IQ5j0pw2E3Bqk","a00939ocZL+4I1xYyGUGGm","96ZReVcGBG5rGMmwWhLyEu","631ibyMNlCTpasW6oMvkzX","e9YD/gwlZF4Y9gVoEpisoJ","2c990B4SVKlrH9xQ5teVc9","c5Oj3TUjJExYiKxReUx8/L","dfA6BKOAZJ/arz1PQvJ8yX","788U5+wNFPS4S5MU78vSJl","d62FgfQilIA7YDaemPYIPo","a3E9yYwdJC7p4GfuSeQbxu","4d9yX25PFA/rNMSXhYh5fO","d8HsitJHxOYqo801xBk8ev","9evOO5jutJpIWUN6mJVFQO","fbRhF163VKU5ML8Y2TBIVE","6abmWb7ntI+7rSiP99y9/5","b4gOsoQbJKJ5cxW9q38iiv","959Y1ZrYVEE7OGOlePeo0F","f8v1MzEblLppBt8nCidayu","b8IXohAfNIiIPBbj9Vttdj","b4eJkBfEJA0pW8pbpa6RUz","efGBGxiTlPdpLHPzir0cuS","abAJXXg8dKlZav/Wb5AOxs","9bvaMerUlDyary99mJa6xp","81bclAxNRN26OlSC/xb7TH","26EYUdm9hNgKvMLlj2f9QB","64hW8CYxVHoaoUqRfvfRGT","c0CJDqJp5DqJyWZkIKgvTj","29Yzjo3sdK6Lna6yADnhon","424sl9cT1AC4VNDJTdSZ67","42RkIA9BNOQp9p6o3LMzIn","746rmsTD5B2aek6fcW9yjL","0aAlzUtsJNRrJtfLUHPPku","7fkDj1RNxL2bof/3pyyvmD","13t9h1V2BGKL5DQn4q+MtI","1cHXN9cxJGf6oBGstW2cbU","bfyudBpB5GcodDSepgN5hT","d0dogmN5xKpLOivNeLaFl2","31upLh6VNEsZObFvXY/QJP","dcn4I5FptFuI+7BTGXLwIi"],["node","_textureSetter","_spriteFrame","_frame","root","_parent","_renderer","_N$skeletonData","_N$file","coin_displayer","watchads_BTN","container","toPinShopBTN","changeSkinTypeBTN","toSkinShopBTN","_N$handle","_scrollView","displayer","data","_rowPrefab","_skinItemPrefab"],["cc.SpriteFrame",["cc.Node",["_name","_active","_prefab","_trs","_components","_contentSize","_parent","_children","_anchorPoint","_color"],1,4,7,9,5,1,2,5,5],["cc.Sprite",["_sizeMode","_type","_enabled","node","_materials","_spriteFrame"],0,1,3,6],["cc.Widget",["_alignFlags","_top","_left","_right","_bottom","_originalWidth","_originalHeight","alignMode","node"],-5,1],["cc.Node",["_name","_components","_prefab","_parent","_contentSize","_trs","_children","_anchorPoint"],2,2,4,1,5,7,2,5],["cc.Node",["_name","_parent","_components","_prefab","_contentSize","_trs","_children","_anchorPoint"],2,1,12,4,5,7,2,5],["cc.PrefabInfo",["fileId","root"],2,1],["cc.Layout",["_resize","_N$layoutType","_N$paddingLeft","_N$paddingRight","_N$horizontalDirection","node","_layoutSize"],-2,1,5],["cc.Button",["_N$transition","node","clickEvents"],2,1,9],["sp.Skeleton",["defaultSkin","defaultAnimation","_preCacheMode","_animationName","node","_materials","_N$skeletonData"],-1,1,3,6],["cc.Label",["_string","_isSystemFontUsed","_fontSize","node","_materials","_N$file"],0,1,3,6],["3bc78pIMrxBMpF1pnQ9sxl6",["executeInactive","node","activeStats","inactiveStats"],2,1,4,4],["cc.Prefab",["_name","optimizationPolicy"],1],["a0ce6a+WrRBA4aRzrfJaEKe",["node","toSkinShopBTN","changeSkinTypeBTN","toPinShopBTN","main_model","pin_model","container","watchads_BTN","coin_displayer","_rowPrefab","_skinItemPrefab"],3,1,1,1,1,4,4,1,1,1,6,6],["SkinShopViewModelHelper",["root","_renderer"],3,1,1],["ac315ALtiZAaIv7DzDPnY3h",["fixWidth","fixHeight","node"],1,1],["cc.BlockInputEvents",["node"],3,1],["b047d4AbchKmLptDu1oSCaf",["node","options"],3,1,9],["FScalerHelper",["duration","option"],2,4],["FScalerSingleOptions",["_data"],2],["cc.Scrollbar",["_N$direction","node","_scrollView","_N$handle"],2,1,1,1],["cc.ClickEvent",["_componentId","handler","target"],1,1],["cc.LabelOutline",["_width","node","_color"],2,1,5],["cf9a24ejnxJkqbq9/yrwupv",["node","displayer"],3,1,1],["cc.Mask",["_N$alphaThreshold","node","_materials"],2,1,3],["cc.ScrollView",["horizontal","brake","bounceDuration","_N$horizontalScrollBar","_N$verticalScrollBar","node","_N$content"],-2,1,1],["DynamicButtonHelper",["size","_frame"],3,8,6],["caa5egXpSNH04x6+qMytc7K",["duration","node","buttons"],2,1,2]],[[6,0,1,2],[21,0,1,2,3],[26,0,1,1],[2,0,3,4,5,2],[1,0,6,4,2,5,3,2],[8,1,2,1],[5,0,1,2,3,4,5,2],[2,3,4,5,1],[8,0,1,2,2],[11,1,2,3,1],[1,0,7,4,2,5,3,2],[1,0,6,7,4,2,5,3,2],[4,0,3,1,2,4,5,2],[5,0,1,6,2,3,4,5,2],[5,0,1,2,3,4,2],[14,0,1,1],[2,1,0,3,4,5,3],[18,0,1,2],[19,0,2],[3,0,2,3,1,4,5,6,8,8],[12,0,1,3],[1,0,4,2,5,3,2],[1,0,6,7,4,2,5,8,3,2],[1,0,1,6,7,4,2,9,5,8,3,3],[1,0,6,7,4,2,3,2],[1,0,6,7,2,3,2],[1,0,6,4,2,9,5,3,2],[4,0,6,1,2,2],[4,0,3,1,2,4,2],[4,0,3,1,2,4,7,5,2],[5,0,1,2,3,4,7,5,2],[13,0,1,2,3,4,5,6,7,8,9,10,1],[6,1,1],[2,1,3,4,5,2],[2,2,1,0,3,4,5,4],[2,0,3,4,2],[2,3,4,1],[2,1,0,3,4,3],[15,0,1,2,3],[16,0,1],[17,0,1,1],[3,0,3,1,8,4],[3,7,0,2,3,1,4,6,8,8],[3,0,2,8,3],[3,8,1],[3,0,2,1,8,4],[3,0,1,5,8,4],[7,0,1,2,3,4,5,6,6],[7,0,1,5,6,3],[20,0,1,2,3,2],[9,0,1,2,3,4,5,6,5],[9,0,1,2,3,4,5,5],[22,0,1,2,2],[23,0,1,1],[24,0,1,2,2],[10,0,2,1,3,4,4],[10,0,1,3,4,5,3],[25,0,1,2,3,4,5,6,6],[11,0,1,2,3,2],[27,0,1,2,2]],[[[{"name":"skinShop_button_shoes","rect":[1,0,187,190],"offset":[0,0],"originalSize":[189,190],"capInsets":[0,0,0,0]}],[0],0,[0],[1],[6]],[[{"name":"skinShop_button_pin","rect":[1,0,187,190],"offset":[0,0],"originalSize":[189,190],"capInsets":[0,0,0,0]}],[0],0,[0],[1],[7]],[[{"name":"skinShop_ads","rect":[0,0,65,69],"offset":[0,0],"originalSize":[65,69],"capInsets":[0,0,0,0]}],[0],0,[0],[1],[8]],[[{"name":"SkinShop_PopupBg_ScrollBg","rect":[0,0,19,708],"offset":[0,0],"originalSize":[19,708],"capInsets":[0,0,0,0]}],[0],0,[0],[1],[9]],[[{"name":"skinShop_icon","rect":[0,0,81,94],"offset":[0,0],"originalSize":[81,94],"capInsets":[0,0,0,0]}],[0],0,[0],[1],[10]],[[{"name":"skinShop_button_hat_1","rect":[0,0,136,137],"offset":[0,0],"originalSize":[136,137],"capInsets":[0,0,0,0]}],[0],0,[0],[1],[11]],[[{"name":"skinShop_button_hat","rect":[0,0,189,190],"offset":[0,0],"originalSize":[189,190],"capInsets":[0,0,0,0]}],[0],0,[0],[1],[12]],[[{"name":"skinShop_button_clothes","rect":[1,0,187,190],"offset":[0,0],"originalSize":[189,190],"capInsets":[0,0,0,0]}],[0],0,[0],[1],[13]],[[{"name":"skinShop_button_shoes_1","rect":[0,0,136,137],"offset":[0,0],"originalSize":[136,137],"capInsets":[0,0,0,0]}],[0],0,[0],[1],[14]],[[{"name":"SkinShop_BgBottom_Shadown","rect":[0,5,1080,174],"offset":[0,0],"originalSize":[1080,184],"capInsets":[0,0,0,0]}],[0],0,[0],[1],[15]],[[{"name":"default_panel","rect":[0,0,20,20],"offset":[0,0],"originalSize":[20,20],"capInsets":[6,6,6,6]}],[0],0,[0],[1],[16]],[[{"name":"skinShop_button_pin_1","rect":[0,0,189,190],"offset":[0,0],"originalSize":[189,190],"capInsets":[0,0,0,0]}],[0],0,[0],[1],[17]],[[{"name":"background","rect":[0,0,810,1568],"offset":[0,0],"originalSize":[810,1568],"capInsets":[0,0,0,0]}],[0],0,[0],[1],[18]],[[{"name":"skinShop_button_3","rect":[0,0,360,120],"offset":[0,0],"originalSize":[360,120],"capInsets":[0,0,0,0]}],[0],0,[0],[1],[19]],[[{"name":"SkinShop_PopupBg_Scroll","rect":[0,0,19,173],"offset":[0,0],"originalSize":[19,173],"capInsets":[0,12,0,16]}],[0],0,[0],[1],[20]],[[{"name":"skinShop_button_clothes_1","rect":[0,0,136,137],"offset":[0,0],"originalSize":[136,137],"capInsets":[0,0,0,0]}],[0],0,[0],[1],[21]],[[{"name":"coin_container","rect":[1,0,230,82],"offset":[0.5,0],"originalSize":[231,82],"capInsets":[63.5,0,92.5,0]}],[0],0,[0],[1],[22]],[[[20,"SkinPopup",1],[10,"SkinPopup",[-13,-14,-15,-16,-17,-18,-19],[[31,-12,-11,-10,-9,[15,-8,-7],[15,-6,-5],-4,-3,-2,44,45]],[32,-1],[5,720,1280],[360,640,0,0,0,0,1,1,1,1]],[27,"Tab",[-22,-23,-24],[-21],[0,"1cP+24vw5PgplD6z1sOmVD",-20]],[11,"skin_bg",1,[-28,-29,-30],[[33,1,-25,[9],10],[38,true,true,-26],[39,-27]],[0,"b6Z4cQMiRFJL3LKBpxl2Ru",1],[5,810,1568],[0,62.411,0,0,0,0,1,1,1,1]],[13,"SkinShop_OutfitTab_FooterBtnBg",1,[-33,-34,-35],[[[3,0,-31,[22],23],-32],4,1],[0,"658gzGaiZCXZ2+D6p6/6e3",1],[5,270,90],[0,-389.529,0,0,0,0,1,0.75,0.75,0]],[21,"skinShop_icon",[[7,-36,[31],32],[40,-37,[[17,0.25,[18,0.15]],[17,0.25,[18,-0.15]]]]],[0,"1278Dey4pBZpfjDMWf+j3I",1],[5,81,94],[-2.285,-62.461,0,0,0,0,1,0.7,0.7,0.7]],[22,"bg_coin",3,[-41],[[16,2,0,-38,[7],8],[41,33,24.932999999999993,85.61599999999999,-39],[47,1,1,30,80,1,-40,[5,297.22,82]]],[0,"79gIVI1X9OsIx48DjNtKZR",1],[5,297.22,82],[0,1,0.5],[380.067,667.634,0,0,0,0,1,0.75,0.75,1]],[13,"ListSkin",1,[-45],[[[34,false,1,0,-42,[12],13],-43,[19,45,26,26,539.5209999999998,290.47899999999987,667,773,-44]],4,1,4],[0,"97D/pjy15A45yqE2d0JO4V",1],[5,668,450.0000000000003],[0,-124.52099999999999,0,0,0,0,1,1,1,1]],[23,"scrollBar",false,1,[-51],[[49,1,-48,-47,-46],[42,0,37,350.07654921020657,3.0400000000000205,683.729,-53.72899999999996,237,-49],[16,1,0,-50,[25],26]],[0,"890F0IHIBJR7MCKEj5Jpg2",1],[4,4294769916],[5,12,649.9999999999999],[0,1,0.5],[356.96,-368.729,0,0,0,0,1,1,1,1]],[24,"BTNSKin",1,[2,5,-53],[[43,8,140,-52]],[0,"0dyDdhcvxE24atkuWgFhAJ",1],[-220,249.327,0,0,0,0,1,0.75,0.75,1]],[6,"BTNPinShop",1,[[[3,0,-54,[40],41],[8,3,-55,[[1,"a0ce6a+WrRBA4aRzrfJaEKe","enterShopPinBTN",1]]],-56,[44,-57]],4,4,1,4],[0,"fbeKvJmZVGS4+JQd14aRLh",1],[5,141.75,142.5],[220,249.327,0,0,0,0,1,0.75,0.75,0]],[4,"btn_back",3,[[3,0,-58,[0],1],[8,3,-59,[[1,"a0ce6a+WrRBA4aRzrfJaEKe","goBackBNM",1]]],[45,9,14.603999999999985,75.36599999999999,-60]],[0,"161BCgjrlF74AmTJJGqWcb",1],[5,100,102.5],[-340.396,657.384,0,0,0,0,1,1,1,0]],[10,"Glow",[-62],[[50,"default","animation",0,"animation",-61,[4],5]],[0,"db4LbHaupKOK0bzM0O4PNx",1],[5,512,512],[0,353.476,0,0,0,0,1,1,1,1]],[6,"label_coin",6,[[-63,[52,2,-64,[4,4278190080]],[53,-66,-65]],1,4,4],[0,"a9UNbnf/pMN5XQfsC1Q4n4",1],[5,187.22,54.4],[-173.61,-5.737,0,0,0,0,1,1,1,1]],[11,"view",7,[-69],[[54,0,-67,[11]],[19,45,-1.4210854715202004e-14,7.105427357601002e-15,25.54800000000013,14.452000000000147,240,250,-68]],[0,"c12AchUQlI35slnVXbffHC",1],[5,668,410],[0,-5.548000000000002,0,0,0,0,1,1,1,1]],[30,"content",14,[[[46,41,3,220,-70],-71],4,1],[0,"1cuowvjdNKqaeoAAzUsg5u",1],[5,668,400],[0,0.5,1],[0,202,0,0,0,0,1,1,1,1]],[14,"Hat",2,[[[3,0,-72,[27],28],-73,[5,-74,[[1,"a0ce6a+WrRBA4aRzrfJaEKe","changeShopTypeBTN",1],[1,"b047d4AbchKmLptDu1oSCaf","executeBTN",5]]]],4,1,4],[0,"4bfdzskqBNAqz13UbtmtDP",2],[5,141.75,142.5]],[6,"Clothes",2,[[[3,0,-75,[33],34],-76,[5,-77,[[1,"a0ce6a+WrRBA4aRzrfJaEKe","changeShopTypeBTN",1],[1,"b047d4AbchKmLptDu1oSCaf","executeBTN",5]]]],4,1,4],[0,"62GIg1eU9NY4wekw87MyFw",2],[5,102,102.75],[85.417,-68.903,0,0,0,0,1,1,1,1]],[14,"Shoes",2,[[[35,0,-78,[37]],-79,[5,-80,[[1,"a0ce6a+WrRBA4aRzrfJaEKe","changeShopTypeBTN",1],[1,"b047d4AbchKmLptDu1oSCaf","executeBTN",5]]]],4,1,4],[0,"bd42B1211G7amWGJKIWkQY",2],[5,141.75,142.5]],[25,"Model",3,[-81,12],[0,"92UJHovsJO+oD4ICKxzT51",1],[0,-62.411,0,0,0,0,1,1,1,1]],[12,"Main",19,[-82],[0,"a6SheEprRNVpM6CIN/Ipex",1],[5,232.94,525.48],[1.434,178.015,0,0,0,0,1,-0.75,0.75,-0.75]],[55,"00000000",33,false,13,[6]],[51,"Base","Thinking",0,"Thinking",20,[2]],[28,"SkinShop_Pin0",12,[-83],[0,"def3uwEb5GpZOinNaWh0d+",1],[5,229,47]],[36,23,[3]],[48,1,2,15,[5,668,400]],[57,false,0.75,0.23,null,null,7,15],[4,"SkinShop_BgBottom_Shadown",1,[[3,0,-84,[14],15]],[0,"0agU/tciZNIaI5oHv0Mwnn",1],[5,1554,32.5],[0,80.194,0,0,0,0,1,0.5,0.5,0.47]],[4,"skinShop_ads",4,[[7,-85,[16],17]],[0,"c7hJd1N8tFzY4b3NuEsaSU",1],[5,65,69],[-83.227,1.566,0,0,0,0,1,0.75,0.75,1]],[26,"Label",4,[[56,"+1000",false,-86,[18],19]],[0,"84flmNDVpKWL1lOa07GRUp",1],[4,4278250495],[5,119.12,50.4],[0,1.566,0,0,0,0,1,1,1,1]],[4,"skinShop_coin",4,[[7,-87,[20],21]],[0,"f7xorTNXZDsaxPc4FIFqYj",1],[5,67,70],[89.989,1.566,0,0,0,0,1,0.75,0.75,0.768]],[8,3,4,[[1,"a0ce6a+WrRBA4aRzrfJaEKe","watchAdGetCoinBTN",1]]],[29,"bar",8,[-88],[0,"1a8wFHpUtMFb9TIo6NRNm+",1],[5,10,100],[0,1,0],[-1,0,0,0,0,0,1,1,1,1]],[37,1,0,32,[24]],[9,16,[2,[5,141.75,142.5],29],[2,[5,102,102.75],30]],[9,17,[2,[5,141.75,142.5],35],[2,[5,102,102.75],36]],[9,18,[2,[5,141.75,142.5],38],[2,[5,102,102.75],39]],[59,0.4,2,[34,35,36]],[12,"TurnOnShop",9,[-89],[0,"3e/sNjT8BKqKF53WQzBa84",1],[5,204,192.7],[32.755,-22.852,0,0,0,0,1,1,1,1]],[5,38,[[1,"a0ce6a+WrRBA4aRzrfJaEKe","enterShopMainBTN",1]]],[58,false,10,[2,[5,141.75,142.5],42],[2,[5,141.75,142.5],43]]],0,[0,4,1,0,9,21,0,10,31,0,11,25,0,6,24,0,4,12,0,6,22,0,4,20,0,12,40,0,13,37,0,14,39,0,0,1,0,-1,3,0,-2,7,0,-3,27,0,-4,4,0,-5,8,0,-6,9,0,-7,10,0,4,2,0,-1,37,0,-1,16,0,-2,17,0,-3,18,0,0,3,0,0,3,0,0,3,0,-1,11,0,-2,19,0,-3,6,0,0,4,0,-2,31,0,-1,28,0,-2,29,0,-3,30,0,0,5,0,0,5,0,0,6,0,0,6,0,0,6,0,-1,13,0,0,7,0,-2,26,0,0,7,0,-1,14,0,15,33,0,16,26,0,0,8,0,0,8,0,0,8,0,-1,32,0,0,9,0,-3,38,0,0,10,0,0,10,0,-3,40,0,0,10,0,0,11,0,0,11,0,0,11,0,0,12,0,-1,23,0,-1,21,0,0,13,0,17,21,0,0,13,0,0,14,0,0,14,0,-1,15,0,0,15,0,-2,25,0,0,16,0,-2,34,0,0,16,0,0,17,0,-2,35,0,0,17,0,0,18,0,-2,36,0,0,18,0,-1,20,0,-1,22,0,-1,24,0,0,27,0,0,28,0,0,29,0,0,30,0,-1,33,0,-1,39,0,18,1,2,5,9,5,5,9,12,5,19,89],[0,0,0,0,0,0,0,0,0,0,0,0,0,0,0,0,0,0,0,0,0,0,0,0,0,0,0,0,0,0,0,0,0,0,0,0,0,0,0,0,0,0,0,0,0,0,22,24,21,33],[-1,2,-1,-1,-1,7,-1,-1,2,-1,2,-1,-1,2,-1,2,-1,2,-1,8,-1,2,-1,2,-1,-1,2,-1,2,3,3,-1,2,-1,2,3,3,-1,3,3,-1,2,3,3,19,20,7,2,8,2],[0,23,1,0,1,24,0,0,25,0,26,0,0,27,0,28,0,29,0,2,0,30,0,31,0,0,32,0,3,3,33,0,34,0,4,35,4,0,36,37,0,5,38,5,39,40,41,42,2,43]]]]