[1,["ecpdLyjvZBwrvm+cedCcQy","4fIW93T+5Nboez/i4IkCyW","27YhB1A2tMYJVlDFBBVUZ7","6fygO5fF9GAb/3xdkUCuPz","33u4qGa/hCPKOL21BJOl6a","f47Eh5sklNZby8wxCTR13x","06eZ2t25RBiZXxzjuS8VwA","f5m28QfZ1D1q9iQl09TC/J","53jGo9J9FGK4B//2Ccwx3v","64hW8CYxVHoaoUqRfvfRGT","bfE/rdRCFHaqncVzT4Zhis"],["node","_textureSetter","_spriteFrame","_frame","_N$file","root","watch_ads_label","big_coin_frame","skin","_label","_button","_dynamic","_target","light","data","_parent"],["cc.SpriteFrame",["cc.Sprite",["_sizeMode","_isTrimmedMode","node","_materials","_spriteFrame"],1,1,3,6],["cc.Node",["_name","_active","_opacity","_prefab","_contentSize","_trs","_children","_components","_parent","_anchorPoint"],0,4,5,7,2,9,1,5],["cc.Node",["_name","_components","_prefab","_contentSize","_trs","_children","_parent"],2,12,4,5,7,2,1],["cc.PrefabInfo",["fileId","root"],2,1],["cc.Label",["_string","_isSystemFontUsed","_N$horizontalAlign","_N$verticalAlign","_N$overflow","_fontSize","_lineHeight","_materials","node"],-4,3,1],["AIOLabelLanguageOption",["_key","_name","base","_target","option"],1,4,1,4],["LabelOptions",["size","height","bold","off_font"],-1],["cc.Button",["zoomScale","_N$transition","node","clickEvents","_N$target"],1,1,9,1],["cc.Prefab",["_name"],2],["cc.Node",["_name","_active","_parent","_components","_prefab","_contentSize","_trs"],1,1,2,4,5,7],["8f0ccfe+MdHc68DRxzcEXYJ",["node","light","btn_buy","skin","big_coin_frame","watch_ads_label"],3,1,1,4,1,1,1],["SkinShopItemButton",["_target","_dynamic","_button","_label"],3,1,1,1,1],["cc.Layout",["_N$layoutType","_N$paddingLeft","_N$affectedByScale","node"],0,1],["44b348RxClInoxB1/DHCu4r",["_key","node","_option"],2,1,9],["AIOLanguageOptionHelper",[],3],["cc.LabelOutline",["node","_color"],3,1,5],["cc.ClickEvent",["_componentId","handler","target"],1,1],["3bc78pIMrxBMpF1pnQ9sxl6",["executeInactive","node","activeStats","inactiveStats"],2,1,4,4],["DynamicButtonHelper",["size","_frame"],3,8,6]],[[4,0,1,2],[15,1],[6,1,0,2,3,4,3],[7,1],[3,0,6,1,2,3,4,2],[10,0,1,2,3,4,5,6,3],[17,0,1,2,3],[19,0,1,1],[9,0,2],[2,0,6,7,3,4,9,5,2],[2,0,1,2,8,7,3,4,5,4],[2,0,8,6,3,4,5,2],[3,0,5,1,2,3,4,2],[11,0,1,2,3,4,5,1],[12,0,1,2,3,1],[4,1,1],[1,0,2,3,4,2],[1,2,3,4,1],[1,0,1,2,3,3],[1,0,2,3,2],[13,0,1,2,3,4],[5,0,1,2,3,4,7,6],[5,0,5,6,1,2,3,4,8,7,8],[14,0,1,2,2],[6,0,2,3,4,2],[7,0,1,2,3,5],[16,0,1,1],[8,0,1,2,3,3],[8,0,1,2,3,4,3],[18,0,1,2,3,2]],[[[{"name":"SkinShop_Shelf_FlareItem","rect":[2,7,252,202],"offset":[1,-3.5],"originalSize":[254,209],"capInsets":[0,0,0,0]}],[0],0,[0],[1],[3]],[[{"name":"skinShop_button_1","rect":[0,0,281,110],"offset":[0,0],"originalSize":[281,110],"capInsets":[0,0,0,0]}],[0],0,[0],[1],[4]],[[{"name":"Hat0","rect":[1,24,124,88],"offset":[0.5,-5.5],"originalSize":[125,125],"capInsets":[0,0,0,0]}],[0],0,[0],[1],[5]],[[[8,"ViewShopItem"],[9,"ViewShopItem",[-11,-12],[[13,-10,-9,[14,-8,-7,-6,-5],-4,-3,-2]],[15,-1],[5,250,250],[0,0.5,0],[0,0,0,0,0,0,1,1,1,0.748]],[12,"BTN_BUY",[-17,-18,-19],[[[16,0,-13,[6],7],-14,-15,[20,1,10,true,-16]],4,1,1,4],[0,"4eMPWCyUZMsqykKS5HMfR7",1],[5,140.5,55],[0,-85.727,0,0,0,0,1,1,1,0]],[21,"Watch Video",false,1,1,2,[5]],[4,"WatchAds",2,[[3,[23,"watch_ads",-20,[[24,"watch_ads",[1],3,[3]],[2,"JA","watch_ads",[1],3,[25,23,30,true,true]],[2,"ID","watch_ads",[1],3,[3]],[2,"DE","watch_ads",[1],3,[3]]]],[26,-21,[4,4278190080]]],1,4,4],[0,"51X0R7CXFLQpp+lmz5g3mX",1],[5,117.7,37.8],[-1.3999999999999986,2.2,0,0,0,0,1,1,1,1]],[10,"LIGHT",false,185.385,1,[[17,-22,[0],1]],[0,"4fBwo7gBxBWI9mdOcxi/Ma",1],[5,252,202],[0,81.41,0,0,0,0,1,0.75,0.75,1]],[11,"SKIN",1,[-23,2],[0,"db+nNKjlpNFpEZfGpr5F43",1],[5,125,125],[0,74.727,0,0,0,0,1,1,1,0]],[4,"VIEW_MODEL",6,[[-24,[27,0.9,3,-25,[[6,"8f0ccfe+MdHc68DRxzcEXYJ","clickEquipBTN",1]]]],1,4],[0,"9d59hV9+tB0oyMq7ujAQg7",1],[5,125,125],[0,0,0,0,0,0,1,1,1,0]],[18,2,false,7,[2]],[5,"BigCoin",false,2,[-26],[0,"00eFDhnKpA0pUSSrqAgo1W",1],[5,35,35],[-42.75,2.185,0,0,0,0,1,1,1,1]],[19,0,9,[3]],[5,"label",false,2,[-27],[0,"6bzQ86h65GubEOU7NzpwoY",1],[5,81.2,37.8],[15.350000000000001,2.2,0,0,0,0,1,1,1,1]],[22,"25000000000",23,30,false,1,1,2,11,[4]],[28,0.9,3,2,[[6,"8f0ccfe+MdHc68DRxzcEXYJ","clickBuyBTN",1]],2],[29,false,2,[7,[5,140.5,55],8],[7,[5,140.5,55],9]]],0,[0,5,1,0,6,3,0,7,10,0,8,8,0,9,12,0,10,13,0,11,14,0,12,2,0,13,5,0,0,1,0,-1,5,0,-2,6,0,0,2,0,-2,13,0,-3,14,0,0,2,0,-1,9,0,-2,11,0,-3,4,0,0,4,0,0,4,0,0,5,0,-1,7,0,-1,8,0,0,7,0,-1,10,0,-1,12,0,14,1,2,15,6,3,0,4,27],[0,0,0,0,0,0,0,0,0,0,8,10,12,3],[-1,2,-1,-1,-1,-1,-1,2,3,3,2,2,4,4],[0,6,0,0,0,0,0,1,7,1,8,9,2,2]],[[{"name":"skinShop_button_2","rect":[0,0,282,111],"offset":[0,0],"originalSize":[282,111],"capInsets":[0,0,0,0]}],[0],0,[0],[1],[10]]]]