[1,["ecpdLyjvZBwrvm+cedCcQy","23xsgThudKiowBLWVtda4N","4b0f3AflxMao4Sih79otDt","5bq9N86HlMOJp+Pyl3rUSz","223YQ7KL1LK4DrjdRWy/x5","edh58ugIJAzZUulk5ZQ4Di","d5hqVpi1VEPpC6PL36FrG+","88eFbfUxhDp5e3KlDD8Cm4","27YhB1A2tMYJVlDFBBVUZ7","0cfEMli8FJxq6/yx4DMwaO","70RqoExjZEmpxuOoCStZfp","e9K5B0OpRKganRkSzRSc6M"],["_textureSetter","node","_spriteFrame","_frame","root","dyb","locker","btn","view","displayer","data","_N$file"],["cc.SpriteFrame",["cc.Node",["_name","_prefab","_children","_components","_contentSize","_trs","_parent"],2,4,2,12,5,7,1],["cc.Sprite",["_sizeMode","node","_materials","_spriteFrame"],2,1,3,6],["cc.Node",["_name","_opacity","_parent","_components","_prefab","_contentSize","_color"],1,1,9,4,5,5],["cc.PrefabInfo",["fileId","root"],2,1],["cc.Prefab",["_name"],2],["c4087zgIj1JTL3guWbyphwZ",["node","displayer","view","btn","locker","dyb"],3,1,1,1,1,1,1],["cc.LabelOutline",["_width","node","_color"],2,1,5],["cc.Label",["_string","_fontSize","_lineHeight","_isSystemFontUsed","_N$horizontalAlign","_N$verticalAlign","_N$overflow","node","_materials"],-4,1,3],["3bc78pIMrxBMpF1pnQ9sxl6",["executeInactive","node","activeStats","inactiveStats"],2,1,4,4],["DynamicButtonHelper",["size","_frame"],3,8,6],["cc.Button",["zoomScale","_N$transition","node"],1,1]],[[4,0,1,2],[2,1,2,3,1],[10,0,1,1],[5,0,2],[1,0,2,3,1,4,5,2],[1,0,6,2,1,2],[1,0,6,2,3,1,4,5,2],[1,0,6,3,1,4,5,2],[3,0,1,2,3,4,6,5,3],[3,0,2,3,4,5,2],[6,0,1,2,3,4,5,1],[4,1,1],[2,0,1,2,3,2],[2,1,2,1],[7,0,1,2,2],[8,0,1,2,3,4,5,6,7,8,8],[9,0,1,2,3,2],[11,0,1,2,3]],[[[{"name":"Room1_ui","rect":[0,0,145,146],"offset":[0,0],"originalSize":[145,146],"capInsets":[0,0,0,0]}],[0],0,[0],[0],[2]],[[{"name":"Room_RoomList_RoomNumber","rect":[0,0,93,93],"offset":[0,0],"originalSize":[93,93],"capInsets":[0,0,0,0]}],[0],0,[0],[0],[3]],[[{"name":"Room_RoomList_RoomNumberActive","rect":[0,0,93,93],"offset":[0,0],"originalSize":[93,93],"capInsets":[0,0,0,0]}],[0],0,[0],[0],[4]],[[[3,"Room_BTN"],[4,"Room1_ui",[-10,-11],[[-2,-3,[10,-9,-8,-7,-6,-5,-4]],1,1,4],[11,-1],[5,145,146],[-218.25,0,0,0,0,0,1,0.9,0.9,0]],[5,"Locker",1,[-12,-13],[0,"fc7oL8Y1FNt5qSxLFflwo4",1]],[6,"Level_Display",1,[-16],[[[12,0,-14,[5],6],-15],4,1],[0,"3cb6lkdrhBOo+COi6sR5aH",1],[5,69.75,69.75],[-60.32400000000001,-50.09899999999999,0,0,0,0,1,1,1,1]],[7,"Label",3,[[-17,[14,2,-18,[4,4278190080]]],1,4],[0,"94y6564VRBs4KaCeQLgPKa",1],[5,40,35.5],[-1.319,8.266,0,0,0,0,1,1,1,1]],[8,"Room_RoomList_RoomBox",93.585,2,[[1,-19,[0],1]],[0,"87Bj5J+A1GQbWsGxBG4iaz",1],[4,4278190080],[5,145,146]],[9,"Room_RoomList_RoomBox_LockIcon",2,[[1,-20,[2],3]],[0,"70XrjkI+JJU4JubavDK5Jf",1],[5,55,72]],[15,"01",25,25,false,1,1,2,4,[4]],[16,false,3,[2,[5,69.75,69.75],7],[2,[5,69.75,69.75],8]],[13,1,[9]],[17,0.9,3,1]],0,[0,4,1,0,-1,9,0,-2,10,0,5,8,0,6,2,0,7,10,0,8,9,0,9,7,0,1,1,0,-1,2,0,-2,3,0,-1,5,0,-2,6,0,1,3,0,-2,8,0,-1,4,0,-1,7,0,1,4,0,1,5,0,1,6,0,10,1,20],[0,0,0,0,0,0,0,0,0,0,7,9],[-1,2,-1,2,-1,-1,2,3,3,-1,11,2],[0,5,0,6,0,0,1,7,1,0,8,9]],[[{"name":"Room_RoomList_RoomBox_LockIcon","rect":[0,0,55,72],"offset":[0,0],"originalSize":[55,72],"capInsets":[0,0,0,0]}],[0],0,[0],[0],[10]],[[{"name":"Room_RoomList_RoomBox","rect":[0,0,145,146],"offset":[0,0],"originalSize":[145,146],"capInsets":[0,0,0,0]}],[0],0,[0],[0],[11]]]]