[1,0,0,[["cc.JsonAsset",["_name","json"],1]],[[0,0,1,3]],[[0,"task_1_v2",[{"data":{"EN":{"title":"Mystery Manor","task":"Go inside the mansion"},"JA":{"title":"ミステリーマナー","task":"屋敷の中へ入ってみる"},"ID":{"title":"Rumah Misteri","task":"Masuk ke dalam mansion"},"DE":{"title":"Mystery Manor","task":"Gehen Sie in die Villa"}}},{"data":{"EN":{"title":"Mystery Manor","task":"Research bedroom"},"JA":{"title":"ミステリーマナー","task":"研究室"},"ID":{"title":"Rumah Misteri","task":"Kamar tidur penelitian"},"DE":{"title":"Mystery Manor","task":"Forschungsschlafzimmer"}}},{"data":{"EN":{"title":"Mystery Manor","task":"Phantom on the manor"},"JA":{"title":"ミステリーマナー","task":"邸宅の幽霊"},"ID":{"title":"Rumah Misteri","task":"Hantu di istana"},"DE":{"title":"Mystery Manor","task":"Phantom auf dem Herrenhaus"}}},{"data":{"EN":{"title":"Mystery Manor","task":"Werewolf appear"},"JA":{"title":"ミステリーマナー","task":"人狼登場"},"ID":{"title":"Rumah Misteri","task":"Manusia Serigala muncul"},"DE":{"title":"Mystery Manor","task":"Werwolf erscheint"}}},{"data":{"EN":{"title":"Mystery Manor","task":"A new partner"},"JA":{"title":"ミステリーマナー","task":"新しいパートナー"},"ID":{"title":"Rumah Misteri","task":"Mitra baru"},"DE":{"title":"Mystery Manor","task":"Ein neuer Partner"}}}]]],0,0,[],[],[]]